[0.075s] DEBUG:colcon:Command line arguments: ['/usr/bin/colcon', 'build', '--symlink-install', '--packages-skip', 'moveit_visual_tools', 'interbotix_xsarm_moveit', 'interbotix_moveit_interface', 'interbotix_moveit_interface_msgs', 'rviz_visual_tools', 'interbotix_xsarm_control', 'interbotix_xs_rviz']
[0.075s] DEBUG:colcon:Parsed command line arguments: Namespace(log_base=None, log_level=None, verb_name='build', build_base='build', install_base='install', merge_install=False, symlink_install=True, test_result_base=None, continue_on_error=False, executor='parallel', parallel_workers=32, event_handlers=None, ignore_user_meta=False, metas=['./colcon.meta'], base_paths=['.'], packages_ignore=None, packages_ignore_regex=None, paths=None, packages_up_to=None, packages_up_to_regex=None, packages_above=None, packages_above_and_dependencies=None, packages_above_depth=None, packages_select_by_dep=None, packages_skip_by_dep=None, packages_skip_up_to=None, packages_select_build_failed=False, packages_skip_build_finished=False, packages_select_test_failures=False, packages_skip_test_passed=False, packages_select=None, packages_skip=['moveit_visual_tools', 'interbotix_xsarm_moveit', 'interbotix_moveit_interface', 'interbotix_moveit_interface_msgs', 'rviz_visual_tools', 'interbotix_xsarm_control', 'interbotix_xs_rviz'], packages_select_regex=None, packages_skip_regex=None, packages_start=None, packages_end=None, allow_overriding=[], cmake_args=None, cmake_target=None, cmake_target_skip_unavailable=False, cmake_clean_cache=False, cmake_clean_first=False, cmake_force_configure=False, ament_cmake_args=None, catkin_cmake_args=None, catkin_skip_building_tests=False, mixin_files=None, mixin=None, verb_parser=<colcon_mixin.mixin.mixin_argument.MixinArgumentDecorator object at 0x7c949f79d210>, verb_extension=<colcon_core.verb.build.BuildVerb object at 0x7c949f79cd30>, main=<bound method BuildVerb.main of <colcon_core.verb.build.BuildVerb object at 0x7c949f79cd30>>, mixin_verb=('build',))
[0.148s] Level 1:colcon.colcon_core.package_discovery:discover_packages(colcon_meta) check parameters
[0.148s] Level 1:colcon.colcon_core.package_discovery:discover_packages(recursive) check parameters
[0.148s] Level 1:colcon.colcon_core.package_discovery:discover_packages(ignore) check parameters
[0.148s] Level 1:colcon.colcon_core.package_discovery:discover_packages(path) check parameters
[0.148s] Level 1:colcon.colcon_core.package_discovery:discover_packages(colcon_meta) discover
[0.148s] Level 1:colcon.colcon_core.package_discovery:discover_packages(recursive) discover
[0.148s] INFO:colcon.colcon_core.package_discovery:Crawling recursively for packages in '/workspace/koch_control'
[0.148s] Level 1:colcon.colcon_core.package_identification:_identify(.) by extensions ['ignore', 'ignore_ament_install']
[0.148s] Level 1:colcon.colcon_core.package_identification:_identify(.) by extension 'ignore'
[0.148s] Level 1:colcon.colcon_core.package_identification:_identify(.) by extension 'ignore_ament_install'
[0.148s] Level 1:colcon.colcon_core.package_identification:_identify(.) by extensions ['colcon_pkg']
[0.148s] Level 1:colcon.colcon_core.package_identification:_identify(.) by extension 'colcon_pkg'
[0.148s] Level 1:colcon.colcon_core.package_identification:_identify(.) by extensions ['colcon_meta']
[0.148s] Level 1:colcon.colcon_core.package_identification:_identify(.) by extension 'colcon_meta'
[0.148s] Level 1:colcon.colcon_core.package_identification:_identify(.) by extensions ['ros']
[0.148s] Level 1:colcon.colcon_core.package_identification:_identify(.) by extension 'ros'
[0.164s] Level 1:colcon.colcon_core.package_identification:_identify(.) by extensions ['cmake', 'python']
[0.164s] Level 1:colcon.colcon_core.package_identification:_identify(.) by extension 'cmake'
[0.164s] Level 1:colcon.colcon_core.package_identification:_identify(.) by extension 'python'
[0.164s] Level 1:colcon.colcon_core.package_identification:_identify(.) by extensions ['python_setup_py']
[0.164s] Level 1:colcon.colcon_core.package_identification:_identify(.) by extension 'python_setup_py'
[0.164s] Level 1:colcon.colcon_core.package_identification:_identify(build) by extensions ['ignore', 'ignore_ament_install']
[0.164s] Level 1:colcon.colcon_core.package_identification:_identify(build) by extension 'ignore'
[0.164s] Level 1:colcon.colcon_core.package_identification:_identify(build) ignored
[0.164s] Level 1:colcon.colcon_core.package_identification:_identify(install) by extensions ['ignore', 'ignore_ament_install']
[0.164s] Level 1:colcon.colcon_core.package_identification:_identify(install) by extension 'ignore'
[0.164s] Level 1:colcon.colcon_core.package_identification:_identify(install) ignored
[0.164s] Level 1:colcon.colcon_core.package_identification:_identify(interbotix_ros_core) by extensions ['ignore', 'ignore_ament_install']
[0.164s] Level 1:colcon.colcon_core.package_identification:_identify(interbotix_ros_core) by extension 'ignore'
[0.164s] Level 1:colcon.colcon_core.package_identification:_identify(interbotix_ros_core) by extension 'ignore_ament_install'
[0.164s] Level 1:colcon.colcon_core.package_identification:_identify(interbotix_ros_core) by extensions ['colcon_pkg']
[0.164s] Level 1:colcon.colcon_core.package_identification:_identify(interbotix_ros_core) by extension 'colcon_pkg'
[0.164s] Level 1:colcon.colcon_core.package_identification:_identify(interbotix_ros_core) by extensions ['colcon_meta']
[0.164s] Level 1:colcon.colcon_core.package_identification:_identify(interbotix_ros_core) by extension 'colcon_meta'
[0.164s] Level 1:colcon.colcon_core.package_identification:_identify(interbotix_ros_core) by extensions ['ros']
[0.164s] Level 1:colcon.colcon_core.package_identification:_identify(interbotix_ros_core) by extension 'ros'
[0.164s] Level 1:colcon.colcon_core.package_identification:_identify(interbotix_ros_core) by extensions ['cmake', 'python']
[0.164s] Level 1:colcon.colcon_core.package_identification:_identify(interbotix_ros_core) by extension 'cmake'
[0.164s] Level 1:colcon.colcon_core.package_identification:_identify(interbotix_ros_core) by extension 'python'
[0.164s] Level 1:colcon.colcon_core.package_identification:_identify(interbotix_ros_core) by extensions ['python_setup_py']
[0.164s] Level 1:colcon.colcon_core.package_identification:_identify(interbotix_ros_core) by extension 'python_setup_py'
[0.165s] Level 1:colcon.colcon_core.package_identification:_identify(interbotix_ros_core/images) by extensions ['ignore', 'ignore_ament_install']
[0.165s] Level 1:colcon.colcon_core.package_identification:_identify(interbotix_ros_core/images) by extension 'ignore'
[0.165s] Level 1:colcon.colcon_core.package_identification:_identify(interbotix_ros_core/images) by extension 'ignore_ament_install'
[0.165s] Level 1:colcon.colcon_core.package_identification:_identify(interbotix_ros_core/images) by extensions ['colcon_pkg']
[0.165s] Level 1:colcon.colcon_core.package_identification:_identify(interbotix_ros_core/images) by extension 'colcon_pkg'
[0.165s] Level 1:colcon.colcon_core.package_identification:_identify(interbotix_ros_core/images) by extensions ['colcon_meta']
[0.165s] Level 1:colcon.colcon_core.package_identification:_identify(interbotix_ros_core/images) by extension 'colcon_meta'
[0.165s] Level 1:colcon.colcon_core.package_identification:_identify(interbotix_ros_core/images) by extensions ['ros']
[0.165s] Level 1:colcon.colcon_core.package_identification:_identify(interbotix_ros_core/images) by extension 'ros'
[0.165s] Level 1:colcon.colcon_core.package_identification:_identify(interbotix_ros_core/images) by extensions ['cmake', 'python']
[0.165s] Level 1:colcon.colcon_core.package_identification:_identify(interbotix_ros_core/images) by extension 'cmake'
[0.165s] Level 1:colcon.colcon_core.package_identification:_identify(interbotix_ros_core/images) by extension 'python'
[0.165s] Level 1:colcon.colcon_core.package_identification:_identify(interbotix_ros_core/images) by extensions ['python_setup_py']
[0.165s] Level 1:colcon.colcon_core.package_identification:_identify(interbotix_ros_core/images) by extension 'python_setup_py'
[0.165s] Level 1:colcon.colcon_core.package_identification:_identify(interbotix_ros_core/interbotix_ros_common_drivers) by extensions ['ignore', 'ignore_ament_install']
[0.165s] Level 1:colcon.colcon_core.package_identification:_identify(interbotix_ros_core/interbotix_ros_common_drivers) by extension 'ignore'
[0.165s] Level 1:colcon.colcon_core.package_identification:_identify(interbotix_ros_core/interbotix_ros_common_drivers) ignored
[0.165s] Level 1:colcon.colcon_core.package_identification:_identify(interbotix_ros_core/interbotix_ros_slate) by extensions ['ignore', 'ignore_ament_install']
[0.165s] Level 1:colcon.colcon_core.package_identification:_identify(interbotix_ros_core/interbotix_ros_slate) by extension 'ignore'
[0.165s] Level 1:colcon.colcon_core.package_identification:_identify(interbotix_ros_core/interbotix_ros_slate) ignored
[0.165s] Level 1:colcon.colcon_core.package_identification:_identify(interbotix_ros_core/interbotix_ros_xseries) by extensions ['ignore', 'ignore_ament_install']
[0.165s] Level 1:colcon.colcon_core.package_identification:_identify(interbotix_ros_core/interbotix_ros_xseries) by extension 'ignore'
[0.165s] Level 1:colcon.colcon_core.package_identification:_identify(interbotix_ros_core/interbotix_ros_xseries) by extension 'ignore_ament_install'
[0.165s] Level 1:colcon.colcon_core.package_identification:_identify(interbotix_ros_core/interbotix_ros_xseries) by extensions ['colcon_pkg']
[0.165s] Level 1:colcon.colcon_core.package_identification:_identify(interbotix_ros_core/interbotix_ros_xseries) by extension 'colcon_pkg'
[0.165s] Level 1:colcon.colcon_core.package_identification:_identify(interbotix_ros_core/interbotix_ros_xseries) by extensions ['colcon_meta']
[0.165s] Level 1:colcon.colcon_core.package_identification:_identify(interbotix_ros_core/interbotix_ros_xseries) by extension 'colcon_meta'
[0.165s] Level 1:colcon.colcon_core.package_identification:_identify(interbotix_ros_core/interbotix_ros_xseries) by extensions ['ros']
[0.165s] Level 1:colcon.colcon_core.package_identification:_identify(interbotix_ros_core/interbotix_ros_xseries) by extension 'ros'
[0.165s] Level 1:colcon.colcon_core.package_identification:_identify(interbotix_ros_core/interbotix_ros_xseries) by extensions ['cmake', 'python']
[0.165s] Level 1:colcon.colcon_core.package_identification:_identify(interbotix_ros_core/interbotix_ros_xseries) by extension 'cmake'
[0.165s] Level 1:colcon.colcon_core.package_identification:_identify(interbotix_ros_core/interbotix_ros_xseries) by extension 'python'
[0.165s] Level 1:colcon.colcon_core.package_identification:_identify(interbotix_ros_core/interbotix_ros_xseries) by extensions ['python_setup_py']
[0.165s] Level 1:colcon.colcon_core.package_identification:_identify(interbotix_ros_core/interbotix_ros_xseries) by extension 'python_setup_py'
[0.165s] Level 1:colcon.colcon_core.package_identification:_identify(interbotix_ros_core/interbotix_ros_xseries/dynamixel_workbench_toolbox) by extensions ['ignore', 'ignore_ament_install']
[0.165s] Level 1:colcon.colcon_core.package_identification:_identify(interbotix_ros_core/interbotix_ros_xseries/dynamixel_workbench_toolbox) by extension 'ignore'
[0.165s] Level 1:colcon.colcon_core.package_identification:_identify(interbotix_ros_core/interbotix_ros_xseries/dynamixel_workbench_toolbox) by extension 'ignore_ament_install'
[0.165s] Level 1:colcon.colcon_core.package_identification:_identify(interbotix_ros_core/interbotix_ros_xseries/dynamixel_workbench_toolbox) by extensions ['colcon_pkg']
[0.165s] Level 1:colcon.colcon_core.package_identification:_identify(interbotix_ros_core/interbotix_ros_xseries/dynamixel_workbench_toolbox) by extension 'colcon_pkg'
[0.165s] Level 1:colcon.colcon_core.package_identification:_identify(interbotix_ros_core/interbotix_ros_xseries/dynamixel_workbench_toolbox) by extensions ['colcon_meta']
[0.165s] Level 1:colcon.colcon_core.package_identification:_identify(interbotix_ros_core/interbotix_ros_xseries/dynamixel_workbench_toolbox) by extension 'colcon_meta'
[0.165s] Level 1:colcon.colcon_core.package_identification:_identify(interbotix_ros_core/interbotix_ros_xseries/dynamixel_workbench_toolbox) by extensions ['ros']
[0.166s] Level 1:colcon.colcon_core.package_identification:_identify(interbotix_ros_core/interbotix_ros_xseries/dynamixel_workbench_toolbox) by extension 'ros'
[0.167s] DEBUG:colcon.colcon_core.package_identification:Package 'interbotix_ros_core/interbotix_ros_xseries/dynamixel_workbench_toolbox' with type 'ros.ament_cmake' and name 'dynamixel_workbench_toolbox'
[0.167s] Level 1:colcon.colcon_core.package_identification:_identify(interbotix_ros_core/interbotix_ros_xseries/interbotix_ros_xseries) by extensions ['ignore', 'ignore_ament_install']
[0.167s] Level 1:colcon.colcon_core.package_identification:_identify(interbotix_ros_core/interbotix_ros_xseries/interbotix_ros_xseries) by extension 'ignore'
[0.167s] Level 1:colcon.colcon_core.package_identification:_identify(interbotix_ros_core/interbotix_ros_xseries/interbotix_ros_xseries) by extension 'ignore_ament_install'
[0.167s] Level 1:colcon.colcon_core.package_identification:_identify(interbotix_ros_core/interbotix_ros_xseries/interbotix_ros_xseries) by extensions ['colcon_pkg']
[0.167s] Level 1:colcon.colcon_core.package_identification:_identify(interbotix_ros_core/interbotix_ros_xseries/interbotix_ros_xseries) by extension 'colcon_pkg'
[0.167s] Level 1:colcon.colcon_core.package_identification:_identify(interbotix_ros_core/interbotix_ros_xseries/interbotix_ros_xseries) by extensions ['colcon_meta']
[0.167s] Level 1:colcon.colcon_core.package_identification:_identify(interbotix_ros_core/interbotix_ros_xseries/interbotix_ros_xseries) by extension 'colcon_meta'
[0.167s] Level 1:colcon.colcon_core.package_identification:_identify(interbotix_ros_core/interbotix_ros_xseries/interbotix_ros_xseries) by extensions ['ros']
[0.167s] Level 1:colcon.colcon_core.package_identification:_identify(interbotix_ros_core/interbotix_ros_xseries/interbotix_ros_xseries) by extension 'ros'
[0.167s] DEBUG:colcon.colcon_core.package_identification:Package 'interbotix_ros_core/interbotix_ros_xseries/interbotix_ros_xseries' with type 'ros.ament_cmake' and name 'interbotix_ros_xseries'
[0.167s] Level 1:colcon.colcon_core.package_identification:_identify(interbotix_ros_core/interbotix_ros_xseries/interbotix_xs_driver) by extensions ['ignore', 'ignore_ament_install']
[0.167s] Level 1:colcon.colcon_core.package_identification:_identify(interbotix_ros_core/interbotix_ros_xseries/interbotix_xs_driver) by extension 'ignore'
[0.167s] Level 1:colcon.colcon_core.package_identification:_identify(interbotix_ros_core/interbotix_ros_xseries/interbotix_xs_driver) by extension 'ignore_ament_install'
[0.167s] Level 1:colcon.colcon_core.package_identification:_identify(interbotix_ros_core/interbotix_ros_xseries/interbotix_xs_driver) by extensions ['colcon_pkg']
[0.167s] Level 1:colcon.colcon_core.package_identification:_identify(interbotix_ros_core/interbotix_ros_xseries/interbotix_xs_driver) by extension 'colcon_pkg'
[0.167s] Level 1:colcon.colcon_core.package_identification:_identify(interbotix_ros_core/interbotix_ros_xseries/interbotix_xs_driver) by extensions ['colcon_meta']
[0.167s] Level 1:colcon.colcon_core.package_identification:_identify(interbotix_ros_core/interbotix_ros_xseries/interbotix_xs_driver) by extension 'colcon_meta'
[0.167s] Level 1:colcon.colcon_core.package_identification:_identify(interbotix_ros_core/interbotix_ros_xseries/interbotix_xs_driver) by extensions ['ros']
[0.167s] Level 1:colcon.colcon_core.package_identification:_identify(interbotix_ros_core/interbotix_ros_xseries/interbotix_xs_driver) by extension 'ros'
[0.168s] DEBUG:colcon.colcon_core.package_identification:Package 'interbotix_ros_core/interbotix_ros_xseries/interbotix_xs_driver' with type 'ros.ament_cmake' and name 'interbotix_xs_driver'
[0.168s] Level 1:colcon.colcon_core.package_identification:_identify(interbotix_ros_core/interbotix_ros_xseries/interbotix_xs_msgs) by extensions ['ignore', 'ignore_ament_install']
[0.168s] Level 1:colcon.colcon_core.package_identification:_identify(interbotix_ros_core/interbotix_ros_xseries/interbotix_xs_msgs) by extension 'ignore'
[0.168s] Level 1:colcon.colcon_core.package_identification:_identify(interbotix_ros_core/interbotix_ros_xseries/interbotix_xs_msgs) by extension 'ignore_ament_install'
[0.168s] Level 1:colcon.colcon_core.package_identification:_identify(interbotix_ros_core/interbotix_ros_xseries/interbotix_xs_msgs) by extensions ['colcon_pkg']
[0.168s] Level 1:colcon.colcon_core.package_identification:_identify(interbotix_ros_core/interbotix_ros_xseries/interbotix_xs_msgs) by extension 'colcon_pkg'
[0.168s] Level 1:colcon.colcon_core.package_identification:_identify(interbotix_ros_core/interbotix_ros_xseries/interbotix_xs_msgs) by extensions ['colcon_meta']
[0.168s] Level 1:colcon.colcon_core.package_identification:_identify(interbotix_ros_core/interbotix_ros_xseries/interbotix_xs_msgs) by extension 'colcon_meta'
[0.168s] Level 1:colcon.colcon_core.package_identification:_identify(interbotix_ros_core/interbotix_ros_xseries/interbotix_xs_msgs) by extensions ['ros']
[0.168s] Level 1:colcon.colcon_core.package_identification:_identify(interbotix_ros_core/interbotix_ros_xseries/interbotix_xs_msgs) by extension 'ros'
[0.168s] DEBUG:colcon.colcon_core.package_identification:Package 'interbotix_ros_core/interbotix_ros_xseries/interbotix_xs_msgs' with type 'ros.ament_cmake' and name 'interbotix_xs_msgs'
[0.168s] Level 1:colcon.colcon_core.package_identification:_identify(interbotix_ros_core/interbotix_ros_xseries/interbotix_xs_sdk) by extensions ['ignore', 'ignore_ament_install']
[0.168s] Level 1:colcon.colcon_core.package_identification:_identify(interbotix_ros_core/interbotix_ros_xseries/interbotix_xs_sdk) by extension 'ignore'
[0.168s] Level 1:colcon.colcon_core.package_identification:_identify(interbotix_ros_core/interbotix_ros_xseries/interbotix_xs_sdk) by extension 'ignore_ament_install'
[0.168s] Level 1:colcon.colcon_core.package_identification:_identify(interbotix_ros_core/interbotix_ros_xseries/interbotix_xs_sdk) by extensions ['colcon_pkg']
[0.168s] Level 1:colcon.colcon_core.package_identification:_identify(interbotix_ros_core/interbotix_ros_xseries/interbotix_xs_sdk) by extension 'colcon_pkg'
[0.168s] Level 1:colcon.colcon_core.package_identification:_identify(interbotix_ros_core/interbotix_ros_xseries/interbotix_xs_sdk) by extensions ['colcon_meta']
[0.168s] Level 1:colcon.colcon_core.package_identification:_identify(interbotix_ros_core/interbotix_ros_xseries/interbotix_xs_sdk) by extension 'colcon_meta'
[0.168s] Level 1:colcon.colcon_core.package_identification:_identify(interbotix_ros_core/interbotix_ros_xseries/interbotix_xs_sdk) by extensions ['ros']
[0.168s] Level 1:colcon.colcon_core.package_identification:_identify(interbotix_ros_core/interbotix_ros_xseries/interbotix_xs_sdk) by extension 'ros'
[0.169s] DEBUG:colcon.colcon_core.package_identification:Package 'interbotix_ros_core/interbotix_ros_xseries/interbotix_xs_sdk' with type 'ros.ament_cmake' and name 'interbotix_xs_sdk'
[0.169s] Level 1:colcon.colcon_core.package_identification:_identify(interbotix_ros_manipulators) by extensions ['ignore', 'ignore_ament_install']
[0.169s] Level 1:colcon.colcon_core.package_identification:_identify(interbotix_ros_manipulators) by extension 'ignore'
[0.169s] Level 1:colcon.colcon_core.package_identification:_identify(interbotix_ros_manipulators) by extension 'ignore_ament_install'
[0.169s] Level 1:colcon.colcon_core.package_identification:_identify(interbotix_ros_manipulators) by extensions ['colcon_pkg']
[0.169s] Level 1:colcon.colcon_core.package_identification:_identify(interbotix_ros_manipulators) by extension 'colcon_pkg'
[0.169s] Level 1:colcon.colcon_core.package_identification:_identify(interbotix_ros_manipulators) by extensions ['colcon_meta']
[0.169s] Level 1:colcon.colcon_core.package_identification:_identify(interbotix_ros_manipulators) by extension 'colcon_meta'
[0.169s] Level 1:colcon.colcon_core.package_identification:_identify(interbotix_ros_manipulators) by extensions ['ros']
[0.169s] Level 1:colcon.colcon_core.package_identification:_identify(interbotix_ros_manipulators) by extension 'ros'
[0.169s] Level 1:colcon.colcon_core.package_identification:_identify(interbotix_ros_manipulators) by extensions ['cmake', 'python']
[0.169s] Level 1:colcon.colcon_core.package_identification:_identify(interbotix_ros_manipulators) by extension 'cmake'
[0.169s] Level 1:colcon.colcon_core.package_identification:_identify(interbotix_ros_manipulators) by extension 'python'
[0.169s] Level 1:colcon.colcon_core.package_identification:_identify(interbotix_ros_manipulators) by extensions ['python_setup_py']
[0.169s] Level 1:colcon.colcon_core.package_identification:_identify(interbotix_ros_manipulators) by extension 'python_setup_py'
[0.169s] Level 1:colcon.colcon_core.package_identification:_identify(interbotix_ros_manipulators/images) by extensions ['ignore', 'ignore_ament_install']
[0.169s] Level 1:colcon.colcon_core.package_identification:_identify(interbotix_ros_manipulators/images) by extension 'ignore'
[0.169s] Level 1:colcon.colcon_core.package_identification:_identify(interbotix_ros_manipulators/images) by extension 'ignore_ament_install'
[0.169s] Level 1:colcon.colcon_core.package_identification:_identify(interbotix_ros_manipulators/images) by extensions ['colcon_pkg']
[0.169s] Level 1:colcon.colcon_core.package_identification:_identify(interbotix_ros_manipulators/images) by extension 'colcon_pkg'
[0.169s] Level 1:colcon.colcon_core.package_identification:_identify(interbotix_ros_manipulators/images) by extensions ['colcon_meta']
[0.169s] Level 1:colcon.colcon_core.package_identification:_identify(interbotix_ros_manipulators/images) by extension 'colcon_meta'
[0.169s] Level 1:colcon.colcon_core.package_identification:_identify(interbotix_ros_manipulators/images) by extensions ['ros']
[0.169s] Level 1:colcon.colcon_core.package_identification:_identify(interbotix_ros_manipulators/images) by extension 'ros'
[0.169s] Level 1:colcon.colcon_core.package_identification:_identify(interbotix_ros_manipulators/images) by extensions ['cmake', 'python']
[0.169s] Level 1:colcon.colcon_core.package_identification:_identify(interbotix_ros_manipulators/images) by extension 'cmake'
[0.169s] Level 1:colcon.colcon_core.package_identification:_identify(interbotix_ros_manipulators/images) by extension 'python'
[0.169s] Level 1:colcon.colcon_core.package_identification:_identify(interbotix_ros_manipulators/images) by extensions ['python_setup_py']
[0.169s] Level 1:colcon.colcon_core.package_identification:_identify(interbotix_ros_manipulators/images) by extension 'python_setup_py'
[0.169s] Level 1:colcon.colcon_core.package_identification:_identify(interbotix_ros_manipulators/interbotix_ros_xsarms) by extensions ['ignore', 'ignore_ament_install']
[0.169s] Level 1:colcon.colcon_core.package_identification:_identify(interbotix_ros_manipulators/interbotix_ros_xsarms) by extension 'ignore'
[0.169s] Level 1:colcon.colcon_core.package_identification:_identify(interbotix_ros_manipulators/interbotix_ros_xsarms) by extension 'ignore_ament_install'
[0.169s] Level 1:colcon.colcon_core.package_identification:_identify(interbotix_ros_manipulators/interbotix_ros_xsarms) by extensions ['colcon_pkg']
[0.169s] Level 1:colcon.colcon_core.package_identification:_identify(interbotix_ros_manipulators/interbotix_ros_xsarms) by extension 'colcon_pkg'
[0.170s] Level 1:colcon.colcon_core.package_identification:_identify(interbotix_ros_manipulators/interbotix_ros_xsarms) by extensions ['colcon_meta']
[0.170s] Level 1:colcon.colcon_core.package_identification:_identify(interbotix_ros_manipulators/interbotix_ros_xsarms) by extension 'colcon_meta'
[0.170s] Level 1:colcon.colcon_core.package_identification:_identify(interbotix_ros_manipulators/interbotix_ros_xsarms) by extensions ['ros']
[0.170s] Level 1:colcon.colcon_core.package_identification:_identify(interbotix_ros_manipulators/interbotix_ros_xsarms) by extension 'ros'
[0.170s] Level 1:colcon.colcon_core.package_identification:_identify(interbotix_ros_manipulators/interbotix_ros_xsarms) by extensions ['cmake', 'python']
[0.170s] Level 1:colcon.colcon_core.package_identification:_identify(interbotix_ros_manipulators/interbotix_ros_xsarms) by extension 'cmake'
[0.170s] Level 1:colcon.colcon_core.package_identification:_identify(interbotix_ros_manipulators/interbotix_ros_xsarms) by extension 'python'
[0.170s] Level 1:colcon.colcon_core.package_identification:_identify(interbotix_ros_manipulators/interbotix_ros_xsarms) by extensions ['python_setup_py']
[0.170s] Level 1:colcon.colcon_core.package_identification:_identify(interbotix_ros_manipulators/interbotix_ros_xsarms) by extension 'python_setup_py'
[0.170s] Level 1:colcon.colcon_core.package_identification:_identify(interbotix_ros_manipulators/interbotix_ros_xsarms/examples) by extensions ['ignore', 'ignore_ament_install']
[0.170s] Level 1:colcon.colcon_core.package_identification:_identify(interbotix_ros_manipulators/interbotix_ros_xsarms/examples) by extension 'ignore'
[0.170s] Level 1:colcon.colcon_core.package_identification:_identify(interbotix_ros_manipulators/interbotix_ros_xsarms/examples) by extension 'ignore_ament_install'
[0.170s] Level 1:colcon.colcon_core.package_identification:_identify(interbotix_ros_manipulators/interbotix_ros_xsarms/examples) by extensions ['colcon_pkg']
[0.170s] Level 1:colcon.colcon_core.package_identification:_identify(interbotix_ros_manipulators/interbotix_ros_xsarms/examples) by extension 'colcon_pkg'
[0.170s] Level 1:colcon.colcon_core.package_identification:_identify(interbotix_ros_manipulators/interbotix_ros_xsarms/examples) by extensions ['colcon_meta']
[0.170s] Level 1:colcon.colcon_core.package_identification:_identify(interbotix_ros_manipulators/interbotix_ros_xsarms/examples) by extension 'colcon_meta'
[0.170s] Level 1:colcon.colcon_core.package_identification:_identify(interbotix_ros_manipulators/interbotix_ros_xsarms/examples) by extensions ['ros']
[0.170s] Level 1:colcon.colcon_core.package_identification:_identify(interbotix_ros_manipulators/interbotix_ros_xsarms/examples) by extension 'ros'
[0.170s] Level 1:colcon.colcon_core.package_identification:_identify(interbotix_ros_manipulators/interbotix_ros_xsarms/examples) by extensions ['cmake', 'python']
[0.170s] Level 1:colcon.colcon_core.package_identification:_identify(interbotix_ros_manipulators/interbotix_ros_xsarms/examples) by extension 'cmake'
[0.170s] Level 1:colcon.colcon_core.package_identification:_identify(interbotix_ros_manipulators/interbotix_ros_xsarms/examples) by extension 'python'
[0.170s] Level 1:colcon.colcon_core.package_identification:_identify(interbotix_ros_manipulators/interbotix_ros_xsarms/examples) by extensions ['python_setup_py']
[0.170s] Level 1:colcon.colcon_core.package_identification:_identify(interbotix_ros_manipulators/interbotix_ros_xsarms/examples) by extension 'python_setup_py'
[0.170s] Level 1:colcon.colcon_core.package_identification:_identify(interbotix_ros_manipulators/interbotix_ros_xsarms/examples/interbotix_ros_xsarms_examples) by extensions ['ignore', 'ignore_ament_install']
[0.170s] Level 1:colcon.colcon_core.package_identification:_identify(interbotix_ros_manipulators/interbotix_ros_xsarms/examples/interbotix_ros_xsarms_examples) by extension 'ignore'
[0.170s] Level 1:colcon.colcon_core.package_identification:_identify(interbotix_ros_manipulators/interbotix_ros_xsarms/examples/interbotix_ros_xsarms_examples) by extension 'ignore_ament_install'
[0.170s] Level 1:colcon.colcon_core.package_identification:_identify(interbotix_ros_manipulators/interbotix_ros_xsarms/examples/interbotix_ros_xsarms_examples) by extensions ['colcon_pkg']
[0.170s] Level 1:colcon.colcon_core.package_identification:_identify(interbotix_ros_manipulators/interbotix_ros_xsarms/examples/interbotix_ros_xsarms_examples) by extension 'colcon_pkg'
[0.170s] Level 1:colcon.colcon_core.package_identification:_identify(interbotix_ros_manipulators/interbotix_ros_xsarms/examples/interbotix_ros_xsarms_examples) by extensions ['colcon_meta']
[0.170s] Level 1:colcon.colcon_core.package_identification:_identify(interbotix_ros_manipulators/interbotix_ros_xsarms/examples/interbotix_ros_xsarms_examples) by extension 'colcon_meta'
[0.170s] Level 1:colcon.colcon_core.package_identification:_identify(interbotix_ros_manipulators/interbotix_ros_xsarms/examples/interbotix_ros_xsarms_examples) by extensions ['ros']
[0.170s] Level 1:colcon.colcon_core.package_identification:_identify(interbotix_ros_manipulators/interbotix_ros_xsarms/examples/interbotix_ros_xsarms_examples) by extension 'ros'
[0.170s] DEBUG:colcon.colcon_core.package_identification:Package 'interbotix_ros_manipulators/interbotix_ros_xsarms/examples/interbotix_ros_xsarms_examples' with type 'ros.ament_cmake' and name 'interbotix_ros_xsarms_examples'
[0.170s] Level 1:colcon.colcon_core.package_identification:_identify(interbotix_ros_manipulators/interbotix_ros_xsarms/examples/interbotix_xsarm_diagnostic_tool) by extensions ['ignore', 'ignore_ament_install']
[0.171s] Level 1:colcon.colcon_core.package_identification:_identify(interbotix_ros_manipulators/interbotix_ros_xsarms/examples/interbotix_xsarm_diagnostic_tool) by extension 'ignore'
[0.171s] Level 1:colcon.colcon_core.package_identification:_identify(interbotix_ros_manipulators/interbotix_ros_xsarms/examples/interbotix_xsarm_diagnostic_tool) ignored
[0.171s] Level 1:colcon.colcon_core.package_identification:_identify(interbotix_ros_manipulators/interbotix_ros_xsarms/examples/interbotix_xsarm_dual) by extensions ['ignore', 'ignore_ament_install']
[0.171s] Level 1:colcon.colcon_core.package_identification:_identify(interbotix_ros_manipulators/interbotix_ros_xsarms/examples/interbotix_xsarm_dual) by extension 'ignore'
[0.171s] Level 1:colcon.colcon_core.package_identification:_identify(interbotix_ros_manipulators/interbotix_ros_xsarms/examples/interbotix_xsarm_dual) by extension 'ignore_ament_install'
[0.171s] Level 1:colcon.colcon_core.package_identification:_identify(interbotix_ros_manipulators/interbotix_ros_xsarms/examples/interbotix_xsarm_dual) by extensions ['colcon_pkg']
[0.171s] Level 1:colcon.colcon_core.package_identification:_identify(interbotix_ros_manipulators/interbotix_ros_xsarms/examples/interbotix_xsarm_dual) by extension 'colcon_pkg'
[0.171s] Level 1:colcon.colcon_core.package_identification:_identify(interbotix_ros_manipulators/interbotix_ros_xsarms/examples/interbotix_xsarm_dual) by extensions ['colcon_meta']
[0.171s] Level 1:colcon.colcon_core.package_identification:_identify(interbotix_ros_manipulators/interbotix_ros_xsarms/examples/interbotix_xsarm_dual) by extension 'colcon_meta'
[0.171s] Level 1:colcon.colcon_core.package_identification:_identify(interbotix_ros_manipulators/interbotix_ros_xsarms/examples/interbotix_xsarm_dual) by extensions ['ros']
[0.171s] Level 1:colcon.colcon_core.package_identification:_identify(interbotix_ros_manipulators/interbotix_ros_xsarms/examples/interbotix_xsarm_dual) by extension 'ros'
[0.171s] DEBUG:colcon.colcon_core.package_identification:Package 'interbotix_ros_manipulators/interbotix_ros_xsarms/examples/interbotix_xsarm_dual' with type 'ros.ament_cmake' and name 'interbotix_xsarm_dual'
[0.171s] Level 1:colcon.colcon_core.package_identification:_identify(interbotix_ros_manipulators/interbotix_ros_xsarms/examples/interbotix_xsarm_dual_joy) by extensions ['ignore', 'ignore_ament_install']
[0.171s] Level 1:colcon.colcon_core.package_identification:_identify(interbotix_ros_manipulators/interbotix_ros_xsarms/examples/interbotix_xsarm_dual_joy) by extension 'ignore'
[0.171s] Level 1:colcon.colcon_core.package_identification:_identify(interbotix_ros_manipulators/interbotix_ros_xsarms/examples/interbotix_xsarm_dual_joy) ignored
[0.171s] Level 1:colcon.colcon_core.package_identification:_identify(interbotix_ros_manipulators/interbotix_ros_xsarms/examples/interbotix_xsarm_gravity_compensation) by extensions ['ignore', 'ignore_ament_install']
[0.171s] Level 1:colcon.colcon_core.package_identification:_identify(interbotix_ros_manipulators/interbotix_ros_xsarms/examples/interbotix_xsarm_gravity_compensation) by extension 'ignore'
[0.171s] Level 1:colcon.colcon_core.package_identification:_identify(interbotix_ros_manipulators/interbotix_ros_xsarms/examples/interbotix_xsarm_gravity_compensation) by extension 'ignore_ament_install'
[0.171s] Level 1:colcon.colcon_core.package_identification:_identify(interbotix_ros_manipulators/interbotix_ros_xsarms/examples/interbotix_xsarm_gravity_compensation) by extensions ['colcon_pkg']
[0.171s] Level 1:colcon.colcon_core.package_identification:_identify(interbotix_ros_manipulators/interbotix_ros_xsarms/examples/interbotix_xsarm_gravity_compensation) by extension 'colcon_pkg'
[0.171s] Level 1:colcon.colcon_core.package_identification:_identify(interbotix_ros_manipulators/interbotix_ros_xsarms/examples/interbotix_xsarm_gravity_compensation) by extensions ['colcon_meta']
[0.171s] Level 1:colcon.colcon_core.package_identification:_identify(interbotix_ros_manipulators/interbotix_ros_xsarms/examples/interbotix_xsarm_gravity_compensation) by extension 'colcon_meta'
[0.171s] Level 1:colcon.colcon_core.package_identification:_identify(interbotix_ros_manipulators/interbotix_ros_xsarms/examples/interbotix_xsarm_gravity_compensation) by extensions ['ros']
[0.171s] Level 1:colcon.colcon_core.package_identification:_identify(interbotix_ros_manipulators/interbotix_ros_xsarms/examples/interbotix_xsarm_gravity_compensation) by extension 'ros'
[0.172s] DEBUG:colcon.colcon_core.package_identification:Package 'interbotix_ros_manipulators/interbotix_ros_xsarms/examples/interbotix_xsarm_gravity_compensation' with type 'ros.ament_cmake' and name 'interbotix_xsarm_gravity_compensation'
[0.172s] Level 1:colcon.colcon_core.package_identification:_identify(interbotix_ros_manipulators/interbotix_ros_xsarms/examples/interbotix_xsarm_joy) by extensions ['ignore', 'ignore_ament_install']
[0.172s] Level 1:colcon.colcon_core.package_identification:_identify(interbotix_ros_manipulators/interbotix_ros_xsarms/examples/interbotix_xsarm_joy) by extension 'ignore'
[0.172s] Level 1:colcon.colcon_core.package_identification:_identify(interbotix_ros_manipulators/interbotix_ros_xsarms/examples/interbotix_xsarm_joy) by extension 'ignore_ament_install'
[0.172s] Level 1:colcon.colcon_core.package_identification:_identify(interbotix_ros_manipulators/interbotix_ros_xsarms/examples/interbotix_xsarm_joy) by extensions ['colcon_pkg']
[0.172s] Level 1:colcon.colcon_core.package_identification:_identify(interbotix_ros_manipulators/interbotix_ros_xsarms/examples/interbotix_xsarm_joy) by extension 'colcon_pkg'
[0.172s] Level 1:colcon.colcon_core.package_identification:_identify(interbotix_ros_manipulators/interbotix_ros_xsarms/examples/interbotix_xsarm_joy) by extensions ['colcon_meta']
[0.172s] Level 1:colcon.colcon_core.package_identification:_identify(interbotix_ros_manipulators/interbotix_ros_xsarms/examples/interbotix_xsarm_joy) by extension 'colcon_meta'
[0.172s] Level 1:colcon.colcon_core.package_identification:_identify(interbotix_ros_manipulators/interbotix_ros_xsarms/examples/interbotix_xsarm_joy) by extensions ['ros']
[0.172s] Level 1:colcon.colcon_core.package_identification:_identify(interbotix_ros_manipulators/interbotix_ros_xsarms/examples/interbotix_xsarm_joy) by extension 'ros'
[0.172s] DEBUG:colcon.colcon_core.package_identification:Package 'interbotix_ros_manipulators/interbotix_ros_xsarms/examples/interbotix_xsarm_joy' with type 'ros.ament_cmake' and name 'interbotix_xsarm_joy'
[0.173s] Level 1:colcon.colcon_core.package_identification:_identify(interbotix_ros_manipulators/interbotix_ros_xsarms/examples/interbotix_xsarm_moveit_interface) by extensions ['ignore', 'ignore_ament_install']
[0.173s] Level 1:colcon.colcon_core.package_identification:_identify(interbotix_ros_manipulators/interbotix_ros_xsarms/examples/interbotix_xsarm_moveit_interface) by extension 'ignore'
[0.173s] Level 1:colcon.colcon_core.package_identification:_identify(interbotix_ros_manipulators/interbotix_ros_xsarms/examples/interbotix_xsarm_moveit_interface) by extension 'ignore_ament_install'
[0.173s] Level 1:colcon.colcon_core.package_identification:_identify(interbotix_ros_manipulators/interbotix_ros_xsarms/examples/interbotix_xsarm_moveit_interface) by extensions ['colcon_pkg']
[0.173s] Level 1:colcon.colcon_core.package_identification:_identify(interbotix_ros_manipulators/interbotix_ros_xsarms/examples/interbotix_xsarm_moveit_interface) by extension 'colcon_pkg'
[0.173s] Level 1:colcon.colcon_core.package_identification:_identify(interbotix_ros_manipulators/interbotix_ros_xsarms/examples/interbotix_xsarm_moveit_interface) by extensions ['colcon_meta']
[0.173s] Level 1:colcon.colcon_core.package_identification:_identify(interbotix_ros_manipulators/interbotix_ros_xsarms/examples/interbotix_xsarm_moveit_interface) by extension 'colcon_meta'
[0.173s] Level 1:colcon.colcon_core.package_identification:_identify(interbotix_ros_manipulators/interbotix_ros_xsarms/examples/interbotix_xsarm_moveit_interface) by extensions ['ros']
[0.173s] Level 1:colcon.colcon_core.package_identification:_identify(interbotix_ros_manipulators/interbotix_ros_xsarms/examples/interbotix_xsarm_moveit_interface) by extension 'ros'
[0.173s] DEBUG:colcon.colcon_core.package_identification:Package 'interbotix_ros_manipulators/interbotix_ros_xsarms/examples/interbotix_xsarm_moveit_interface' with type 'ros.ament_cmake' and name 'interbotix_xsarm_moveit_interface'
[0.173s] Level 1:colcon.colcon_core.package_identification:_identify(interbotix_ros_manipulators/interbotix_ros_xsarms/examples/interbotix_xsarm_pid) by extensions ['ignore', 'ignore_ament_install']
[0.173s] Level 1:colcon.colcon_core.package_identification:_identify(interbotix_ros_manipulators/interbotix_ros_xsarms/examples/interbotix_xsarm_pid) by extension 'ignore'
[0.173s] Level 1:colcon.colcon_core.package_identification:_identify(interbotix_ros_manipulators/interbotix_ros_xsarms/examples/interbotix_xsarm_pid) ignored
[0.173s] Level 1:colcon.colcon_core.package_identification:_identify(interbotix_ros_manipulators/interbotix_ros_xsarms/examples/interbotix_xsarm_puppet) by extensions ['ignore', 'ignore_ament_install']
[0.173s] Level 1:colcon.colcon_core.package_identification:_identify(interbotix_ros_manipulators/interbotix_ros_xsarms/examples/interbotix_xsarm_puppet) by extension 'ignore'
[0.173s] Level 1:colcon.colcon_core.package_identification:_identify(interbotix_ros_manipulators/interbotix_ros_xsarms/examples/interbotix_xsarm_puppet) by extension 'ignore_ament_install'
[0.173s] Level 1:colcon.colcon_core.package_identification:_identify(interbotix_ros_manipulators/interbotix_ros_xsarms/examples/interbotix_xsarm_puppet) by extensions ['colcon_pkg']
[0.173s] Level 1:colcon.colcon_core.package_identification:_identify(interbotix_ros_manipulators/interbotix_ros_xsarms/examples/interbotix_xsarm_puppet) by extension 'colcon_pkg'
[0.173s] Level 1:colcon.colcon_core.package_identification:_identify(interbotix_ros_manipulators/interbotix_ros_xsarms/examples/interbotix_xsarm_puppet) by extensions ['colcon_meta']
[0.173s] Level 1:colcon.colcon_core.package_identification:_identify(interbotix_ros_manipulators/interbotix_ros_xsarms/examples/interbotix_xsarm_puppet) by extension 'colcon_meta'
[0.173s] Level 1:colcon.colcon_core.package_identification:_identify(interbotix_ros_manipulators/interbotix_ros_xsarms/examples/interbotix_xsarm_puppet) by extensions ['ros']
[0.173s] Level 1:colcon.colcon_core.package_identification:_identify(interbotix_ros_manipulators/interbotix_ros_xsarms/examples/interbotix_xsarm_puppet) by extension 'ros'
[0.174s] DEBUG:colcon.colcon_core.package_identification:Package 'interbotix_ros_manipulators/interbotix_ros_xsarms/examples/interbotix_xsarm_puppet' with type 'ros.ament_cmake' and name 'interbotix_xsarm_puppet'
[0.174s] Level 1:colcon.colcon_core.package_identification:_identify(interbotix_ros_manipulators/interbotix_ros_xsarms/images) by extensions ['ignore', 'ignore_ament_install']
[0.174s] Level 1:colcon.colcon_core.package_identification:_identify(interbotix_ros_manipulators/interbotix_ros_xsarms/images) by extension 'ignore'
[0.174s] Level 1:colcon.colcon_core.package_identification:_identify(interbotix_ros_manipulators/interbotix_ros_xsarms/images) by extension 'ignore_ament_install'
[0.174s] Level 1:colcon.colcon_core.package_identification:_identify(interbotix_ros_manipulators/interbotix_ros_xsarms/images) by extensions ['colcon_pkg']
[0.174s] Level 1:colcon.colcon_core.package_identification:_identify(interbotix_ros_manipulators/interbotix_ros_xsarms/images) by extension 'colcon_pkg'
[0.174s] Level 1:colcon.colcon_core.package_identification:_identify(interbotix_ros_manipulators/interbotix_ros_xsarms/images) by extensions ['colcon_meta']
[0.174s] Level 1:colcon.colcon_core.package_identification:_identify(interbotix_ros_manipulators/interbotix_ros_xsarms/images) by extension 'colcon_meta'
[0.174s] Level 1:colcon.colcon_core.package_identification:_identify(interbotix_ros_manipulators/interbotix_ros_xsarms/images) by extensions ['ros']
[0.174s] Level 1:colcon.colcon_core.package_identification:_identify(interbotix_ros_manipulators/interbotix_ros_xsarms/images) by extension 'ros'
[0.174s] Level 1:colcon.colcon_core.package_identification:_identify(interbotix_ros_manipulators/interbotix_ros_xsarms/images) by extensions ['cmake', 'python']
[0.174s] Level 1:colcon.colcon_core.package_identification:_identify(interbotix_ros_manipulators/interbotix_ros_xsarms/images) by extension 'cmake'
[0.174s] Level 1:colcon.colcon_core.package_identification:_identify(interbotix_ros_manipulators/interbotix_ros_xsarms/images) by extension 'python'
[0.174s] Level 1:colcon.colcon_core.package_identification:_identify(interbotix_ros_manipulators/interbotix_ros_xsarms/images) by extensions ['python_setup_py']
[0.174s] Level 1:colcon.colcon_core.package_identification:_identify(interbotix_ros_manipulators/interbotix_ros_xsarms/images) by extension 'python_setup_py'
[0.174s] Level 1:colcon.colcon_core.package_identification:_identify(interbotix_ros_manipulators/interbotix_ros_xsarms/install) by extensions ['ignore', 'ignore_ament_install']
[0.174s] Level 1:colcon.colcon_core.package_identification:_identify(interbotix_ros_manipulators/interbotix_ros_xsarms/install) by extension 'ignore'
[0.174s] Level 1:colcon.colcon_core.package_identification:_identify(interbotix_ros_manipulators/interbotix_ros_xsarms/install) by extension 'ignore_ament_install'
[0.174s] Level 1:colcon.colcon_core.package_identification:_identify(interbotix_ros_manipulators/interbotix_ros_xsarms/install) by extensions ['colcon_pkg']
[0.174s] Level 1:colcon.colcon_core.package_identification:_identify(interbotix_ros_manipulators/interbotix_ros_xsarms/install) by extension 'colcon_pkg'
[0.174s] Level 1:colcon.colcon_core.package_identification:_identify(interbotix_ros_manipulators/interbotix_ros_xsarms/install) by extensions ['colcon_meta']
[0.174s] Level 1:colcon.colcon_core.package_identification:_identify(interbotix_ros_manipulators/interbotix_ros_xsarms/install) by extension 'colcon_meta'
[0.174s] Level 1:colcon.colcon_core.package_identification:_identify(interbotix_ros_manipulators/interbotix_ros_xsarms/install) by extensions ['ros']
[0.174s] Level 1:colcon.colcon_core.package_identification:_identify(interbotix_ros_manipulators/interbotix_ros_xsarms/install) by extension 'ros'
[0.174s] Level 1:colcon.colcon_core.package_identification:_identify(interbotix_ros_manipulators/interbotix_ros_xsarms/install) by extensions ['cmake', 'python']
[0.174s] Level 1:colcon.colcon_core.package_identification:_identify(interbotix_ros_manipulators/interbotix_ros_xsarms/install) by extension 'cmake'
[0.174s] Level 1:colcon.colcon_core.package_identification:_identify(interbotix_ros_manipulators/interbotix_ros_xsarms/install) by extension 'python'
[0.174s] Level 1:colcon.colcon_core.package_identification:_identify(interbotix_ros_manipulators/interbotix_ros_xsarms/install) by extensions ['python_setup_py']
[0.174s] Level 1:colcon.colcon_core.package_identification:_identify(interbotix_ros_manipulators/interbotix_ros_xsarms/install) by extension 'python_setup_py'
[0.174s] Level 1:colcon.colcon_core.package_identification:_identify(interbotix_ros_manipulators/interbotix_ros_xsarms/install/amd64) by extensions ['ignore', 'ignore_ament_install']
[0.174s] Level 1:colcon.colcon_core.package_identification:_identify(interbotix_ros_manipulators/interbotix_ros_xsarms/install/amd64) by extension 'ignore'
[0.174s] Level 1:colcon.colcon_core.package_identification:_identify(interbotix_ros_manipulators/interbotix_ros_xsarms/install/amd64) by extension 'ignore_ament_install'
[0.174s] Level 1:colcon.colcon_core.package_identification:_identify(interbotix_ros_manipulators/interbotix_ros_xsarms/install/amd64) by extensions ['colcon_pkg']
[0.174s] Level 1:colcon.colcon_core.package_identification:_identify(interbotix_ros_manipulators/interbotix_ros_xsarms/install/amd64) by extension 'colcon_pkg'
[0.174s] Level 1:colcon.colcon_core.package_identification:_identify(interbotix_ros_manipulators/interbotix_ros_xsarms/install/amd64) by extensions ['colcon_meta']
[0.174s] Level 1:colcon.colcon_core.package_identification:_identify(interbotix_ros_manipulators/interbotix_ros_xsarms/install/amd64) by extension 'colcon_meta'
[0.174s] Level 1:colcon.colcon_core.package_identification:_identify(interbotix_ros_manipulators/interbotix_ros_xsarms/install/amd64) by extensions ['ros']
[0.174s] Level 1:colcon.colcon_core.package_identification:_identify(interbotix_ros_manipulators/interbotix_ros_xsarms/install/amd64) by extension 'ros'
[0.174s] Level 1:colcon.colcon_core.package_identification:_identify(interbotix_ros_manipulators/interbotix_ros_xsarms/install/amd64) by extensions ['cmake', 'python']
[0.175s] Level 1:colcon.colcon_core.package_identification:_identify(interbotix_ros_manipulators/interbotix_ros_xsarms/install/amd64) by extension 'cmake'
[0.175s] Level 1:colcon.colcon_core.package_identification:_identify(interbotix_ros_manipulators/interbotix_ros_xsarms/install/amd64) by extension 'python'
[0.175s] Level 1:colcon.colcon_core.package_identification:_identify(interbotix_ros_manipulators/interbotix_ros_xsarms/install/amd64) by extensions ['python_setup_py']
[0.175s] Level 1:colcon.colcon_core.package_identification:_identify(interbotix_ros_manipulators/interbotix_ros_xsarms/install/amd64) by extension 'python_setup_py'
[0.175s] Level 1:colcon.colcon_core.package_identification:_identify(interbotix_ros_manipulators/interbotix_ros_xsarms/install/rpi4) by extensions ['ignore', 'ignore_ament_install']
[0.175s] Level 1:colcon.colcon_core.package_identification:_identify(interbotix_ros_manipulators/interbotix_ros_xsarms/install/rpi4) by extension 'ignore'
[0.175s] Level 1:colcon.colcon_core.package_identification:_identify(interbotix_ros_manipulators/interbotix_ros_xsarms/install/rpi4) by extension 'ignore_ament_install'
[0.175s] Level 1:colcon.colcon_core.package_identification:_identify(interbotix_ros_manipulators/interbotix_ros_xsarms/install/rpi4) by extensions ['colcon_pkg']
[0.175s] Level 1:colcon.colcon_core.package_identification:_identify(interbotix_ros_manipulators/interbotix_ros_xsarms/install/rpi4) by extension 'colcon_pkg'
[0.175s] Level 1:colcon.colcon_core.package_identification:_identify(interbotix_ros_manipulators/interbotix_ros_xsarms/install/rpi4) by extensions ['colcon_meta']
[0.175s] Level 1:colcon.colcon_core.package_identification:_identify(interbotix_ros_manipulators/interbotix_ros_xsarms/install/rpi4) by extension 'colcon_meta'
[0.175s] Level 1:colcon.colcon_core.package_identification:_identify(interbotix_ros_manipulators/interbotix_ros_xsarms/install/rpi4) by extensions ['ros']
[0.175s] Level 1:colcon.colcon_core.package_identification:_identify(interbotix_ros_manipulators/interbotix_ros_xsarms/install/rpi4) by extension 'ros'
[0.175s] Level 1:colcon.colcon_core.package_identification:_identify(interbotix_ros_manipulators/interbotix_ros_xsarms/install/rpi4) by extensions ['cmake', 'python']
[0.175s] Level 1:colcon.colcon_core.package_identification:_identify(interbotix_ros_manipulators/interbotix_ros_xsarms/install/rpi4) by extension 'cmake'
[0.175s] Level 1:colcon.colcon_core.package_identification:_identify(interbotix_ros_manipulators/interbotix_ros_xsarms/install/rpi4) by extension 'python'
[0.175s] Level 1:colcon.colcon_core.package_identification:_identify(interbotix_ros_manipulators/interbotix_ros_xsarms/install/rpi4) by extensions ['python_setup_py']
[0.175s] Level 1:colcon.colcon_core.package_identification:_identify(interbotix_ros_manipulators/interbotix_ros_xsarms/install/rpi4) by extension 'python_setup_py'
[0.175s] Level 1:colcon.colcon_core.package_identification:_identify(interbotix_ros_manipulators/interbotix_ros_xsarms/interbotix_ros_xsarms) by extensions ['ignore', 'ignore_ament_install']
[0.175s] Level 1:colcon.colcon_core.package_identification:_identify(interbotix_ros_manipulators/interbotix_ros_xsarms/interbotix_ros_xsarms) by extension 'ignore'
[0.175s] Level 1:colcon.colcon_core.package_identification:_identify(interbotix_ros_manipulators/interbotix_ros_xsarms/interbotix_ros_xsarms) by extension 'ignore_ament_install'
[0.175s] Level 1:colcon.colcon_core.package_identification:_identify(interbotix_ros_manipulators/interbotix_ros_xsarms/interbotix_ros_xsarms) by extensions ['colcon_pkg']
[0.175s] Level 1:colcon.colcon_core.package_identification:_identify(interbotix_ros_manipulators/interbotix_ros_xsarms/interbotix_ros_xsarms) by extension 'colcon_pkg'
[0.175s] Level 1:colcon.colcon_core.package_identification:_identify(interbotix_ros_manipulators/interbotix_ros_xsarms/interbotix_ros_xsarms) by extensions ['colcon_meta']
[0.175s] Level 1:colcon.colcon_core.package_identification:_identify(interbotix_ros_manipulators/interbotix_ros_xsarms/interbotix_ros_xsarms) by extension 'colcon_meta'
[0.175s] Level 1:colcon.colcon_core.package_identification:_identify(interbotix_ros_manipulators/interbotix_ros_xsarms/interbotix_ros_xsarms) by extensions ['ros']
[0.175s] Level 1:colcon.colcon_core.package_identification:_identify(interbotix_ros_manipulators/interbotix_ros_xsarms/interbotix_ros_xsarms) by extension 'ros'
[0.175s] DEBUG:colcon.colcon_core.package_identification:Package 'interbotix_ros_manipulators/interbotix_ros_xsarms/interbotix_ros_xsarms' with type 'ros.ament_cmake' and name 'interbotix_ros_xsarms'
[0.175s] Level 1:colcon.colcon_core.package_identification:_identify(interbotix_ros_manipulators/interbotix_ros_xsarms/interbotix_xsarm_control) by extensions ['ignore', 'ignore_ament_install']
[0.176s] Level 1:colcon.colcon_core.package_identification:_identify(interbotix_ros_manipulators/interbotix_ros_xsarms/interbotix_xsarm_control) by extension 'ignore'
[0.176s] Level 1:colcon.colcon_core.package_identification:_identify(interbotix_ros_manipulators/interbotix_ros_xsarms/interbotix_xsarm_control) by extension 'ignore_ament_install'
[0.176s] Level 1:colcon.colcon_core.package_identification:_identify(interbotix_ros_manipulators/interbotix_ros_xsarms/interbotix_xsarm_control) by extensions ['colcon_pkg']
[0.176s] Level 1:colcon.colcon_core.package_identification:_identify(interbotix_ros_manipulators/interbotix_ros_xsarms/interbotix_xsarm_control) by extension 'colcon_pkg'
[0.176s] Level 1:colcon.colcon_core.package_identification:_identify(interbotix_ros_manipulators/interbotix_ros_xsarms/interbotix_xsarm_control) by extensions ['colcon_meta']
[0.176s] Level 1:colcon.colcon_core.package_identification:_identify(interbotix_ros_manipulators/interbotix_ros_xsarms/interbotix_xsarm_control) by extension 'colcon_meta'
[0.176s] Level 1:colcon.colcon_core.package_identification:_identify(interbotix_ros_manipulators/interbotix_ros_xsarms/interbotix_xsarm_control) by extensions ['ros']
[0.176s] Level 1:colcon.colcon_core.package_identification:_identify(interbotix_ros_manipulators/interbotix_ros_xsarms/interbotix_xsarm_control) by extension 'ros'
[0.176s] DEBUG:colcon.colcon_core.package_identification:Package 'interbotix_ros_manipulators/interbotix_ros_xsarms/interbotix_xsarm_control' with type 'ros.ament_cmake' and name 'interbotix_xsarm_control'
[0.176s] Level 1:colcon.colcon_core.package_identification:_identify(interbotix_ros_manipulators/interbotix_ros_xsarms/interbotix_xsarm_descriptions) by extensions ['ignore', 'ignore_ament_install']
[0.176s] Level 1:colcon.colcon_core.package_identification:_identify(interbotix_ros_manipulators/interbotix_ros_xsarms/interbotix_xsarm_descriptions) by extension 'ignore'
[0.176s] Level 1:colcon.colcon_core.package_identification:_identify(interbotix_ros_manipulators/interbotix_ros_xsarms/interbotix_xsarm_descriptions) by extension 'ignore_ament_install'
[0.176s] Level 1:colcon.colcon_core.package_identification:_identify(interbotix_ros_manipulators/interbotix_ros_xsarms/interbotix_xsarm_descriptions) by extensions ['colcon_pkg']
[0.176s] Level 1:colcon.colcon_core.package_identification:_identify(interbotix_ros_manipulators/interbotix_ros_xsarms/interbotix_xsarm_descriptions) by extension 'colcon_pkg'
[0.176s] Level 1:colcon.colcon_core.package_identification:_identify(interbotix_ros_manipulators/interbotix_ros_xsarms/interbotix_xsarm_descriptions) by extensions ['colcon_meta']
[0.176s] Level 1:colcon.colcon_core.package_identification:_identify(interbotix_ros_manipulators/interbotix_ros_xsarms/interbotix_xsarm_descriptions) by extension 'colcon_meta'
[0.176s] Level 1:colcon.colcon_core.package_identification:_identify(interbotix_ros_manipulators/interbotix_ros_xsarms/interbotix_xsarm_descriptions) by extensions ['ros']
[0.176s] Level 1:colcon.colcon_core.package_identification:_identify(interbotix_ros_manipulators/interbotix_ros_xsarms/interbotix_xsarm_descriptions) by extension 'ros'
[0.177s] DEBUG:colcon.colcon_core.package_identification:Package 'interbotix_ros_manipulators/interbotix_ros_xsarms/interbotix_xsarm_descriptions' with type 'ros.ament_cmake' and name 'interbotix_xsarm_descriptions'
[0.177s] Level 1:colcon.colcon_core.package_identification:_identify(interbotix_ros_manipulators/interbotix_ros_xsarms/interbotix_xsarm_moveit) by extensions ['ignore', 'ignore_ament_install']
[0.177s] Level 1:colcon.colcon_core.package_identification:_identify(interbotix_ros_manipulators/interbotix_ros_xsarms/interbotix_xsarm_moveit) by extension 'ignore'
[0.177s] Level 1:colcon.colcon_core.package_identification:_identify(interbotix_ros_manipulators/interbotix_ros_xsarms/interbotix_xsarm_moveit) by extension 'ignore_ament_install'
[0.177s] Level 1:colcon.colcon_core.package_identification:_identify(interbotix_ros_manipulators/interbotix_ros_xsarms/interbotix_xsarm_moveit) by extensions ['colcon_pkg']
[0.177s] Level 1:colcon.colcon_core.package_identification:_identify(interbotix_ros_manipulators/interbotix_ros_xsarms/interbotix_xsarm_moveit) by extension 'colcon_pkg'
[0.177s] Level 1:colcon.colcon_core.package_identification:_identify(interbotix_ros_manipulators/interbotix_ros_xsarms/interbotix_xsarm_moveit) by extensions ['colcon_meta']
[0.177s] Level 1:colcon.colcon_core.package_identification:_identify(interbotix_ros_manipulators/interbotix_ros_xsarms/interbotix_xsarm_moveit) by extension 'colcon_meta'
[0.177s] Level 1:colcon.colcon_core.package_identification:_identify(interbotix_ros_manipulators/interbotix_ros_xsarms/interbotix_xsarm_moveit) by extensions ['ros']
[0.177s] Level 1:colcon.colcon_core.package_identification:_identify(interbotix_ros_manipulators/interbotix_ros_xsarms/interbotix_xsarm_moveit) by extension 'ros'
[0.177s] DEBUG:colcon.colcon_core.package_identification:Package 'interbotix_ros_manipulators/interbotix_ros_xsarms/interbotix_xsarm_moveit' with type 'ros.ament_cmake' and name 'interbotix_xsarm_moveit'
[0.177s] Level 1:colcon.colcon_core.package_identification:_identify(interbotix_ros_manipulators/interbotix_ros_xsarms/interbotix_xsarm_perception) by extensions ['ignore', 'ignore_ament_install']
[0.177s] Level 1:colcon.colcon_core.package_identification:_identify(interbotix_ros_manipulators/interbotix_ros_xsarms/interbotix_xsarm_perception) by extension 'ignore'
[0.177s] Level 1:colcon.colcon_core.package_identification:_identify(interbotix_ros_manipulators/interbotix_ros_xsarms/interbotix_xsarm_perception) ignored
[0.177s] Level 1:colcon.colcon_core.package_identification:_identify(interbotix_ros_manipulators/interbotix_ros_xsarms/interbotix_xsarm_ros_control) by extensions ['ignore', 'ignore_ament_install']
[0.178s] Level 1:colcon.colcon_core.package_identification:_identify(interbotix_ros_manipulators/interbotix_ros_xsarms/interbotix_xsarm_ros_control) by extension 'ignore'
[0.178s] Level 1:colcon.colcon_core.package_identification:_identify(interbotix_ros_manipulators/interbotix_ros_xsarms/interbotix_xsarm_ros_control) by extension 'ignore_ament_install'
[0.178s] Level 1:colcon.colcon_core.package_identification:_identify(interbotix_ros_manipulators/interbotix_ros_xsarms/interbotix_xsarm_ros_control) by extensions ['colcon_pkg']
[0.178s] Level 1:colcon.colcon_core.package_identification:_identify(interbotix_ros_manipulators/interbotix_ros_xsarms/interbotix_xsarm_ros_control) by extension 'colcon_pkg'
[0.178s] Level 1:colcon.colcon_core.package_identification:_identify(interbotix_ros_manipulators/interbotix_ros_xsarms/interbotix_xsarm_ros_control) by extensions ['colcon_meta']
[0.178s] Level 1:colcon.colcon_core.package_identification:_identify(interbotix_ros_manipulators/interbotix_ros_xsarms/interbotix_xsarm_ros_control) by extension 'colcon_meta'
[0.178s] Level 1:colcon.colcon_core.package_identification:_identify(interbotix_ros_manipulators/interbotix_ros_xsarms/interbotix_xsarm_ros_control) by extensions ['ros']
[0.178s] Level 1:colcon.colcon_core.package_identification:_identify(interbotix_ros_manipulators/interbotix_ros_xsarms/interbotix_xsarm_ros_control) by extension 'ros'
[0.178s] DEBUG:colcon.colcon_core.package_identification:Package 'interbotix_ros_manipulators/interbotix_ros_xsarms/interbotix_xsarm_ros_control' with type 'ros.ament_cmake' and name 'interbotix_xsarm_ros_control'
[0.178s] Level 1:colcon.colcon_core.package_identification:_identify(interbotix_ros_manipulators/interbotix_ros_xsarms/interbotix_xsarm_sim) by extensions ['ignore', 'ignore_ament_install']
[0.178s] Level 1:colcon.colcon_core.package_identification:_identify(interbotix_ros_manipulators/interbotix_ros_xsarms/interbotix_xsarm_sim) by extension 'ignore'
[0.178s] Level 1:colcon.colcon_core.package_identification:_identify(interbotix_ros_manipulators/interbotix_ros_xsarms/interbotix_xsarm_sim) by extension 'ignore_ament_install'
[0.178s] Level 1:colcon.colcon_core.package_identification:_identify(interbotix_ros_manipulators/interbotix_ros_xsarms/interbotix_xsarm_sim) by extensions ['colcon_pkg']
[0.178s] Level 1:colcon.colcon_core.package_identification:_identify(interbotix_ros_manipulators/interbotix_ros_xsarms/interbotix_xsarm_sim) by extension 'colcon_pkg'
[0.178s] Level 1:colcon.colcon_core.package_identification:_identify(interbotix_ros_manipulators/interbotix_ros_xsarms/interbotix_xsarm_sim) by extensions ['colcon_meta']
[0.178s] Level 1:colcon.colcon_core.package_identification:_identify(interbotix_ros_manipulators/interbotix_ros_xsarms/interbotix_xsarm_sim) by extension 'colcon_meta'
[0.178s] Level 1:colcon.colcon_core.package_identification:_identify(interbotix_ros_manipulators/interbotix_ros_xsarms/interbotix_xsarm_sim) by extensions ['ros']
[0.178s] Level 1:colcon.colcon_core.package_identification:_identify(interbotix_ros_manipulators/interbotix_ros_xsarms/interbotix_xsarm_sim) by extension 'ros'
[0.178s] DEBUG:colcon.colcon_core.package_identification:Package 'interbotix_ros_manipulators/interbotix_ros_xsarms/interbotix_xsarm_sim' with type 'ros.ament_cmake' and name 'interbotix_xsarm_sim'
[0.179s] Level 1:colcon.colcon_core.package_identification:_identify(interbotix_ros_toolboxes) by extensions ['ignore', 'ignore_ament_install']
[0.179s] Level 1:colcon.colcon_core.package_identification:_identify(interbotix_ros_toolboxes) by extension 'ignore'
[0.179s] Level 1:colcon.colcon_core.package_identification:_identify(interbotix_ros_toolboxes) by extension 'ignore_ament_install'
[0.179s] Level 1:colcon.colcon_core.package_identification:_identify(interbotix_ros_toolboxes) by extensions ['colcon_pkg']
[0.179s] Level 1:colcon.colcon_core.package_identification:_identify(interbotix_ros_toolboxes) by extension 'colcon_pkg'
[0.179s] Level 1:colcon.colcon_core.package_identification:_identify(interbotix_ros_toolboxes) by extensions ['colcon_meta']
[0.179s] Level 1:colcon.colcon_core.package_identification:_identify(interbotix_ros_toolboxes) by extension 'colcon_meta'
[0.179s] Level 1:colcon.colcon_core.package_identification:_identify(interbotix_ros_toolboxes) by extensions ['ros']
[0.179s] Level 1:colcon.colcon_core.package_identification:_identify(interbotix_ros_toolboxes) by extension 'ros'
[0.179s] Level 1:colcon.colcon_core.package_identification:_identify(interbotix_ros_toolboxes) by extensions ['cmake', 'python']
[0.179s] Level 1:colcon.colcon_core.package_identification:_identify(interbotix_ros_toolboxes) by extension 'cmake'
[0.179s] Level 1:colcon.colcon_core.package_identification:_identify(interbotix_ros_toolboxes) by extension 'python'
[0.179s] Level 1:colcon.colcon_core.package_identification:_identify(interbotix_ros_toolboxes) by extensions ['python_setup_py']
[0.179s] Level 1:colcon.colcon_core.package_identification:_identify(interbotix_ros_toolboxes) by extension 'python_setup_py'
[0.179s] Level 1:colcon.colcon_core.package_identification:_identify(interbotix_ros_toolboxes/images) by extensions ['ignore', 'ignore_ament_install']
[0.179s] Level 1:colcon.colcon_core.package_identification:_identify(interbotix_ros_toolboxes/images) by extension 'ignore'
[0.179s] Level 1:colcon.colcon_core.package_identification:_identify(interbotix_ros_toolboxes/images) by extension 'ignore_ament_install'
[0.179s] Level 1:colcon.colcon_core.package_identification:_identify(interbotix_ros_toolboxes/images) by extensions ['colcon_pkg']
[0.179s] Level 1:colcon.colcon_core.package_identification:_identify(interbotix_ros_toolboxes/images) by extension 'colcon_pkg'
[0.179s] Level 1:colcon.colcon_core.package_identification:_identify(interbotix_ros_toolboxes/images) by extensions ['colcon_meta']
[0.179s] Level 1:colcon.colcon_core.package_identification:_identify(interbotix_ros_toolboxes/images) by extension 'colcon_meta'
[0.179s] Level 1:colcon.colcon_core.package_identification:_identify(interbotix_ros_toolboxes/images) by extensions ['ros']
[0.179s] Level 1:colcon.colcon_core.package_identification:_identify(interbotix_ros_toolboxes/images) by extension 'ros'
[0.179s] Level 1:colcon.colcon_core.package_identification:_identify(interbotix_ros_toolboxes/images) by extensions ['cmake', 'python']
[0.179s] Level 1:colcon.colcon_core.package_identification:_identify(interbotix_ros_toolboxes/images) by extension 'cmake'
[0.179s] Level 1:colcon.colcon_core.package_identification:_identify(interbotix_ros_toolboxes/images) by extension 'python'
[0.179s] Level 1:colcon.colcon_core.package_identification:_identify(interbotix_ros_toolboxes/images) by extensions ['python_setup_py']
[0.179s] Level 1:colcon.colcon_core.package_identification:_identify(interbotix_ros_toolboxes/images) by extension 'python_setup_py'
[0.179s] Level 1:colcon.colcon_core.package_identification:_identify(interbotix_ros_toolboxes/interbotix_common_toolbox) by extensions ['ignore', 'ignore_ament_install']
[0.179s] Level 1:colcon.colcon_core.package_identification:_identify(interbotix_ros_toolboxes/interbotix_common_toolbox) by extension 'ignore'
[0.179s] Level 1:colcon.colcon_core.package_identification:_identify(interbotix_ros_toolboxes/interbotix_common_toolbox) by extension 'ignore_ament_install'
[0.179s] Level 1:colcon.colcon_core.package_identification:_identify(interbotix_ros_toolboxes/interbotix_common_toolbox) by extensions ['colcon_pkg']
[0.179s] Level 1:colcon.colcon_core.package_identification:_identify(interbotix_ros_toolboxes/interbotix_common_toolbox) by extension 'colcon_pkg'
[0.179s] Level 1:colcon.colcon_core.package_identification:_identify(interbotix_ros_toolboxes/interbotix_common_toolbox) by extensions ['colcon_meta']
[0.179s] Level 1:colcon.colcon_core.package_identification:_identify(interbotix_ros_toolboxes/interbotix_common_toolbox) by extension 'colcon_meta'
[0.179s] Level 1:colcon.colcon_core.package_identification:_identify(interbotix_ros_toolboxes/interbotix_common_toolbox) by extensions ['ros']
[0.179s] Level 1:colcon.colcon_core.package_identification:_identify(interbotix_ros_toolboxes/interbotix_common_toolbox) by extension 'ros'
[0.179s] Level 1:colcon.colcon_core.package_identification:_identify(interbotix_ros_toolboxes/interbotix_common_toolbox) by extensions ['cmake', 'python']
[0.179s] Level 1:colcon.colcon_core.package_identification:_identify(interbotix_ros_toolboxes/interbotix_common_toolbox) by extension 'cmake'
[0.179s] Level 1:colcon.colcon_core.package_identification:_identify(interbotix_ros_toolboxes/interbotix_common_toolbox) by extension 'python'
[0.179s] Level 1:colcon.colcon_core.package_identification:_identify(interbotix_ros_toolboxes/interbotix_common_toolbox) by extensions ['python_setup_py']
[0.179s] Level 1:colcon.colcon_core.package_identification:_identify(interbotix_ros_toolboxes/interbotix_common_toolbox) by extension 'python_setup_py'
[0.179s] Level 1:colcon.colcon_core.package_identification:_identify(interbotix_ros_toolboxes/interbotix_common_toolbox/interbotix_common_modules) by extensions ['ignore', 'ignore_ament_install']
[0.179s] Level 1:colcon.colcon_core.package_identification:_identify(interbotix_ros_toolboxes/interbotix_common_toolbox/interbotix_common_modules) by extension 'ignore'
[0.179s] Level 1:colcon.colcon_core.package_identification:_identify(interbotix_ros_toolboxes/interbotix_common_toolbox/interbotix_common_modules) by extension 'ignore_ament_install'
[0.179s] Level 1:colcon.colcon_core.package_identification:_identify(interbotix_ros_toolboxes/interbotix_common_toolbox/interbotix_common_modules) by extensions ['colcon_pkg']
[0.179s] Level 1:colcon.colcon_core.package_identification:_identify(interbotix_ros_toolboxes/interbotix_common_toolbox/interbotix_common_modules) by extension 'colcon_pkg'
[0.179s] Level 1:colcon.colcon_core.package_identification:_identify(interbotix_ros_toolboxes/interbotix_common_toolbox/interbotix_common_modules) by extensions ['colcon_meta']
[0.179s] Level 1:colcon.colcon_core.package_identification:_identify(interbotix_ros_toolboxes/interbotix_common_toolbox/interbotix_common_modules) by extension 'colcon_meta'
[0.179s] Level 1:colcon.colcon_core.package_identification:_identify(interbotix_ros_toolboxes/interbotix_common_toolbox/interbotix_common_modules) by extensions ['ros']
[0.179s] Level 1:colcon.colcon_core.package_identification:_identify(interbotix_ros_toolboxes/interbotix_common_toolbox/interbotix_common_modules) by extension 'ros'
[0.180s] DEBUG:colcon.colcon_core.package_identification:Package 'interbotix_ros_toolboxes/interbotix_common_toolbox/interbotix_common_modules' with type 'ros.ament_python' and name 'interbotix_common_modules'
[0.180s] Level 1:colcon.colcon_core.package_identification:_identify(interbotix_ros_toolboxes/interbotix_common_toolbox/interbotix_common_sim) by extensions ['ignore', 'ignore_ament_install']
[0.180s] Level 1:colcon.colcon_core.package_identification:_identify(interbotix_ros_toolboxes/interbotix_common_toolbox/interbotix_common_sim) by extension 'ignore'
[0.180s] Level 1:colcon.colcon_core.package_identification:_identify(interbotix_ros_toolboxes/interbotix_common_toolbox/interbotix_common_sim) by extension 'ignore_ament_install'
[0.180s] Level 1:colcon.colcon_core.package_identification:_identify(interbotix_ros_toolboxes/interbotix_common_toolbox/interbotix_common_sim) by extensions ['colcon_pkg']
[0.180s] Level 1:colcon.colcon_core.package_identification:_identify(interbotix_ros_toolboxes/interbotix_common_toolbox/interbotix_common_sim) by extension 'colcon_pkg'
[0.180s] Level 1:colcon.colcon_core.package_identification:_identify(interbotix_ros_toolboxes/interbotix_common_toolbox/interbotix_common_sim) by extensions ['colcon_meta']
[0.180s] Level 1:colcon.colcon_core.package_identification:_identify(interbotix_ros_toolboxes/interbotix_common_toolbox/interbotix_common_sim) by extension 'colcon_meta'
[0.180s] Level 1:colcon.colcon_core.package_identification:_identify(interbotix_ros_toolboxes/interbotix_common_toolbox/interbotix_common_sim) by extensions ['ros']
[0.180s] Level 1:colcon.colcon_core.package_identification:_identify(interbotix_ros_toolboxes/interbotix_common_toolbox/interbotix_common_sim) by extension 'ros'
[0.180s] DEBUG:colcon.colcon_core.package_identification:Package 'interbotix_ros_toolboxes/interbotix_common_toolbox/interbotix_common_sim' with type 'ros.ament_cmake' and name 'interbotix_common_sim'
[0.180s] Level 1:colcon.colcon_core.package_identification:_identify(interbotix_ros_toolboxes/interbotix_common_toolbox/interbotix_common_toolbox) by extensions ['ignore', 'ignore_ament_install']
[0.180s] Level 1:colcon.colcon_core.package_identification:_identify(interbotix_ros_toolboxes/interbotix_common_toolbox/interbotix_common_toolbox) by extension 'ignore'
[0.180s] Level 1:colcon.colcon_core.package_identification:_identify(interbotix_ros_toolboxes/interbotix_common_toolbox/interbotix_common_toolbox) by extension 'ignore_ament_install'
[0.180s] Level 1:colcon.colcon_core.package_identification:_identify(interbotix_ros_toolboxes/interbotix_common_toolbox/interbotix_common_toolbox) by extensions ['colcon_pkg']
[0.180s] Level 1:colcon.colcon_core.package_identification:_identify(interbotix_ros_toolboxes/interbotix_common_toolbox/interbotix_common_toolbox) by extension 'colcon_pkg'
[0.180s] Level 1:colcon.colcon_core.package_identification:_identify(interbotix_ros_toolboxes/interbotix_common_toolbox/interbotix_common_toolbox) by extensions ['colcon_meta']
[0.180s] Level 1:colcon.colcon_core.package_identification:_identify(interbotix_ros_toolboxes/interbotix_common_toolbox/interbotix_common_toolbox) by extension 'colcon_meta'
[0.180s] Level 1:colcon.colcon_core.package_identification:_identify(interbotix_ros_toolboxes/interbotix_common_toolbox/interbotix_common_toolbox) by extensions ['ros']
[0.180s] Level 1:colcon.colcon_core.package_identification:_identify(interbotix_ros_toolboxes/interbotix_common_toolbox/interbotix_common_toolbox) by extension 'ros'
[0.181s] DEBUG:colcon.colcon_core.package_identification:Package 'interbotix_ros_toolboxes/interbotix_common_toolbox/interbotix_common_toolbox' with type 'ros.ament_cmake' and name 'interbotix_common_toolbox'
[0.181s] Level 1:colcon.colcon_core.package_identification:_identify(interbotix_ros_toolboxes/interbotix_common_toolbox/interbotix_gravity_compensation) by extensions ['ignore', 'ignore_ament_install']
[0.181s] Level 1:colcon.colcon_core.package_identification:_identify(interbotix_ros_toolboxes/interbotix_common_toolbox/interbotix_gravity_compensation) by extension 'ignore'
[0.181s] Level 1:colcon.colcon_core.package_identification:_identify(interbotix_ros_toolboxes/interbotix_common_toolbox/interbotix_gravity_compensation) by extension 'ignore_ament_install'
[0.181s] Level 1:colcon.colcon_core.package_identification:_identify(interbotix_ros_toolboxes/interbotix_common_toolbox/interbotix_gravity_compensation) by extensions ['colcon_pkg']
[0.181s] Level 1:colcon.colcon_core.package_identification:_identify(interbotix_ros_toolboxes/interbotix_common_toolbox/interbotix_gravity_compensation) by extension 'colcon_pkg'
[0.181s] Level 1:colcon.colcon_core.package_identification:_identify(interbotix_ros_toolboxes/interbotix_common_toolbox/interbotix_gravity_compensation) by extensions ['colcon_meta']
[0.181s] Level 1:colcon.colcon_core.package_identification:_identify(interbotix_ros_toolboxes/interbotix_common_toolbox/interbotix_gravity_compensation) by extension 'colcon_meta'
[0.181s] Level 1:colcon.colcon_core.package_identification:_identify(interbotix_ros_toolboxes/interbotix_common_toolbox/interbotix_gravity_compensation) by extensions ['ros']
[0.181s] Level 1:colcon.colcon_core.package_identification:_identify(interbotix_ros_toolboxes/interbotix_common_toolbox/interbotix_gravity_compensation) by extension 'ros'
[0.181s] DEBUG:colcon.colcon_core.package_identification:Package 'interbotix_ros_toolboxes/interbotix_common_toolbox/interbotix_gravity_compensation' with type 'ros.ament_cmake' and name 'interbotix_gravity_compensation'
[0.181s] Level 1:colcon.colcon_core.package_identification:_identify(interbotix_ros_toolboxes/interbotix_common_toolbox/interbotix_landmark_modules) by extensions ['ignore', 'ignore_ament_install']
[0.181s] Level 1:colcon.colcon_core.package_identification:_identify(interbotix_ros_toolboxes/interbotix_common_toolbox/interbotix_landmark_modules) by extension 'ignore'
[0.181s] Level 1:colcon.colcon_core.package_identification:_identify(interbotix_ros_toolboxes/interbotix_common_toolbox/interbotix_landmark_modules) ignored
[0.181s] Level 1:colcon.colcon_core.package_identification:_identify(interbotix_ros_toolboxes/interbotix_common_toolbox/interbotix_moveit_interface) by extensions ['ignore', 'ignore_ament_install']
[0.181s] Level 1:colcon.colcon_core.package_identification:_identify(interbotix_ros_toolboxes/interbotix_common_toolbox/interbotix_moveit_interface) by extension 'ignore'
[0.181s] Level 1:colcon.colcon_core.package_identification:_identify(interbotix_ros_toolboxes/interbotix_common_toolbox/interbotix_moveit_interface) by extension 'ignore_ament_install'
[0.181s] Level 1:colcon.colcon_core.package_identification:_identify(interbotix_ros_toolboxes/interbotix_common_toolbox/interbotix_moveit_interface) by extensions ['colcon_pkg']
[0.181s] Level 1:colcon.colcon_core.package_identification:_identify(interbotix_ros_toolboxes/interbotix_common_toolbox/interbotix_moveit_interface) by extension 'colcon_pkg'
[0.181s] Level 1:colcon.colcon_core.package_identification:_identify(interbotix_ros_toolboxes/interbotix_common_toolbox/interbotix_moveit_interface) by extensions ['colcon_meta']
[0.181s] Level 1:colcon.colcon_core.package_identification:_identify(interbotix_ros_toolboxes/interbotix_common_toolbox/interbotix_moveit_interface) by extension 'colcon_meta'
[0.181s] Level 1:colcon.colcon_core.package_identification:_identify(interbotix_ros_toolboxes/interbotix_common_toolbox/interbotix_moveit_interface) by extensions ['ros']
[0.181s] Level 1:colcon.colcon_core.package_identification:_identify(interbotix_ros_toolboxes/interbotix_common_toolbox/interbotix_moveit_interface) by extension 'ros'
[0.182s] DEBUG:colcon.colcon_core.package_identification:Package 'interbotix_ros_toolboxes/interbotix_common_toolbox/interbotix_moveit_interface' with type 'ros.ament_cmake' and name 'interbotix_moveit_interface'
[0.182s] Level 1:colcon.colcon_core.package_identification:_identify(interbotix_ros_toolboxes/interbotix_common_toolbox/interbotix_moveit_interface_msgs) by extensions ['ignore', 'ignore_ament_install']
[0.182s] Level 1:colcon.colcon_core.package_identification:_identify(interbotix_ros_toolboxes/interbotix_common_toolbox/interbotix_moveit_interface_msgs) by extension 'ignore'
[0.182s] Level 1:colcon.colcon_core.package_identification:_identify(interbotix_ros_toolboxes/interbotix_common_toolbox/interbotix_moveit_interface_msgs) by extension 'ignore_ament_install'
[0.182s] Level 1:colcon.colcon_core.package_identification:_identify(interbotix_ros_toolboxes/interbotix_common_toolbox/interbotix_moveit_interface_msgs) by extensions ['colcon_pkg']
[0.182s] Level 1:colcon.colcon_core.package_identification:_identify(interbotix_ros_toolboxes/interbotix_common_toolbox/interbotix_moveit_interface_msgs) by extension 'colcon_pkg'
[0.182s] Level 1:colcon.colcon_core.package_identification:_identify(interbotix_ros_toolboxes/interbotix_common_toolbox/interbotix_moveit_interface_msgs) by extensions ['colcon_meta']
[0.182s] Level 1:colcon.colcon_core.package_identification:_identify(interbotix_ros_toolboxes/interbotix_common_toolbox/interbotix_moveit_interface_msgs) by extension 'colcon_meta'
[0.182s] Level 1:colcon.colcon_core.package_identification:_identify(interbotix_ros_toolboxes/interbotix_common_toolbox/interbotix_moveit_interface_msgs) by extensions ['ros']
[0.182s] Level 1:colcon.colcon_core.package_identification:_identify(interbotix_ros_toolboxes/interbotix_common_toolbox/interbotix_moveit_interface_msgs) by extension 'ros'
[0.182s] DEBUG:colcon.colcon_core.package_identification:Package 'interbotix_ros_toolboxes/interbotix_common_toolbox/interbotix_moveit_interface_msgs' with type 'ros.ament_cmake' and name 'interbotix_moveit_interface_msgs'
[0.183s] Level 1:colcon.colcon_core.package_identification:_identify(interbotix_ros_toolboxes/interbotix_common_toolbox/interbotix_tf_tools) by extensions ['ignore', 'ignore_ament_install']
[0.183s] Level 1:colcon.colcon_core.package_identification:_identify(interbotix_ros_toolboxes/interbotix_common_toolbox/interbotix_tf_tools) by extension 'ignore'
[0.183s] Level 1:colcon.colcon_core.package_identification:_identify(interbotix_ros_toolboxes/interbotix_common_toolbox/interbotix_tf_tools) by extension 'ignore_ament_install'
[0.183s] Level 1:colcon.colcon_core.package_identification:_identify(interbotix_ros_toolboxes/interbotix_common_toolbox/interbotix_tf_tools) by extensions ['colcon_pkg']
[0.183s] Level 1:colcon.colcon_core.package_identification:_identify(interbotix_ros_toolboxes/interbotix_common_toolbox/interbotix_tf_tools) by extension 'colcon_pkg'
[0.183s] Level 1:colcon.colcon_core.package_identification:_identify(interbotix_ros_toolboxes/interbotix_common_toolbox/interbotix_tf_tools) by extensions ['colcon_meta']
[0.183s] Level 1:colcon.colcon_core.package_identification:_identify(interbotix_ros_toolboxes/interbotix_common_toolbox/interbotix_tf_tools) by extension 'colcon_meta'
[0.183s] Level 1:colcon.colcon_core.package_identification:_identify(interbotix_ros_toolboxes/interbotix_common_toolbox/interbotix_tf_tools) by extensions ['ros']
[0.183s] Level 1:colcon.colcon_core.package_identification:_identify(interbotix_ros_toolboxes/interbotix_common_toolbox/interbotix_tf_tools) by extension 'ros'
[0.183s] DEBUG:colcon.colcon_core.package_identification:Package 'interbotix_ros_toolboxes/interbotix_common_toolbox/interbotix_tf_tools' with type 'ros.ament_cmake' and name 'interbotix_tf_tools'
[0.183s] Level 1:colcon.colcon_core.package_identification:_identify(interbotix_ros_toolboxes/interbotix_io_toolbox) by extensions ['ignore', 'ignore_ament_install']
[0.183s] Level 1:colcon.colcon_core.package_identification:_identify(interbotix_ros_toolboxes/interbotix_io_toolbox) by extension 'ignore'
[0.183s] Level 1:colcon.colcon_core.package_identification:_identify(interbotix_ros_toolboxes/interbotix_io_toolbox) ignored
[0.183s] Level 1:colcon.colcon_core.package_identification:_identify(interbotix_ros_toolboxes/interbotix_perception_toolbox) by extensions ['ignore', 'ignore_ament_install']
[0.183s] Level 1:colcon.colcon_core.package_identification:_identify(interbotix_ros_toolboxes/interbotix_perception_toolbox) by extension 'ignore'
[0.183s] Level 1:colcon.colcon_core.package_identification:_identify(interbotix_ros_toolboxes/interbotix_perception_toolbox) ignored
[0.183s] Level 1:colcon.colcon_core.package_identification:_identify(interbotix_ros_toolboxes/interbotix_rpi_toolbox) by extensions ['ignore', 'ignore_ament_install']
[0.184s] Level 1:colcon.colcon_core.package_identification:_identify(interbotix_ros_toolboxes/interbotix_rpi_toolbox) by extension 'ignore'
[0.184s] Level 1:colcon.colcon_core.package_identification:_identify(interbotix_ros_toolboxes/interbotix_rpi_toolbox) ignored
[0.184s] Level 1:colcon.colcon_core.package_identification:_identify(interbotix_ros_toolboxes/interbotix_xs_toolbox) by extensions ['ignore', 'ignore_ament_install']
[0.184s] Level 1:colcon.colcon_core.package_identification:_identify(interbotix_ros_toolboxes/interbotix_xs_toolbox) by extension 'ignore'
[0.184s] Level 1:colcon.colcon_core.package_identification:_identify(interbotix_ros_toolboxes/interbotix_xs_toolbox) by extension 'ignore_ament_install'
[0.184s] Level 1:colcon.colcon_core.package_identification:_identify(interbotix_ros_toolboxes/interbotix_xs_toolbox) by extensions ['colcon_pkg']
[0.184s] Level 1:colcon.colcon_core.package_identification:_identify(interbotix_ros_toolboxes/interbotix_xs_toolbox) by extension 'colcon_pkg'
[0.184s] Level 1:colcon.colcon_core.package_identification:_identify(interbotix_ros_toolboxes/interbotix_xs_toolbox) by extensions ['colcon_meta']
[0.184s] Level 1:colcon.colcon_core.package_identification:_identify(interbotix_ros_toolboxes/interbotix_xs_toolbox) by extension 'colcon_meta'
[0.184s] Level 1:colcon.colcon_core.package_identification:_identify(interbotix_ros_toolboxes/interbotix_xs_toolbox) by extensions ['ros']
[0.184s] Level 1:colcon.colcon_core.package_identification:_identify(interbotix_ros_toolboxes/interbotix_xs_toolbox) by extension 'ros'
[0.184s] Level 1:colcon.colcon_core.package_identification:_identify(interbotix_ros_toolboxes/interbotix_xs_toolbox) by extensions ['cmake', 'python']
[0.184s] Level 1:colcon.colcon_core.package_identification:_identify(interbotix_ros_toolboxes/interbotix_xs_toolbox) by extension 'cmake'
[0.184s] Level 1:colcon.colcon_core.package_identification:_identify(interbotix_ros_toolboxes/interbotix_xs_toolbox) by extension 'python'
[0.184s] Level 1:colcon.colcon_core.package_identification:_identify(interbotix_ros_toolboxes/interbotix_xs_toolbox) by extensions ['python_setup_py']
[0.184s] Level 1:colcon.colcon_core.package_identification:_identify(interbotix_ros_toolboxes/interbotix_xs_toolbox) by extension 'python_setup_py'
[0.184s] Level 1:colcon.colcon_core.package_identification:_identify(interbotix_ros_toolboxes/interbotix_xs_toolbox/interbotix_xs_modules) by extensions ['ignore', 'ignore_ament_install']
[0.184s] Level 1:colcon.colcon_core.package_identification:_identify(interbotix_ros_toolboxes/interbotix_xs_toolbox/interbotix_xs_modules) by extension 'ignore'
[0.184s] Level 1:colcon.colcon_core.package_identification:_identify(interbotix_ros_toolboxes/interbotix_xs_toolbox/interbotix_xs_modules) by extension 'ignore_ament_install'
[0.184s] Level 1:colcon.colcon_core.package_identification:_identify(interbotix_ros_toolboxes/interbotix_xs_toolbox/interbotix_xs_modules) by extensions ['colcon_pkg']
[0.184s] Level 1:colcon.colcon_core.package_identification:_identify(interbotix_ros_toolboxes/interbotix_xs_toolbox/interbotix_xs_modules) by extension 'colcon_pkg'
[0.184s] Level 1:colcon.colcon_core.package_identification:_identify(interbotix_ros_toolboxes/interbotix_xs_toolbox/interbotix_xs_modules) by extensions ['colcon_meta']
[0.184s] Level 1:colcon.colcon_core.package_identification:_identify(interbotix_ros_toolboxes/interbotix_xs_toolbox/interbotix_xs_modules) by extension 'colcon_meta'
[0.184s] Level 1:colcon.colcon_core.package_identification:_identify(interbotix_ros_toolboxes/interbotix_xs_toolbox/interbotix_xs_modules) by extensions ['ros']
[0.184s] Level 1:colcon.colcon_core.package_identification:_identify(interbotix_ros_toolboxes/interbotix_xs_toolbox/interbotix_xs_modules) by extension 'ros'
[0.184s] DEBUG:colcon.colcon_core.package_identification:Package 'interbotix_ros_toolboxes/interbotix_xs_toolbox/interbotix_xs_modules' with type 'ros.ament_python' and name 'interbotix_xs_modules'
[0.184s] Level 1:colcon.colcon_core.package_identification:_identify(interbotix_ros_toolboxes/interbotix_xs_toolbox/interbotix_xs_ros_control) by extensions ['ignore', 'ignore_ament_install']
[0.184s] Level 1:colcon.colcon_core.package_identification:_identify(interbotix_ros_toolboxes/interbotix_xs_toolbox/interbotix_xs_ros_control) by extension 'ignore'
[0.184s] Level 1:colcon.colcon_core.package_identification:_identify(interbotix_ros_toolboxes/interbotix_xs_toolbox/interbotix_xs_ros_control) by extension 'ignore_ament_install'
[0.184s] Level 1:colcon.colcon_core.package_identification:_identify(interbotix_ros_toolboxes/interbotix_xs_toolbox/interbotix_xs_ros_control) by extensions ['colcon_pkg']
[0.184s] Level 1:colcon.colcon_core.package_identification:_identify(interbotix_ros_toolboxes/interbotix_xs_toolbox/interbotix_xs_ros_control) by extension 'colcon_pkg'
[0.184s] Level 1:colcon.colcon_core.package_identification:_identify(interbotix_ros_toolboxes/interbotix_xs_toolbox/interbotix_xs_ros_control) by extensions ['colcon_meta']
[0.184s] Level 1:colcon.colcon_core.package_identification:_identify(interbotix_ros_toolboxes/interbotix_xs_toolbox/interbotix_xs_ros_control) by extension 'colcon_meta'
[0.184s] Level 1:colcon.colcon_core.package_identification:_identify(interbotix_ros_toolboxes/interbotix_xs_toolbox/interbotix_xs_ros_control) by extensions ['ros']
[0.184s] Level 1:colcon.colcon_core.package_identification:_identify(interbotix_ros_toolboxes/interbotix_xs_toolbox/interbotix_xs_ros_control) by extension 'ros'
[0.185s] DEBUG:colcon.colcon_core.package_identification:Package 'interbotix_ros_toolboxes/interbotix_xs_toolbox/interbotix_xs_ros_control' with type 'ros.ament_cmake' and name 'interbotix_xs_ros_control'
[0.185s] Level 1:colcon.colcon_core.package_identification:_identify(interbotix_ros_toolboxes/interbotix_xs_toolbox/interbotix_xs_rviz) by extensions ['ignore', 'ignore_ament_install']
[0.185s] Level 1:colcon.colcon_core.package_identification:_identify(interbotix_ros_toolboxes/interbotix_xs_toolbox/interbotix_xs_rviz) by extension 'ignore'
[0.185s] Level 1:colcon.colcon_core.package_identification:_identify(interbotix_ros_toolboxes/interbotix_xs_toolbox/interbotix_xs_rviz) by extension 'ignore_ament_install'
[0.185s] Level 1:colcon.colcon_core.package_identification:_identify(interbotix_ros_toolboxes/interbotix_xs_toolbox/interbotix_xs_rviz) by extensions ['colcon_pkg']
[0.185s] Level 1:colcon.colcon_core.package_identification:_identify(interbotix_ros_toolboxes/interbotix_xs_toolbox/interbotix_xs_rviz) by extension 'colcon_pkg'
[0.185s] Level 1:colcon.colcon_core.package_identification:_identify(interbotix_ros_toolboxes/interbotix_xs_toolbox/interbotix_xs_rviz) by extensions ['colcon_meta']
[0.185s] Level 1:colcon.colcon_core.package_identification:_identify(interbotix_ros_toolboxes/interbotix_xs_toolbox/interbotix_xs_rviz) by extension 'colcon_meta'
[0.185s] Level 1:colcon.colcon_core.package_identification:_identify(interbotix_ros_toolboxes/interbotix_xs_toolbox/interbotix_xs_rviz) by extensions ['ros']
[0.185s] Level 1:colcon.colcon_core.package_identification:_identify(interbotix_ros_toolboxes/interbotix_xs_toolbox/interbotix_xs_rviz) by extension 'ros'
[0.185s] DEBUG:colcon.colcon_core.package_identification:Package 'interbotix_ros_toolboxes/interbotix_xs_toolbox/interbotix_xs_rviz' with type 'ros.ament_cmake' and name 'interbotix_xs_rviz'
[0.186s] Level 1:colcon.colcon_core.package_identification:_identify(interbotix_ros_toolboxes/interbotix_xs_toolbox/interbotix_xs_toolbox) by extensions ['ignore', 'ignore_ament_install']
[0.186s] Level 1:colcon.colcon_core.package_identification:_identify(interbotix_ros_toolboxes/interbotix_xs_toolbox/interbotix_xs_toolbox) by extension 'ignore'
[0.186s] Level 1:colcon.colcon_core.package_identification:_identify(interbotix_ros_toolboxes/interbotix_xs_toolbox/interbotix_xs_toolbox) by extension 'ignore_ament_install'
[0.186s] Level 1:colcon.colcon_core.package_identification:_identify(interbotix_ros_toolboxes/interbotix_xs_toolbox/interbotix_xs_toolbox) by extensions ['colcon_pkg']
[0.186s] Level 1:colcon.colcon_core.package_identification:_identify(interbotix_ros_toolboxes/interbotix_xs_toolbox/interbotix_xs_toolbox) by extension 'colcon_pkg'
[0.186s] Level 1:colcon.colcon_core.package_identification:_identify(interbotix_ros_toolboxes/interbotix_xs_toolbox/interbotix_xs_toolbox) by extensions ['colcon_meta']
[0.186s] Level 1:colcon.colcon_core.package_identification:_identify(interbotix_ros_toolboxes/interbotix_xs_toolbox/interbotix_xs_toolbox) by extension 'colcon_meta'
[0.186s] Level 1:colcon.colcon_core.package_identification:_identify(interbotix_ros_toolboxes/interbotix_xs_toolbox/interbotix_xs_toolbox) by extensions ['ros']
[0.186s] Level 1:colcon.colcon_core.package_identification:_identify(interbotix_ros_toolboxes/interbotix_xs_toolbox/interbotix_xs_toolbox) by extension 'ros'
[0.186s] DEBUG:colcon.colcon_core.package_identification:Package 'interbotix_ros_toolboxes/interbotix_xs_toolbox/interbotix_xs_toolbox' with type 'ros.ament_cmake' and name 'interbotix_xs_toolbox'
[0.186s] Level 1:colcon.colcon_core.package_identification:_identify(interbotix_ros_toolboxes/third_party_libraries) by extensions ['ignore', 'ignore_ament_install']
[0.186s] Level 1:colcon.colcon_core.package_identification:_identify(interbotix_ros_toolboxes/third_party_libraries) by extension 'ignore'
[0.186s] Level 1:colcon.colcon_core.package_identification:_identify(interbotix_ros_toolboxes/third_party_libraries) by extension 'ignore_ament_install'
[0.186s] Level 1:colcon.colcon_core.package_identification:_identify(interbotix_ros_toolboxes/third_party_libraries) by extensions ['colcon_pkg']
[0.186s] Level 1:colcon.colcon_core.package_identification:_identify(interbotix_ros_toolboxes/third_party_libraries) by extension 'colcon_pkg'
[0.186s] Level 1:colcon.colcon_core.package_identification:_identify(interbotix_ros_toolboxes/third_party_libraries) by extensions ['colcon_meta']
[0.186s] Level 1:colcon.colcon_core.package_identification:_identify(interbotix_ros_toolboxes/third_party_libraries) by extension 'colcon_meta'
[0.186s] Level 1:colcon.colcon_core.package_identification:_identify(interbotix_ros_toolboxes/third_party_libraries) by extensions ['ros']
[0.186s] Level 1:colcon.colcon_core.package_identification:_identify(interbotix_ros_toolboxes/third_party_libraries) by extension 'ros'
[0.186s] Level 1:colcon.colcon_core.package_identification:_identify(interbotix_ros_toolboxes/third_party_libraries) by extensions ['cmake', 'python']
[0.186s] Level 1:colcon.colcon_core.package_identification:_identify(interbotix_ros_toolboxes/third_party_libraries) by extension 'cmake'
[0.186s] Level 1:colcon.colcon_core.package_identification:_identify(interbotix_ros_toolboxes/third_party_libraries) by extension 'python'
[0.186s] Level 1:colcon.colcon_core.package_identification:_identify(interbotix_ros_toolboxes/third_party_libraries) by extensions ['python_setup_py']
[0.186s] Level 1:colcon.colcon_core.package_identification:_identify(interbotix_ros_toolboxes/third_party_libraries) by extension 'python_setup_py'
[0.186s] Level 1:colcon.colcon_core.package_identification:_identify(log) by extensions ['ignore', 'ignore_ament_install']
[0.186s] Level 1:colcon.colcon_core.package_identification:_identify(log) by extension 'ignore'
[0.186s] Level 1:colcon.colcon_core.package_identification:_identify(log) ignored
[0.186s] Level 1:colcon.colcon_core.package_identification:_identify(moveit_visual_tools) by extensions ['ignore', 'ignore_ament_install']
[0.186s] Level 1:colcon.colcon_core.package_identification:_identify(moveit_visual_tools) by extension 'ignore'
[0.186s] Level 1:colcon.colcon_core.package_identification:_identify(moveit_visual_tools) by extension 'ignore_ament_install'
[0.187s] Level 1:colcon.colcon_core.package_identification:_identify(moveit_visual_tools) by extensions ['colcon_pkg']
[0.187s] Level 1:colcon.colcon_core.package_identification:_identify(moveit_visual_tools) by extension 'colcon_pkg'
[0.187s] Level 1:colcon.colcon_core.package_identification:_identify(moveit_visual_tools) by extensions ['colcon_meta']
[0.187s] Level 1:colcon.colcon_core.package_identification:_identify(moveit_visual_tools) by extension 'colcon_meta'
[0.187s] Level 1:colcon.colcon_core.package_identification:_identify(moveit_visual_tools) by extensions ['ros']
[0.187s] Level 1:colcon.colcon_core.package_identification:_identify(moveit_visual_tools) by extension 'ros'
[0.187s] DEBUG:colcon.colcon_core.package_identification:Package 'moveit_visual_tools' with type 'ros.ament_cmake' and name 'moveit_visual_tools'
[0.187s] Level 1:colcon.colcon_core.package_identification:_identify(rviz_visual_tools) by extensions ['ignore', 'ignore_ament_install']
[0.187s] Level 1:colcon.colcon_core.package_identification:_identify(rviz_visual_tools) by extension 'ignore'
[0.187s] Level 1:colcon.colcon_core.package_identification:_identify(rviz_visual_tools) by extension 'ignore_ament_install'
[0.187s] Level 1:colcon.colcon_core.package_identification:_identify(rviz_visual_tools) by extensions ['colcon_pkg']
[0.187s] Level 1:colcon.colcon_core.package_identification:_identify(rviz_visual_tools) by extension 'colcon_pkg'
[0.187s] Level 1:colcon.colcon_core.package_identification:_identify(rviz_visual_tools) by extensions ['colcon_meta']
[0.187s] Level 1:colcon.colcon_core.package_identification:_identify(rviz_visual_tools) by extension 'colcon_meta'
[0.187s] Level 1:colcon.colcon_core.package_identification:_identify(rviz_visual_tools) by extensions ['ros']
[0.187s] Level 1:colcon.colcon_core.package_identification:_identify(rviz_visual_tools) by extension 'ros'
[0.187s] Level 1:colcon.colcon_core.package_identification:_identify(rviz_visual_tools) by extensions ['cmake', 'python']
[0.187s] Level 1:colcon.colcon_core.package_identification:_identify(rviz_visual_tools) by extension 'cmake'
[0.187s] Level 1:colcon.colcon_core.package_identification:_identify(rviz_visual_tools) by extension 'python'
[0.187s] Level 1:colcon.colcon_core.package_identification:_identify(rviz_visual_tools) by extensions ['python_setup_py']
[0.187s] Level 1:colcon.colcon_core.package_identification:_identify(rviz_visual_tools) by extension 'python_setup_py'
[0.187s] Level 1:colcon.colcon_core.package_discovery:discover_packages(recursive) using defaults
[0.187s] Level 1:colcon.colcon_core.package_discovery:discover_packages(ignore) discover
[0.187s] Level 1:colcon.colcon_core.package_discovery:discover_packages(ignore) using defaults
[0.187s] Level 1:colcon.colcon_core.package_discovery:discover_packages(path) discover
[0.187s] Level 1:colcon.colcon_core.package_discovery:discover_packages(path) using defaults
[0.188s] WARNING:colcon.colcon_core.package_selection:ignoring unknown package 'rviz_visual_tools' in --packages-skip
[0.201s] INFO:colcon.colcon_core.package_selection:Skipping package 'interbotix_moveit_interface_msgs' in 'interbotix_ros_toolboxes/interbotix_common_toolbox/interbotix_moveit_interface_msgs'
[0.201s] INFO:colcon.colcon_core.package_selection:Skipping package 'moveit_visual_tools' in 'moveit_visual_tools'
[0.201s] INFO:colcon.colcon_core.package_selection:Skipping package 'interbotix_moveit_interface' in 'interbotix_ros_toolboxes/interbotix_common_toolbox/interbotix_moveit_interface'
[0.201s] INFO:colcon.colcon_core.package_selection:Skipping package 'interbotix_xs_rviz' in 'interbotix_ros_toolboxes/interbotix_xs_toolbox/interbotix_xs_rviz'
[0.201s] INFO:colcon.colcon_core.package_selection:Skipping package 'interbotix_xsarm_control' in 'interbotix_ros_manipulators/interbotix_ros_xsarms/interbotix_xsarm_control'
[0.201s] INFO:colcon.colcon_core.package_selection:Skipping package 'interbotix_xsarm_moveit' in 'interbotix_ros_manipulators/interbotix_ros_xsarms/interbotix_xsarm_moveit'
[0.202s] Level 1:colcon.colcon_core.package_discovery:discover_packages(prefix_path) check parameters
[0.202s] Level 1:colcon.colcon_core.package_discovery:discover_packages(prefix_path) discover
[0.203s] DEBUG:colcon.colcon_installed_package_information.package_discovery:Found 315 installed packages in /opt/ros/humble
[0.204s] Level 1:colcon.colcon_core.package_discovery:discover_packages(prefix_path) using defaults
[0.238s] Level 5:colcon.colcon_core.verb:set package 'dynamixel_workbench_toolbox' build argument 'cmake_args' from command line to 'None'
[0.238s] Level 5:colcon.colcon_core.verb:set package 'dynamixel_workbench_toolbox' build argument 'cmake_target' from command line to 'None'
[0.238s] Level 5:colcon.colcon_core.verb:set package 'dynamixel_workbench_toolbox' build argument 'cmake_target_skip_unavailable' from command line to 'False'
[0.238s] Level 5:colcon.colcon_core.verb:set package 'dynamixel_workbench_toolbox' build argument 'cmake_clean_cache' from command line to 'False'
[0.238s] Level 5:colcon.colcon_core.verb:set package 'dynamixel_workbench_toolbox' build argument 'cmake_clean_first' from command line to 'False'
[0.238s] Level 5:colcon.colcon_core.verb:set package 'dynamixel_workbench_toolbox' build argument 'cmake_force_configure' from command line to 'False'
[0.238s] Level 5:colcon.colcon_core.verb:set package 'dynamixel_workbench_toolbox' build argument 'ament_cmake_args' from command line to 'None'
[0.238s] Level 5:colcon.colcon_core.verb:set package 'dynamixel_workbench_toolbox' build argument 'catkin_cmake_args' from command line to 'None'
[0.238s] Level 5:colcon.colcon_core.verb:set package 'dynamixel_workbench_toolbox' build argument 'catkin_skip_building_tests' from command line to 'False'
[0.238s] DEBUG:colcon.colcon_core.verb:Building package 'dynamixel_workbench_toolbox' with the following arguments: {'ament_cmake_args': None, 'build_base': '/workspace/koch_control/build/dynamixel_workbench_toolbox', 'catkin_cmake_args': None, 'catkin_skip_building_tests': False, 'cmake_args': None, 'cmake_clean_cache': False, 'cmake_clean_first': False, 'cmake_force_configure': False, 'cmake_target': None, 'cmake_target_skip_unavailable': False, 'install_base': '/workspace/koch_control/install/dynamixel_workbench_toolbox', 'merge_install': False, 'path': '/workspace/koch_control/interbotix_ros_core/interbotix_ros_xseries/dynamixel_workbench_toolbox', 'symlink_install': True, 'test_result_base': None}
[0.238s] Level 5:colcon.colcon_core.verb:set package 'interbotix_common_modules' build argument 'cmake_args' from command line to 'None'
[0.238s] Level 5:colcon.colcon_core.verb:set package 'interbotix_common_modules' build argument 'cmake_target' from command line to 'None'
[0.238s] Level 5:colcon.colcon_core.verb:set package 'interbotix_common_modules' build argument 'cmake_target_skip_unavailable' from command line to 'False'
[0.238s] Level 5:colcon.colcon_core.verb:set package 'interbotix_common_modules' build argument 'cmake_clean_cache' from command line to 'False'
[0.238s] Level 5:colcon.colcon_core.verb:set package 'interbotix_common_modules' build argument 'cmake_clean_first' from command line to 'False'
[0.238s] Level 5:colcon.colcon_core.verb:set package 'interbotix_common_modules' build argument 'cmake_force_configure' from command line to 'False'
[0.238s] Level 5:colcon.colcon_core.verb:set package 'interbotix_common_modules' build argument 'ament_cmake_args' from command line to 'None'
[0.238s] Level 5:colcon.colcon_core.verb:set package 'interbotix_common_modules' build argument 'catkin_cmake_args' from command line to 'None'
[0.238s] Level 5:colcon.colcon_core.verb:set package 'interbotix_common_modules' build argument 'catkin_skip_building_tests' from command line to 'False'
[0.238s] DEBUG:colcon.colcon_core.verb:Building package 'interbotix_common_modules' with the following arguments: {'ament_cmake_args': None, 'build_base': '/workspace/koch_control/build/interbotix_common_modules', 'catkin_cmake_args': None, 'catkin_skip_building_tests': False, 'cmake_args': None, 'cmake_clean_cache': False, 'cmake_clean_first': False, 'cmake_force_configure': False, 'cmake_target': None, 'cmake_target_skip_unavailable': False, 'install_base': '/workspace/koch_control/install/interbotix_common_modules', 'merge_install': False, 'path': '/workspace/koch_control/interbotix_ros_toolboxes/interbotix_common_toolbox/interbotix_common_modules', 'symlink_install': True, 'test_result_base': None}
[0.238s] Level 5:colcon.colcon_core.verb:set package 'interbotix_common_sim' build argument 'cmake_args' from command line to 'None'
[0.238s] Level 5:colcon.colcon_core.verb:set package 'interbotix_common_sim' build argument 'cmake_target' from command line to 'None'
[0.238s] Level 5:colcon.colcon_core.verb:set package 'interbotix_common_sim' build argument 'cmake_target_skip_unavailable' from command line to 'False'
[0.238s] Level 5:colcon.colcon_core.verb:set package 'interbotix_common_sim' build argument 'cmake_clean_cache' from command line to 'False'
[0.238s] Level 5:colcon.colcon_core.verb:set package 'interbotix_common_sim' build argument 'cmake_clean_first' from command line to 'False'
[0.238s] Level 5:colcon.colcon_core.verb:set package 'interbotix_common_sim' build argument 'cmake_force_configure' from command line to 'False'
[0.238s] Level 5:colcon.colcon_core.verb:set package 'interbotix_common_sim' build argument 'ament_cmake_args' from command line to 'None'
[0.238s] Level 5:colcon.colcon_core.verb:set package 'interbotix_common_sim' build argument 'catkin_cmake_args' from command line to 'None'
[0.238s] Level 5:colcon.colcon_core.verb:set package 'interbotix_common_sim' build argument 'catkin_skip_building_tests' from command line to 'False'
[0.238s] DEBUG:colcon.colcon_core.verb:Building package 'interbotix_common_sim' with the following arguments: {'ament_cmake_args': None, 'build_base': '/workspace/koch_control/build/interbotix_common_sim', 'catkin_cmake_args': None, 'catkin_skip_building_tests': False, 'cmake_args': None, 'cmake_clean_cache': False, 'cmake_clean_first': False, 'cmake_force_configure': False, 'cmake_target': None, 'cmake_target_skip_unavailable': False, 'install_base': '/workspace/koch_control/install/interbotix_common_sim', 'merge_install': False, 'path': '/workspace/koch_control/interbotix_ros_toolboxes/interbotix_common_toolbox/interbotix_common_sim', 'symlink_install': True, 'test_result_base': None}
[0.238s] Level 5:colcon.colcon_core.verb:set package 'interbotix_tf_tools' build argument 'cmake_args' from command line to 'None'
[0.238s] Level 5:colcon.colcon_core.verb:set package 'interbotix_tf_tools' build argument 'cmake_target' from command line to 'None'
[0.238s] Level 5:colcon.colcon_core.verb:set package 'interbotix_tf_tools' build argument 'cmake_target_skip_unavailable' from command line to 'False'
[0.238s] Level 5:colcon.colcon_core.verb:set package 'interbotix_tf_tools' build argument 'cmake_clean_cache' from command line to 'False'
[0.238s] Level 5:colcon.colcon_core.verb:set package 'interbotix_tf_tools' build argument 'cmake_clean_first' from command line to 'False'
[0.238s] Level 5:colcon.colcon_core.verb:set package 'interbotix_tf_tools' build argument 'cmake_force_configure' from command line to 'False'
[0.238s] Level 5:colcon.colcon_core.verb:set package 'interbotix_tf_tools' build argument 'ament_cmake_args' from command line to 'None'
[0.238s] Level 5:colcon.colcon_core.verb:set package 'interbotix_tf_tools' build argument 'catkin_cmake_args' from command line to 'None'
[0.238s] Level 5:colcon.colcon_core.verb:set package 'interbotix_tf_tools' build argument 'catkin_skip_building_tests' from command line to 'False'
[0.238s] DEBUG:colcon.colcon_core.verb:Building package 'interbotix_tf_tools' with the following arguments: {'ament_cmake_args': None, 'build_base': '/workspace/koch_control/build/interbotix_tf_tools', 'catkin_cmake_args': None, 'catkin_skip_building_tests': False, 'cmake_args': None, 'cmake_clean_cache': False, 'cmake_clean_first': False, 'cmake_force_configure': False, 'cmake_target': None, 'cmake_target_skip_unavailable': False, 'install_base': '/workspace/koch_control/install/interbotix_tf_tools', 'merge_install': False, 'path': '/workspace/koch_control/interbotix_ros_toolboxes/interbotix_common_toolbox/interbotix_tf_tools', 'symlink_install': True, 'test_result_base': None}
[0.238s] Level 5:colcon.colcon_core.verb:set package 'interbotix_xs_msgs' build argument 'cmake_args' from command line to 'None'
[0.238s] Level 5:colcon.colcon_core.verb:set package 'interbotix_xs_msgs' build argument 'cmake_target' from command line to 'None'
[0.238s] Level 5:colcon.colcon_core.verb:set package 'interbotix_xs_msgs' build argument 'cmake_target_skip_unavailable' from command line to 'False'
[0.238s] Level 5:colcon.colcon_core.verb:set package 'interbotix_xs_msgs' build argument 'cmake_clean_cache' from command line to 'False'
[0.238s] Level 5:colcon.colcon_core.verb:set package 'interbotix_xs_msgs' build argument 'cmake_clean_first' from command line to 'False'
[0.238s] Level 5:colcon.colcon_core.verb:set package 'interbotix_xs_msgs' build argument 'cmake_force_configure' from command line to 'False'
[0.238s] Level 5:colcon.colcon_core.verb:set package 'interbotix_xs_msgs' build argument 'ament_cmake_args' from command line to 'None'
[0.238s] Level 5:colcon.colcon_core.verb:set package 'interbotix_xs_msgs' build argument 'catkin_cmake_args' from command line to 'None'
[0.238s] Level 5:colcon.colcon_core.verb:set package 'interbotix_xs_msgs' build argument 'catkin_skip_building_tests' from command line to 'False'
[0.238s] DEBUG:colcon.colcon_core.verb:Building package 'interbotix_xs_msgs' with the following arguments: {'ament_cmake_args': None, 'build_base': '/workspace/koch_control/build/interbotix_xs_msgs', 'catkin_cmake_args': None, 'catkin_skip_building_tests': False, 'cmake_args': None, 'cmake_clean_cache': False, 'cmake_clean_first': False, 'cmake_force_configure': False, 'cmake_target': None, 'cmake_target_skip_unavailable': False, 'install_base': '/workspace/koch_control/install/interbotix_xs_msgs', 'merge_install': False, 'path': '/workspace/koch_control/interbotix_ros_core/interbotix_ros_xseries/interbotix_xs_msgs', 'symlink_install': True, 'test_result_base': None}
[0.239s] Level 5:colcon.colcon_core.verb:set package 'interbotix_gravity_compensation' build argument 'cmake_args' from command line to 'None'
[0.239s] Level 5:colcon.colcon_core.verb:set package 'interbotix_gravity_compensation' build argument 'cmake_target' from command line to 'None'
[0.239s] Level 5:colcon.colcon_core.verb:set package 'interbotix_gravity_compensation' build argument 'cmake_target_skip_unavailable' from command line to 'False'
[0.239s] Level 5:colcon.colcon_core.verb:set package 'interbotix_gravity_compensation' build argument 'cmake_clean_cache' from command line to 'False'
[0.239s] Level 5:colcon.colcon_core.verb:set package 'interbotix_gravity_compensation' build argument 'cmake_clean_first' from command line to 'False'
[0.239s] Level 5:colcon.colcon_core.verb:set package 'interbotix_gravity_compensation' build argument 'cmake_force_configure' from command line to 'False'
[0.239s] Level 5:colcon.colcon_core.verb:set package 'interbotix_gravity_compensation' build argument 'ament_cmake_args' from command line to 'None'
[0.239s] Level 5:colcon.colcon_core.verb:set package 'interbotix_gravity_compensation' build argument 'catkin_cmake_args' from command line to 'None'
[0.239s] Level 5:colcon.colcon_core.verb:set package 'interbotix_gravity_compensation' build argument 'catkin_skip_building_tests' from command line to 'False'
[0.239s] DEBUG:colcon.colcon_core.verb:Building package 'interbotix_gravity_compensation' with the following arguments: {'ament_cmake_args': None, 'build_base': '/workspace/koch_control/build/interbotix_gravity_compensation', 'catkin_cmake_args': None, 'catkin_skip_building_tests': False, 'cmake_args': None, 'cmake_clean_cache': False, 'cmake_clean_first': False, 'cmake_force_configure': False, 'cmake_target': None, 'cmake_target_skip_unavailable': False, 'install_base': '/workspace/koch_control/install/interbotix_gravity_compensation', 'merge_install': False, 'path': '/workspace/koch_control/interbotix_ros_toolboxes/interbotix_common_toolbox/interbotix_gravity_compensation', 'symlink_install': True, 'test_result_base': None}
[0.239s] Level 5:colcon.colcon_core.verb:set package 'interbotix_xs_driver' build argument 'cmake_args' from command line to 'None'
[0.239s] Level 5:colcon.colcon_core.verb:set package 'interbotix_xs_driver' build argument 'cmake_target' from command line to 'None'
[0.239s] Level 5:colcon.colcon_core.verb:set package 'interbotix_xs_driver' build argument 'cmake_target_skip_unavailable' from command line to 'False'
[0.239s] Level 5:colcon.colcon_core.verb:set package 'interbotix_xs_driver' build argument 'cmake_clean_cache' from command line to 'False'
[0.239s] Level 5:colcon.colcon_core.verb:set package 'interbotix_xs_driver' build argument 'cmake_clean_first' from command line to 'False'
[0.239s] Level 5:colcon.colcon_core.verb:set package 'interbotix_xs_driver' build argument 'cmake_force_configure' from command line to 'False'
[0.239s] Level 5:colcon.colcon_core.verb:set package 'interbotix_xs_driver' build argument 'ament_cmake_args' from command line to 'None'
[0.239s] Level 5:colcon.colcon_core.verb:set package 'interbotix_xs_driver' build argument 'catkin_cmake_args' from command line to 'None'
[0.239s] Level 5:colcon.colcon_core.verb:set package 'interbotix_xs_driver' build argument 'catkin_skip_building_tests' from command line to 'False'
[0.239s] DEBUG:colcon.colcon_core.verb:Building package 'interbotix_xs_driver' with the following arguments: {'ament_cmake_args': None, 'build_base': '/workspace/koch_control/build/interbotix_xs_driver', 'catkin_cmake_args': None, 'catkin_skip_building_tests': False, 'cmake_args': None, 'cmake_clean_cache': False, 'cmake_clean_first': False, 'cmake_force_configure': False, 'cmake_target': None, 'cmake_target_skip_unavailable': False, 'install_base': '/workspace/koch_control/install/interbotix_xs_driver', 'merge_install': False, 'path': '/workspace/koch_control/interbotix_ros_core/interbotix_ros_xseries/interbotix_xs_driver', 'symlink_install': True, 'test_result_base': None}
[0.239s] Level 5:colcon.colcon_core.verb:set package 'interbotix_xs_ros_control' build argument 'cmake_args' from command line to 'None'
[0.239s] Level 5:colcon.colcon_core.verb:set package 'interbotix_xs_ros_control' build argument 'cmake_target' from command line to 'None'
[0.239s] Level 5:colcon.colcon_core.verb:set package 'interbotix_xs_ros_control' build argument 'cmake_target_skip_unavailable' from command line to 'False'
[0.239s] Level 5:colcon.colcon_core.verb:set package 'interbotix_xs_ros_control' build argument 'cmake_clean_cache' from command line to 'False'
[0.239s] Level 5:colcon.colcon_core.verb:set package 'interbotix_xs_ros_control' build argument 'cmake_clean_first' from command line to 'False'
[0.239s] Level 5:colcon.colcon_core.verb:set package 'interbotix_xs_ros_control' build argument 'cmake_force_configure' from command line to 'False'
[0.239s] Level 5:colcon.colcon_core.verb:set package 'interbotix_xs_ros_control' build argument 'ament_cmake_args' from command line to 'None'
[0.239s] Level 5:colcon.colcon_core.verb:set package 'interbotix_xs_ros_control' build argument 'catkin_cmake_args' from command line to 'None'
[0.239s] Level 5:colcon.colcon_core.verb:set package 'interbotix_xs_ros_control' build argument 'catkin_skip_building_tests' from command line to 'False'
[0.239s] DEBUG:colcon.colcon_core.verb:Building package 'interbotix_xs_ros_control' with the following arguments: {'ament_cmake_args': None, 'build_base': '/workspace/koch_control/build/interbotix_xs_ros_control', 'catkin_cmake_args': None, 'catkin_skip_building_tests': False, 'cmake_args': None, 'cmake_clean_cache': False, 'cmake_clean_first': False, 'cmake_force_configure': False, 'cmake_target': None, 'cmake_target_skip_unavailable': False, 'install_base': '/workspace/koch_control/install/interbotix_xs_ros_control', 'merge_install': False, 'path': '/workspace/koch_control/interbotix_ros_toolboxes/interbotix_xs_toolbox/interbotix_xs_ros_control', 'symlink_install': True, 'test_result_base': None}
[0.239s] Level 5:colcon.colcon_core.verb:set package 'interbotix_common_toolbox' build argument 'cmake_args' from command line to 'None'
[0.239s] Level 5:colcon.colcon_core.verb:set package 'interbotix_common_toolbox' build argument 'cmake_target' from command line to 'None'
[0.239s] Level 5:colcon.colcon_core.verb:set package 'interbotix_common_toolbox' build argument 'cmake_target_skip_unavailable' from command line to 'False'
[0.239s] Level 5:colcon.colcon_core.verb:set package 'interbotix_common_toolbox' build argument 'cmake_clean_cache' from command line to 'False'
[0.239s] Level 5:colcon.colcon_core.verb:set package 'interbotix_common_toolbox' build argument 'cmake_clean_first' from command line to 'False'
[0.239s] Level 5:colcon.colcon_core.verb:set package 'interbotix_common_toolbox' build argument 'cmake_force_configure' from command line to 'False'
[0.239s] Level 5:colcon.colcon_core.verb:set package 'interbotix_common_toolbox' build argument 'ament_cmake_args' from command line to 'None'
[0.239s] Level 5:colcon.colcon_core.verb:set package 'interbotix_common_toolbox' build argument 'catkin_cmake_args' from command line to 'None'
[0.239s] Level 5:colcon.colcon_core.verb:set package 'interbotix_common_toolbox' build argument 'catkin_skip_building_tests' from command line to 'False'
[0.239s] DEBUG:colcon.colcon_core.verb:Building package 'interbotix_common_toolbox' with the following arguments: {'ament_cmake_args': None, 'build_base': '/workspace/koch_control/build/interbotix_common_toolbox', 'catkin_cmake_args': None, 'catkin_skip_building_tests': False, 'cmake_args': None, 'cmake_clean_cache': False, 'cmake_clean_first': False, 'cmake_force_configure': False, 'cmake_target': None, 'cmake_target_skip_unavailable': False, 'install_base': '/workspace/koch_control/install/interbotix_common_toolbox', 'merge_install': False, 'path': '/workspace/koch_control/interbotix_ros_toolboxes/interbotix_common_toolbox/interbotix_common_toolbox', 'symlink_install': True, 'test_result_base': None}
[0.239s] Level 5:colcon.colcon_core.verb:set package 'interbotix_xs_sdk' build argument 'cmake_args' from command line to 'None'
[0.239s] Level 5:colcon.colcon_core.verb:set package 'interbotix_xs_sdk' build argument 'cmake_target' from command line to 'None'
[0.239s] Level 5:colcon.colcon_core.verb:set package 'interbotix_xs_sdk' build argument 'cmake_target_skip_unavailable' from command line to 'False'
[0.239s] Level 5:colcon.colcon_core.verb:set package 'interbotix_xs_sdk' build argument 'cmake_clean_cache' from command line to 'False'
[0.239s] Level 5:colcon.colcon_core.verb:set package 'interbotix_xs_sdk' build argument 'cmake_clean_first' from command line to 'False'
[0.239s] Level 5:colcon.colcon_core.verb:set package 'interbotix_xs_sdk' build argument 'cmake_force_configure' from command line to 'False'
[0.239s] Level 5:colcon.colcon_core.verb:set package 'interbotix_xs_sdk' build argument 'ament_cmake_args' from command line to 'None'
[0.239s] Level 5:colcon.colcon_core.verb:set package 'interbotix_xs_sdk' build argument 'catkin_cmake_args' from command line to 'None'
[0.239s] Level 5:colcon.colcon_core.verb:set package 'interbotix_xs_sdk' build argument 'catkin_skip_building_tests' from command line to 'False'
[0.239s] DEBUG:colcon.colcon_core.verb:Building package 'interbotix_xs_sdk' with the following arguments: {'ament_cmake_args': None, 'build_base': '/workspace/koch_control/build/interbotix_xs_sdk', 'catkin_cmake_args': None, 'catkin_skip_building_tests': False, 'cmake_args': None, 'cmake_clean_cache': False, 'cmake_clean_first': False, 'cmake_force_configure': False, 'cmake_target': None, 'cmake_target_skip_unavailable': False, 'install_base': '/workspace/koch_control/install/interbotix_xs_sdk', 'merge_install': False, 'path': '/workspace/koch_control/interbotix_ros_core/interbotix_ros_xseries/interbotix_xs_sdk', 'symlink_install': True, 'test_result_base': None}
[0.240s] Level 5:colcon.colcon_core.verb:set package 'interbotix_ros_xseries' build argument 'cmake_args' from command line to 'None'
[0.240s] Level 5:colcon.colcon_core.verb:set package 'interbotix_ros_xseries' build argument 'cmake_target' from command line to 'None'
[0.240s] Level 5:colcon.colcon_core.verb:set package 'interbotix_ros_xseries' build argument 'cmake_target_skip_unavailable' from command line to 'False'
[0.240s] Level 5:colcon.colcon_core.verb:set package 'interbotix_ros_xseries' build argument 'cmake_clean_cache' from command line to 'False'
[0.240s] Level 5:colcon.colcon_core.verb:set package 'interbotix_ros_xseries' build argument 'cmake_clean_first' from command line to 'False'
[0.240s] Level 5:colcon.colcon_core.verb:set package 'interbotix_ros_xseries' build argument 'cmake_force_configure' from command line to 'False'
[0.240s] Level 5:colcon.colcon_core.verb:set package 'interbotix_ros_xseries' build argument 'ament_cmake_args' from command line to 'None'
[0.240s] Level 5:colcon.colcon_core.verb:set package 'interbotix_ros_xseries' build argument 'catkin_cmake_args' from command line to 'None'
[0.240s] Level 5:colcon.colcon_core.verb:set package 'interbotix_ros_xseries' build argument 'catkin_skip_building_tests' from command line to 'False'
[0.240s] DEBUG:colcon.colcon_core.verb:Building package 'interbotix_ros_xseries' with the following arguments: {'ament_cmake_args': None, 'build_base': '/workspace/koch_control/build/interbotix_ros_xseries', 'catkin_cmake_args': None, 'catkin_skip_building_tests': False, 'cmake_args': None, 'cmake_clean_cache': False, 'cmake_clean_first': False, 'cmake_force_configure': False, 'cmake_target': None, 'cmake_target_skip_unavailable': False, 'install_base': '/workspace/koch_control/install/interbotix_ros_xseries', 'merge_install': False, 'path': '/workspace/koch_control/interbotix_ros_core/interbotix_ros_xseries/interbotix_ros_xseries', 'symlink_install': True, 'test_result_base': None}
[0.240s] Level 5:colcon.colcon_core.verb:set package 'interbotix_xs_modules' build argument 'cmake_args' from command line to 'None'
[0.240s] Level 5:colcon.colcon_core.verb:set package 'interbotix_xs_modules' build argument 'cmake_target' from command line to 'None'
[0.240s] Level 5:colcon.colcon_core.verb:set package 'interbotix_xs_modules' build argument 'cmake_target_skip_unavailable' from command line to 'False'
[0.240s] Level 5:colcon.colcon_core.verb:set package 'interbotix_xs_modules' build argument 'cmake_clean_cache' from command line to 'False'
[0.240s] Level 5:colcon.colcon_core.verb:set package 'interbotix_xs_modules' build argument 'cmake_clean_first' from command line to 'False'
[0.240s] Level 5:colcon.colcon_core.verb:set package 'interbotix_xs_modules' build argument 'cmake_force_configure' from command line to 'False'
[0.240s] Level 5:colcon.colcon_core.verb:set package 'interbotix_xs_modules' build argument 'ament_cmake_args' from command line to 'None'
[0.240s] Level 5:colcon.colcon_core.verb:set package 'interbotix_xs_modules' build argument 'catkin_cmake_args' from command line to 'None'
[0.240s] Level 5:colcon.colcon_core.verb:set package 'interbotix_xs_modules' build argument 'catkin_skip_building_tests' from command line to 'False'
[0.240s] DEBUG:colcon.colcon_core.verb:Building package 'interbotix_xs_modules' with the following arguments: {'ament_cmake_args': None, 'build_base': '/workspace/koch_control/build/interbotix_xs_modules', 'catkin_cmake_args': None, 'catkin_skip_building_tests': False, 'cmake_args': None, 'cmake_clean_cache': False, 'cmake_clean_first': False, 'cmake_force_configure': False, 'cmake_target': None, 'cmake_target_skip_unavailable': False, 'install_base': '/workspace/koch_control/install/interbotix_xs_modules', 'merge_install': False, 'path': '/workspace/koch_control/interbotix_ros_toolboxes/interbotix_xs_toolbox/interbotix_xs_modules', 'symlink_install': True, 'test_result_base': None}
[0.240s] Level 5:colcon.colcon_core.verb:set package 'interbotix_xs_toolbox' build argument 'cmake_args' from command line to 'None'
[0.240s] Level 5:colcon.colcon_core.verb:set package 'interbotix_xs_toolbox' build argument 'cmake_target' from command line to 'None'
[0.240s] Level 5:colcon.colcon_core.verb:set package 'interbotix_xs_toolbox' build argument 'cmake_target_skip_unavailable' from command line to 'False'
[0.240s] Level 5:colcon.colcon_core.verb:set package 'interbotix_xs_toolbox' build argument 'cmake_clean_cache' from command line to 'False'
[0.240s] Level 5:colcon.colcon_core.verb:set package 'interbotix_xs_toolbox' build argument 'cmake_clean_first' from command line to 'False'
[0.240s] Level 5:colcon.colcon_core.verb:set package 'interbotix_xs_toolbox' build argument 'cmake_force_configure' from command line to 'False'
[0.240s] Level 5:colcon.colcon_core.verb:set package 'interbotix_xs_toolbox' build argument 'ament_cmake_args' from command line to 'None'
[0.240s] Level 5:colcon.colcon_core.verb:set package 'interbotix_xs_toolbox' build argument 'catkin_cmake_args' from command line to 'None'
[0.240s] Level 5:colcon.colcon_core.verb:set package 'interbotix_xs_toolbox' build argument 'catkin_skip_building_tests' from command line to 'False'
[0.240s] DEBUG:colcon.colcon_core.verb:Building package 'interbotix_xs_toolbox' with the following arguments: {'ament_cmake_args': None, 'build_base': '/workspace/koch_control/build/interbotix_xs_toolbox', 'catkin_cmake_args': None, 'catkin_skip_building_tests': False, 'cmake_args': None, 'cmake_clean_cache': False, 'cmake_clean_first': False, 'cmake_force_configure': False, 'cmake_target': None, 'cmake_target_skip_unavailable': False, 'install_base': '/workspace/koch_control/install/interbotix_xs_toolbox', 'merge_install': False, 'path': '/workspace/koch_control/interbotix_ros_toolboxes/interbotix_xs_toolbox/interbotix_xs_toolbox', 'symlink_install': True, 'test_result_base': None}
[0.240s] Level 5:colcon.colcon_core.verb:set package 'interbotix_xsarm_descriptions' build argument 'cmake_args' from command line to 'None'
[0.240s] Level 5:colcon.colcon_core.verb:set package 'interbotix_xsarm_descriptions' build argument 'cmake_target' from command line to 'None'
[0.240s] Level 5:colcon.colcon_core.verb:set package 'interbotix_xsarm_descriptions' build argument 'cmake_target_skip_unavailable' from command line to 'False'
[0.240s] Level 5:colcon.colcon_core.verb:set package 'interbotix_xsarm_descriptions' build argument 'cmake_clean_cache' from command line to 'False'
[0.240s] Level 5:colcon.colcon_core.verb:set package 'interbotix_xsarm_descriptions' build argument 'cmake_clean_first' from command line to 'False'
[0.240s] Level 5:colcon.colcon_core.verb:set package 'interbotix_xsarm_descriptions' build argument 'cmake_force_configure' from command line to 'False'
[0.240s] Level 5:colcon.colcon_core.verb:set package 'interbotix_xsarm_descriptions' build argument 'ament_cmake_args' from command line to 'None'
[0.240s] Level 5:colcon.colcon_core.verb:set package 'interbotix_xsarm_descriptions' build argument 'catkin_cmake_args' from command line to 'None'
[0.240s] Level 5:colcon.colcon_core.verb:set package 'interbotix_xsarm_descriptions' build argument 'catkin_skip_building_tests' from command line to 'False'
[0.240s] DEBUG:colcon.colcon_core.verb:Building package 'interbotix_xsarm_descriptions' with the following arguments: {'ament_cmake_args': None, 'build_base': '/workspace/koch_control/build/interbotix_xsarm_descriptions', 'catkin_cmake_args': None, 'catkin_skip_building_tests': False, 'cmake_args': None, 'cmake_clean_cache': False, 'cmake_clean_first': False, 'cmake_force_configure': False, 'cmake_target': None, 'cmake_target_skip_unavailable': False, 'install_base': '/workspace/koch_control/install/interbotix_xsarm_descriptions', 'merge_install': False, 'path': '/workspace/koch_control/interbotix_ros_manipulators/interbotix_ros_xsarms/interbotix_xsarm_descriptions', 'symlink_install': True, 'test_result_base': None}
[0.240s] Level 5:colcon.colcon_core.verb:set package 'interbotix_xsarm_sim' build argument 'cmake_args' from command line to 'None'
[0.240s] Level 5:colcon.colcon_core.verb:set package 'interbotix_xsarm_sim' build argument 'cmake_target' from command line to 'None'
[0.240s] Level 5:colcon.colcon_core.verb:set package 'interbotix_xsarm_sim' build argument 'cmake_target_skip_unavailable' from command line to 'False'
[0.240s] Level 5:colcon.colcon_core.verb:set package 'interbotix_xsarm_sim' build argument 'cmake_clean_cache' from command line to 'False'
[0.240s] Level 5:colcon.colcon_core.verb:set package 'interbotix_xsarm_sim' build argument 'cmake_clean_first' from command line to 'False'
[0.240s] Level 5:colcon.colcon_core.verb:set package 'interbotix_xsarm_sim' build argument 'cmake_force_configure' from command line to 'False'
[0.240s] Level 5:colcon.colcon_core.verb:set package 'interbotix_xsarm_sim' build argument 'ament_cmake_args' from command line to 'None'
[0.240s] Level 5:colcon.colcon_core.verb:set package 'interbotix_xsarm_sim' build argument 'catkin_cmake_args' from command line to 'None'
[0.240s] Level 5:colcon.colcon_core.verb:set package 'interbotix_xsarm_sim' build argument 'catkin_skip_building_tests' from command line to 'False'
[0.240s] DEBUG:colcon.colcon_core.verb:Building package 'interbotix_xsarm_sim' with the following arguments: {'ament_cmake_args': None, 'build_base': '/workspace/koch_control/build/interbotix_xsarm_sim', 'catkin_cmake_args': None, 'catkin_skip_building_tests': False, 'cmake_args': None, 'cmake_clean_cache': False, 'cmake_clean_first': False, 'cmake_force_configure': False, 'cmake_target': None, 'cmake_target_skip_unavailable': False, 'install_base': '/workspace/koch_control/install/interbotix_xsarm_sim', 'merge_install': False, 'path': '/workspace/koch_control/interbotix_ros_manipulators/interbotix_ros_xsarms/interbotix_xsarm_sim', 'symlink_install': True, 'test_result_base': None}
[0.240s] Level 5:colcon.colcon_core.verb:set package 'interbotix_xsarm_dual' build argument 'cmake_args' from command line to 'None'
[0.240s] Level 5:colcon.colcon_core.verb:set package 'interbotix_xsarm_dual' build argument 'cmake_target' from command line to 'None'
[0.240s] Level 5:colcon.colcon_core.verb:set package 'interbotix_xsarm_dual' build argument 'cmake_target_skip_unavailable' from command line to 'False'
[0.240s] Level 5:colcon.colcon_core.verb:set package 'interbotix_xsarm_dual' build argument 'cmake_clean_cache' from command line to 'False'
[0.241s] Level 5:colcon.colcon_core.verb:set package 'interbotix_xsarm_dual' build argument 'cmake_clean_first' from command line to 'False'
[0.241s] Level 5:colcon.colcon_core.verb:set package 'interbotix_xsarm_dual' build argument 'cmake_force_configure' from command line to 'False'
[0.241s] Level 5:colcon.colcon_core.verb:set package 'interbotix_xsarm_dual' build argument 'ament_cmake_args' from command line to 'None'
[0.241s] Level 5:colcon.colcon_core.verb:set package 'interbotix_xsarm_dual' build argument 'catkin_cmake_args' from command line to 'None'
[0.241s] Level 5:colcon.colcon_core.verb:set package 'interbotix_xsarm_dual' build argument 'catkin_skip_building_tests' from command line to 'False'
[0.241s] DEBUG:colcon.colcon_core.verb:Building package 'interbotix_xsarm_dual' with the following arguments: {'ament_cmake_args': None, 'build_base': '/workspace/koch_control/build/interbotix_xsarm_dual', 'catkin_cmake_args': None, 'catkin_skip_building_tests': False, 'cmake_args': None, 'cmake_clean_cache': False, 'cmake_clean_first': False, 'cmake_force_configure': False, 'cmake_target': None, 'cmake_target_skip_unavailable': False, 'install_base': '/workspace/koch_control/install/interbotix_xsarm_dual', 'merge_install': False, 'path': '/workspace/koch_control/interbotix_ros_manipulators/interbotix_ros_xsarms/examples/interbotix_xsarm_dual', 'symlink_install': True, 'test_result_base': None}
[0.241s] Level 5:colcon.colcon_core.verb:set package 'interbotix_xsarm_gravity_compensation' build argument 'cmake_args' from command line to 'None'
[0.241s] Level 5:colcon.colcon_core.verb:set package 'interbotix_xsarm_gravity_compensation' build argument 'cmake_target' from command line to 'None'
[0.241s] Level 5:colcon.colcon_core.verb:set package 'interbotix_xsarm_gravity_compensation' build argument 'cmake_target_skip_unavailable' from command line to 'False'
[0.241s] Level 5:colcon.colcon_core.verb:set package 'interbotix_xsarm_gravity_compensation' build argument 'cmake_clean_cache' from command line to 'False'
[0.241s] Level 5:colcon.colcon_core.verb:set package 'interbotix_xsarm_gravity_compensation' build argument 'cmake_clean_first' from command line to 'False'
[0.241s] Level 5:colcon.colcon_core.verb:set package 'interbotix_xsarm_gravity_compensation' build argument 'cmake_force_configure' from command line to 'False'
[0.241s] Level 5:colcon.colcon_core.verb:set package 'interbotix_xsarm_gravity_compensation' build argument 'ament_cmake_args' from command line to 'None'
[0.241s] Level 5:colcon.colcon_core.verb:set package 'interbotix_xsarm_gravity_compensation' build argument 'catkin_cmake_args' from command line to 'None'
[0.241s] Level 5:colcon.colcon_core.verb:set package 'interbotix_xsarm_gravity_compensation' build argument 'catkin_skip_building_tests' from command line to 'False'
[0.241s] DEBUG:colcon.colcon_core.verb:Building package 'interbotix_xsarm_gravity_compensation' with the following arguments: {'ament_cmake_args': None, 'build_base': '/workspace/koch_control/build/interbotix_xsarm_gravity_compensation', 'catkin_cmake_args': None, 'catkin_skip_building_tests': False, 'cmake_args': None, 'cmake_clean_cache': False, 'cmake_clean_first': False, 'cmake_force_configure': False, 'cmake_target': None, 'cmake_target_skip_unavailable': False, 'install_base': '/workspace/koch_control/install/interbotix_xsarm_gravity_compensation', 'merge_install': False, 'path': '/workspace/koch_control/interbotix_ros_manipulators/interbotix_ros_xsarms/examples/interbotix_xsarm_gravity_compensation', 'symlink_install': True, 'test_result_base': None}
[0.241s] Level 5:colcon.colcon_core.verb:set package 'interbotix_xsarm_joy' build argument 'cmake_args' from command line to 'None'
[0.241s] Level 5:colcon.colcon_core.verb:set package 'interbotix_xsarm_joy' build argument 'cmake_target' from command line to 'None'
[0.241s] Level 5:colcon.colcon_core.verb:set package 'interbotix_xsarm_joy' build argument 'cmake_target_skip_unavailable' from command line to 'False'
[0.241s] Level 5:colcon.colcon_core.verb:set package 'interbotix_xsarm_joy' build argument 'cmake_clean_cache' from command line to 'False'
[0.241s] Level 5:colcon.colcon_core.verb:set package 'interbotix_xsarm_joy' build argument 'cmake_clean_first' from command line to 'False'
[0.241s] Level 5:colcon.colcon_core.verb:set package 'interbotix_xsarm_joy' build argument 'cmake_force_configure' from command line to 'False'
[0.241s] Level 5:colcon.colcon_core.verb:set package 'interbotix_xsarm_joy' build argument 'ament_cmake_args' from command line to 'None'
[0.241s] Level 5:colcon.colcon_core.verb:set package 'interbotix_xsarm_joy' build argument 'catkin_cmake_args' from command line to 'None'
[0.241s] Level 5:colcon.colcon_core.verb:set package 'interbotix_xsarm_joy' build argument 'catkin_skip_building_tests' from command line to 'False'
[0.241s] DEBUG:colcon.colcon_core.verb:Building package 'interbotix_xsarm_joy' with the following arguments: {'ament_cmake_args': None, 'build_base': '/workspace/koch_control/build/interbotix_xsarm_joy', 'catkin_cmake_args': None, 'catkin_skip_building_tests': False, 'cmake_args': None, 'cmake_clean_cache': False, 'cmake_clean_first': False, 'cmake_force_configure': False, 'cmake_target': None, 'cmake_target_skip_unavailable': False, 'install_base': '/workspace/koch_control/install/interbotix_xsarm_joy', 'merge_install': False, 'path': '/workspace/koch_control/interbotix_ros_manipulators/interbotix_ros_xsarms/examples/interbotix_xsarm_joy', 'symlink_install': True, 'test_result_base': None}
[0.241s] Level 5:colcon.colcon_core.verb:set package 'interbotix_xsarm_puppet' build argument 'cmake_args' from command line to 'None'
[0.241s] Level 5:colcon.colcon_core.verb:set package 'interbotix_xsarm_puppet' build argument 'cmake_target' from command line to 'None'
[0.241s] Level 5:colcon.colcon_core.verb:set package 'interbotix_xsarm_puppet' build argument 'cmake_target_skip_unavailable' from command line to 'False'
[0.241s] Level 5:colcon.colcon_core.verb:set package 'interbotix_xsarm_puppet' build argument 'cmake_clean_cache' from command line to 'False'
[0.241s] Level 5:colcon.colcon_core.verb:set package 'interbotix_xsarm_puppet' build argument 'cmake_clean_first' from command line to 'False'
[0.241s] Level 5:colcon.colcon_core.verb:set package 'interbotix_xsarm_puppet' build argument 'cmake_force_configure' from command line to 'False'
[0.241s] Level 5:colcon.colcon_core.verb:set package 'interbotix_xsarm_puppet' build argument 'ament_cmake_args' from command line to 'None'
[0.241s] Level 5:colcon.colcon_core.verb:set package 'interbotix_xsarm_puppet' build argument 'catkin_cmake_args' from command line to 'None'
[0.241s] Level 5:colcon.colcon_core.verb:set package 'interbotix_xsarm_puppet' build argument 'catkin_skip_building_tests' from command line to 'False'
[0.241s] DEBUG:colcon.colcon_core.verb:Building package 'interbotix_xsarm_puppet' with the following arguments: {'ament_cmake_args': None, 'build_base': '/workspace/koch_control/build/interbotix_xsarm_puppet', 'catkin_cmake_args': None, 'catkin_skip_building_tests': False, 'cmake_args': None, 'cmake_clean_cache': False, 'cmake_clean_first': False, 'cmake_force_configure': False, 'cmake_target': None, 'cmake_target_skip_unavailable': False, 'install_base': '/workspace/koch_control/install/interbotix_xsarm_puppet', 'merge_install': False, 'path': '/workspace/koch_control/interbotix_ros_manipulators/interbotix_ros_xsarms/examples/interbotix_xsarm_puppet', 'symlink_install': True, 'test_result_base': None}
[0.241s] Level 5:colcon.colcon_core.verb:set package 'interbotix_xsarm_ros_control' build argument 'cmake_args' from command line to 'None'
[0.241s] Level 5:colcon.colcon_core.verb:set package 'interbotix_xsarm_ros_control' build argument 'cmake_target' from command line to 'None'
[0.241s] Level 5:colcon.colcon_core.verb:set package 'interbotix_xsarm_ros_control' build argument 'cmake_target_skip_unavailable' from command line to 'False'
[0.241s] Level 5:colcon.colcon_core.verb:set package 'interbotix_xsarm_ros_control' build argument 'cmake_clean_cache' from command line to 'False'
[0.241s] Level 5:colcon.colcon_core.verb:set package 'interbotix_xsarm_ros_control' build argument 'cmake_clean_first' from command line to 'False'
[0.241s] Level 5:colcon.colcon_core.verb:set package 'interbotix_xsarm_ros_control' build argument 'cmake_force_configure' from command line to 'False'
[0.241s] Level 5:colcon.colcon_core.verb:set package 'interbotix_xsarm_ros_control' build argument 'ament_cmake_args' from command line to 'None'
[0.241s] Level 5:colcon.colcon_core.verb:set package 'interbotix_xsarm_ros_control' build argument 'catkin_cmake_args' from command line to 'None'
[0.241s] Level 5:colcon.colcon_core.verb:set package 'interbotix_xsarm_ros_control' build argument 'catkin_skip_building_tests' from command line to 'False'
[0.241s] DEBUG:colcon.colcon_core.verb:Building package 'interbotix_xsarm_ros_control' with the following arguments: {'ament_cmake_args': None, 'build_base': '/workspace/koch_control/build/interbotix_xsarm_ros_control', 'catkin_cmake_args': None, 'catkin_skip_building_tests': False, 'cmake_args': None, 'cmake_clean_cache': False, 'cmake_clean_first': False, 'cmake_force_configure': False, 'cmake_target': None, 'cmake_target_skip_unavailable': False, 'install_base': '/workspace/koch_control/install/interbotix_xsarm_ros_control', 'merge_install': False, 'path': '/workspace/koch_control/interbotix_ros_manipulators/interbotix_ros_xsarms/interbotix_xsarm_ros_control', 'symlink_install': True, 'test_result_base': None}
[0.241s] Level 5:colcon.colcon_core.verb:set package 'interbotix_ros_xsarms' build argument 'cmake_args' from command line to 'None'
[0.241s] Level 5:colcon.colcon_core.verb:set package 'interbotix_ros_xsarms' build argument 'cmake_target' from command line to 'None'
[0.241s] Level 5:colcon.colcon_core.verb:set package 'interbotix_ros_xsarms' build argument 'cmake_target_skip_unavailable' from command line to 'False'
[0.241s] Level 5:colcon.colcon_core.verb:set package 'interbotix_ros_xsarms' build argument 'cmake_clean_cache' from command line to 'False'
[0.241s] Level 5:colcon.colcon_core.verb:set package 'interbotix_ros_xsarms' build argument 'cmake_clean_first' from command line to 'False'
[0.241s] Level 5:colcon.colcon_core.verb:set package 'interbotix_ros_xsarms' build argument 'cmake_force_configure' from command line to 'False'
[0.241s] Level 5:colcon.colcon_core.verb:set package 'interbotix_ros_xsarms' build argument 'ament_cmake_args' from command line to 'None'
[0.241s] Level 5:colcon.colcon_core.verb:set package 'interbotix_ros_xsarms' build argument 'catkin_cmake_args' from command line to 'None'
[0.241s] Level 5:colcon.colcon_core.verb:set package 'interbotix_ros_xsarms' build argument 'catkin_skip_building_tests' from command line to 'False'
[0.242s] DEBUG:colcon.colcon_core.verb:Building package 'interbotix_ros_xsarms' with the following arguments: {'ament_cmake_args': None, 'build_base': '/workspace/koch_control/build/interbotix_ros_xsarms', 'catkin_cmake_args': None, 'catkin_skip_building_tests': False, 'cmake_args': None, 'cmake_clean_cache': False, 'cmake_clean_first': False, 'cmake_force_configure': False, 'cmake_target': None, 'cmake_target_skip_unavailable': False, 'install_base': '/workspace/koch_control/install/interbotix_ros_xsarms', 'merge_install': False, 'path': '/workspace/koch_control/interbotix_ros_manipulators/interbotix_ros_xsarms/interbotix_ros_xsarms', 'symlink_install': True, 'test_result_base': None}
[0.242s] Level 5:colcon.colcon_core.verb:set package 'interbotix_xsarm_moveit_interface' build argument 'cmake_args' from command line to 'None'
[0.242s] Level 5:colcon.colcon_core.verb:set package 'interbotix_xsarm_moveit_interface' build argument 'cmake_target' from command line to 'None'
[0.242s] Level 5:colcon.colcon_core.verb:set package 'interbotix_xsarm_moveit_interface' build argument 'cmake_target_skip_unavailable' from command line to 'False'
[0.242s] Level 5:colcon.colcon_core.verb:set package 'interbotix_xsarm_moveit_interface' build argument 'cmake_clean_cache' from command line to 'False'
[0.242s] Level 5:colcon.colcon_core.verb:set package 'interbotix_xsarm_moveit_interface' build argument 'cmake_clean_first' from command line to 'False'
[0.242s] Level 5:colcon.colcon_core.verb:set package 'interbotix_xsarm_moveit_interface' build argument 'cmake_force_configure' from command line to 'False'
[0.242s] Level 5:colcon.colcon_core.verb:set package 'interbotix_xsarm_moveit_interface' build argument 'ament_cmake_args' from command line to 'None'
[0.242s] Level 5:colcon.colcon_core.verb:set package 'interbotix_xsarm_moveit_interface' build argument 'catkin_cmake_args' from command line to 'None'
[0.242s] Level 5:colcon.colcon_core.verb:set package 'interbotix_xsarm_moveit_interface' build argument 'catkin_skip_building_tests' from command line to 'False'
[0.242s] DEBUG:colcon.colcon_core.verb:Building package 'interbotix_xsarm_moveit_interface' with the following arguments: {'ament_cmake_args': None, 'build_base': '/workspace/koch_control/build/interbotix_xsarm_moveit_interface', 'catkin_cmake_args': None, 'catkin_skip_building_tests': False, 'cmake_args': None, 'cmake_clean_cache': False, 'cmake_clean_first': False, 'cmake_force_configure': False, 'cmake_target': None, 'cmake_target_skip_unavailable': False, 'install_base': '/workspace/koch_control/install/interbotix_xsarm_moveit_interface', 'merge_install': False, 'path': '/workspace/koch_control/interbotix_ros_manipulators/interbotix_ros_xsarms/examples/interbotix_xsarm_moveit_interface', 'symlink_install': True, 'test_result_base': None}
[0.242s] Level 5:colcon.colcon_core.verb:set package 'interbotix_ros_xsarms_examples' build argument 'cmake_args' from command line to 'None'
[0.242s] Level 5:colcon.colcon_core.verb:set package 'interbotix_ros_xsarms_examples' build argument 'cmake_target' from command line to 'None'
[0.242s] Level 5:colcon.colcon_core.verb:set package 'interbotix_ros_xsarms_examples' build argument 'cmake_target_skip_unavailable' from command line to 'False'
[0.242s] Level 5:colcon.colcon_core.verb:set package 'interbotix_ros_xsarms_examples' build argument 'cmake_clean_cache' from command line to 'False'
[0.242s] Level 5:colcon.colcon_core.verb:set package 'interbotix_ros_xsarms_examples' build argument 'cmake_clean_first' from command line to 'False'
[0.242s] Level 5:colcon.colcon_core.verb:set package 'interbotix_ros_xsarms_examples' build argument 'cmake_force_configure' from command line to 'False'
[0.242s] Level 5:colcon.colcon_core.verb:set package 'interbotix_ros_xsarms_examples' build argument 'ament_cmake_args' from command line to 'None'
[0.242s] Level 5:colcon.colcon_core.verb:set package 'interbotix_ros_xsarms_examples' build argument 'catkin_cmake_args' from command line to 'None'
[0.242s] Level 5:colcon.colcon_core.verb:set package 'interbotix_ros_xsarms_examples' build argument 'catkin_skip_building_tests' from command line to 'False'
[0.242s] DEBUG:colcon.colcon_core.verb:Building package 'interbotix_ros_xsarms_examples' with the following arguments: {'ament_cmake_args': None, 'build_base': '/workspace/koch_control/build/interbotix_ros_xsarms_examples', 'catkin_cmake_args': None, 'catkin_skip_building_tests': False, 'cmake_args': None, 'cmake_clean_cache': False, 'cmake_clean_first': False, 'cmake_force_configure': False, 'cmake_target': None, 'cmake_target_skip_unavailable': False, 'install_base': '/workspace/koch_control/install/interbotix_ros_xsarms_examples', 'merge_install': False, 'path': '/workspace/koch_control/interbotix_ros_manipulators/interbotix_ros_xsarms/examples/interbotix_ros_xsarms_examples', 'symlink_install': True, 'test_result_base': None}
[0.242s] INFO:colcon.colcon_core.executor:Executing jobs using 'parallel' executor
[0.243s] DEBUG:colcon.colcon_parallel_executor.executor.parallel:run_until_complete
[0.243s] INFO:colcon.colcon_ros.task.ament_cmake.build:Building ROS package in '/workspace/koch_control/interbotix_ros_core/interbotix_ros_xseries/interbotix_xs_msgs' with build type 'ament_cmake'
[0.243s] INFO:colcon.colcon_cmake.task.cmake.build:Building CMake package in '/workspace/koch_control/interbotix_ros_core/interbotix_ros_xseries/interbotix_xs_msgs'
[0.244s] INFO:colcon.colcon_core.plugin_system:Skipping extension 'colcon_core.shell.bat': Not used on non-Windows systems
[0.245s] INFO:colcon.colcon_core.shell:Skip shell extension 'powershell' for command environment: Not usable outside of PowerShell
[0.245s] DEBUG:colcon.colcon_core.shell:Skip shell extension 'dsv' for command environment
[0.246s] INFO:colcon.colcon_ros.task.ament_cmake.build:Building ROS package in '/workspace/koch_control/interbotix_ros_core/interbotix_ros_xseries/dynamixel_workbench_toolbox' with build type 'ament_cmake'
[0.246s] INFO:colcon.colcon_cmake.task.cmake.build:Building CMake package in '/workspace/koch_control/interbotix_ros_core/interbotix_ros_xseries/dynamixel_workbench_toolbox'
[0.246s] INFO:colcon.colcon_core.shell:Skip shell extension 'powershell' for command environment: Not usable outside of PowerShell
[0.246s] DEBUG:colcon.colcon_core.shell:Skip shell extension 'dsv' for command environment
[0.247s] INFO:colcon.colcon_ros.task.ament_python.build:Building ROS package in '/workspace/koch_control/interbotix_ros_toolboxes/interbotix_common_toolbox/interbotix_common_modules' with build type 'ament_python'
[0.247s] Level 1:colcon.colcon_core.shell:create_environment_hook('interbotix_common_modules', 'ament_prefix_path')
[0.247s] INFO:colcon.colcon_core.shell:Creating environment hook '/workspace/koch_control/install/interbotix_common_modules/share/interbotix_common_modules/hook/ament_prefix_path.ps1'
[0.247s] INFO:colcon.colcon_core.shell:Creating environment descriptor '/workspace/koch_control/install/interbotix_common_modules/share/interbotix_common_modules/hook/ament_prefix_path.dsv'
[0.248s] INFO:colcon.colcon_core.shell:Creating environment hook '/workspace/koch_control/install/interbotix_common_modules/share/interbotix_common_modules/hook/ament_prefix_path.sh'
[0.248s] INFO:colcon.colcon_core.shell:Skip shell extension 'powershell' for command environment: Not usable outside of PowerShell
[0.248s] DEBUG:colcon.colcon_core.shell:Skip shell extension 'dsv' for command environment
[0.249s] INFO:colcon.colcon_ros.task.ament_cmake.build:Building ROS package in '/workspace/koch_control/interbotix_ros_toolboxes/interbotix_common_toolbox/interbotix_common_sim' with build type 'ament_cmake'
[0.249s] INFO:colcon.colcon_cmake.task.cmake.build:Building CMake package in '/workspace/koch_control/interbotix_ros_toolboxes/interbotix_common_toolbox/interbotix_common_sim'
[0.249s] INFO:colcon.colcon_core.shell:Skip shell extension 'powershell' for command environment: Not usable outside of PowerShell
[0.249s] DEBUG:colcon.colcon_core.shell:Skip shell extension 'dsv' for command environment
[0.250s] INFO:colcon.colcon_ros.task.ament_cmake.build:Building ROS package in '/workspace/koch_control/interbotix_ros_toolboxes/interbotix_common_toolbox/interbotix_tf_tools' with build type 'ament_cmake'
[0.250s] INFO:colcon.colcon_cmake.task.cmake.build:Building CMake package in '/workspace/koch_control/interbotix_ros_toolboxes/interbotix_common_toolbox/interbotix_tf_tools'
[0.250s] INFO:colcon.colcon_core.shell:Skip shell extension 'powershell' for command environment: Not usable outside of PowerShell
[0.250s] DEBUG:colcon.colcon_core.shell:Skip shell extension 'dsv' for command environment
[0.253s] DEBUG:colcon.colcon_core.event_handler.log_command:Invoking command in '/workspace/koch_control/build/interbotix_xs_msgs': CMAKE_PREFIX_PATH=/opt/ros/humble /usr/bin/cmake --build /workspace/koch_control/build/interbotix_xs_msgs -- -j32 -l32
[0.256s] DEBUG:colcon.colcon_core.event_handler.log_command:Invoking command in '/workspace/koch_control/build/dynamixel_workbench_toolbox': CMAKE_PREFIX_PATH=/opt/ros/humble /usr/bin/cmake --build /workspace/koch_control/build/dynamixel_workbench_toolbox -- -j32 -l32
[0.357s] INFO:colcon.colcon_core.task.python.build:Building Python package in '/workspace/koch_control/interbotix_ros_toolboxes/interbotix_common_toolbox/interbotix_common_modules'
[0.358s] INFO:colcon.colcon_core.shell:Skip shell extension 'powershell' for command environment: Not usable outside of PowerShell
[0.358s] DEBUG:colcon.colcon_core.shell:Skip shell extension 'dsv' for command environment
[0.362s] DEBUG:colcon.colcon_core.event_handler.log_command:Invoking command in '/workspace/koch_control/build/interbotix_common_sim': CMAKE_PREFIX_PATH=/opt/ros/humble /usr/bin/cmake --build /workspace/koch_control/build/interbotix_common_sim -- -j32 -l32
[0.364s] DEBUG:colcon.colcon_core.event_handler.log_command:Invoking command in '/workspace/koch_control/build/interbotix_tf_tools': CMAKE_PREFIX_PATH=/opt/ros/humble /usr/bin/cmake --build /workspace/koch_control/build/interbotix_tf_tools -- -j32 -l32
[0.365s] DEBUG:colcon.colcon_core.event_handler.log_command:Invoked command in '/workspace/koch_control/build/dynamixel_workbench_toolbox' returned '0': CMAKE_PREFIX_PATH=/opt/ros/humble /usr/bin/cmake --build /workspace/koch_control/build/dynamixel_workbench_toolbox -- -j32 -l32
[0.369s] DEBUG:colcon.colcon_core.event_handler.log_command:Invoking command in '/workspace/koch_control/build/dynamixel_workbench_toolbox': CMAKE_PREFIX_PATH=/opt/ros/humble /usr/bin/cmake --install /workspace/koch_control/build/dynamixel_workbench_toolbox
[0.377s] DEBUG:colcon.colcon_core.event_handler.log_command:Invoked command in '/workspace/koch_control/build/interbotix_common_sim' returned '0': CMAKE_PREFIX_PATH=/opt/ros/humble /usr/bin/cmake --build /workspace/koch_control/build/interbotix_common_sim -- -j32 -l32
[0.378s] DEBUG:colcon.colcon_core.event_handler.log_command:Invoking command in '/workspace/koch_control/build/interbotix_common_sim': CMAKE_PREFIX_PATH=/opt/ros/humble /usr/bin/cmake --install /workspace/koch_control/build/interbotix_common_sim
[0.379s] Level 1:colcon.colcon_core.environment:create_environment_scripts_only(dynamixel_workbench_toolbox)
[0.379s] DEBUG:colcon.colcon_core.event_handler.log_command:Invoked command in '/workspace/koch_control/build/dynamixel_workbench_toolbox' returned '0': CMAKE_PREFIX_PATH=/opt/ros/humble /usr/bin/cmake --install /workspace/koch_control/build/dynamixel_workbench_toolbox
[0.381s] Level 1:colcon.colcon_core.environment:checking '/workspace/koch_control/install/dynamixel_workbench_toolbox' for CMake module files
[0.382s] Level 1:colcon.colcon_core.environment:checking '/workspace/koch_control/install/dynamixel_workbench_toolbox' for CMake config files
[0.382s] Level 1:colcon.colcon_core.shell:create_environment_hook('dynamixel_workbench_toolbox', 'cmake_prefix_path')
[0.382s] INFO:colcon.colcon_core.shell:Creating environment hook '/workspace/koch_control/install/dynamixel_workbench_toolbox/share/dynamixel_workbench_toolbox/hook/cmake_prefix_path.ps1'
[0.382s] INFO:colcon.colcon_core.shell:Creating environment descriptor '/workspace/koch_control/install/dynamixel_workbench_toolbox/share/dynamixel_workbench_toolbox/hook/cmake_prefix_path.dsv'
[0.383s] INFO:colcon.colcon_core.shell:Creating environment hook '/workspace/koch_control/install/dynamixel_workbench_toolbox/share/dynamixel_workbench_toolbox/hook/cmake_prefix_path.sh'
[0.383s] Level 1:colcon.colcon_core.environment:checking '/workspace/koch_control/install/dynamixel_workbench_toolbox/lib'
[0.383s] Level 1:colcon.colcon_core.shell:create_environment_hook('dynamixel_workbench_toolbox', 'ld_library_path_lib')
[0.383s] INFO:colcon.colcon_core.shell:Creating environment hook '/workspace/koch_control/install/dynamixel_workbench_toolbox/share/dynamixel_workbench_toolbox/hook/ld_library_path_lib.ps1'
[0.384s] INFO:colcon.colcon_core.shell:Creating environment descriptor '/workspace/koch_control/install/dynamixel_workbench_toolbox/share/dynamixel_workbench_toolbox/hook/ld_library_path_lib.dsv'
[0.384s] INFO:colcon.colcon_core.shell:Creating environment hook '/workspace/koch_control/install/dynamixel_workbench_toolbox/share/dynamixel_workbench_toolbox/hook/ld_library_path_lib.sh'
[0.384s] Level 1:colcon.colcon_core.environment:checking '/workspace/koch_control/install/dynamixel_workbench_toolbox/bin'
[0.384s] Level 1:colcon.colcon_core.environment:checking '/workspace/koch_control/install/dynamixel_workbench_toolbox/lib/pkgconfig/dynamixel_workbench_toolbox.pc'
[0.384s] Level 1:colcon.colcon_core.environment:checking '/workspace/koch_control/install/dynamixel_workbench_toolbox/lib/python3.10/site-packages'
[0.384s] Level 1:colcon.colcon_core.environment:checking '/workspace/koch_control/install/dynamixel_workbench_toolbox/bin'
[0.384s] INFO:colcon.colcon_core.shell:Creating package script '/workspace/koch_control/install/dynamixel_workbench_toolbox/share/dynamixel_workbench_toolbox/package.ps1'
[0.385s] INFO:colcon.colcon_core.shell:Creating package descriptor '/workspace/koch_control/install/dynamixel_workbench_toolbox/share/dynamixel_workbench_toolbox/package.dsv'
[0.386s] INFO:colcon.colcon_core.shell:Creating package script '/workspace/koch_control/install/dynamixel_workbench_toolbox/share/dynamixel_workbench_toolbox/package.sh'
[0.386s] INFO:colcon.colcon_core.shell:Creating package script '/workspace/koch_control/install/dynamixel_workbench_toolbox/share/dynamixel_workbench_toolbox/package.bash'
[0.386s] INFO:colcon.colcon_core.shell:Creating package script '/workspace/koch_control/install/dynamixel_workbench_toolbox/share/dynamixel_workbench_toolbox/package.zsh'
[0.386s] Level 1:colcon.colcon_core.environment:create_file_with_runtime_dependencies(/workspace/koch_control/install/dynamixel_workbench_toolbox/share/colcon-core/packages/dynamixel_workbench_toolbox)
[0.387s] Level 1:colcon.colcon_core.environment:create_environment_scripts_only(dynamixel_workbench_toolbox)
[0.387s] Level 1:colcon.colcon_core.environment:checking '/workspace/koch_control/install/dynamixel_workbench_toolbox' for CMake module files
[0.387s] Level 1:colcon.colcon_core.environment:checking '/workspace/koch_control/install/dynamixel_workbench_toolbox' for CMake config files
[0.387s] Level 1:colcon.colcon_core.shell:create_environment_hook('dynamixel_workbench_toolbox', 'cmake_prefix_path')
[0.387s] INFO:colcon.colcon_core.shell:Creating environment hook '/workspace/koch_control/install/dynamixel_workbench_toolbox/share/dynamixel_workbench_toolbox/hook/cmake_prefix_path.ps1'
[0.387s] INFO:colcon.colcon_core.shell:Creating environment descriptor '/workspace/koch_control/install/dynamixel_workbench_toolbox/share/dynamixel_workbench_toolbox/hook/cmake_prefix_path.dsv'
[0.387s] INFO:colcon.colcon_core.shell:Creating environment hook '/workspace/koch_control/install/dynamixel_workbench_toolbox/share/dynamixel_workbench_toolbox/hook/cmake_prefix_path.sh'
[0.388s] Level 1:colcon.colcon_core.environment:checking '/workspace/koch_control/install/dynamixel_workbench_toolbox/lib'
[0.388s] Level 1:colcon.colcon_core.shell:create_environment_hook('dynamixel_workbench_toolbox', 'ld_library_path_lib')
[0.388s] INFO:colcon.colcon_core.shell:Creating environment hook '/workspace/koch_control/install/dynamixel_workbench_toolbox/share/dynamixel_workbench_toolbox/hook/ld_library_path_lib.ps1'
[0.388s] INFO:colcon.colcon_core.shell:Creating environment descriptor '/workspace/koch_control/install/dynamixel_workbench_toolbox/share/dynamixel_workbench_toolbox/hook/ld_library_path_lib.dsv'
[0.388s] INFO:colcon.colcon_core.shell:Creating environment hook '/workspace/koch_control/install/dynamixel_workbench_toolbox/share/dynamixel_workbench_toolbox/hook/ld_library_path_lib.sh'
[0.388s] Level 1:colcon.colcon_core.environment:checking '/workspace/koch_control/install/dynamixel_workbench_toolbox/bin'
[0.388s] Level 1:colcon.colcon_core.environment:checking '/workspace/koch_control/install/dynamixel_workbench_toolbox/lib/pkgconfig/dynamixel_workbench_toolbox.pc'
[0.388s] Level 1:colcon.colcon_core.environment:checking '/workspace/koch_control/install/dynamixel_workbench_toolbox/lib/python3.10/site-packages'
[0.388s] Level 1:colcon.colcon_core.environment:checking '/workspace/koch_control/install/dynamixel_workbench_toolbox/bin'
[0.389s] INFO:colcon.colcon_core.shell:Creating package script '/workspace/koch_control/install/dynamixel_workbench_toolbox/share/dynamixel_workbench_toolbox/package.ps1'
[0.389s] INFO:colcon.colcon_core.shell:Creating package descriptor '/workspace/koch_control/install/dynamixel_workbench_toolbox/share/dynamixel_workbench_toolbox/package.dsv'
[0.389s] INFO:colcon.colcon_core.shell:Creating package script '/workspace/koch_control/install/dynamixel_workbench_toolbox/share/dynamixel_workbench_toolbox/package.sh'
[0.389s] INFO:colcon.colcon_core.shell:Creating package script '/workspace/koch_control/install/dynamixel_workbench_toolbox/share/dynamixel_workbench_toolbox/package.bash'
[0.389s] INFO:colcon.colcon_core.shell:Creating package script '/workspace/koch_control/install/dynamixel_workbench_toolbox/share/dynamixel_workbench_toolbox/package.zsh'
[0.390s] Level 1:colcon.colcon_core.environment:create_file_with_runtime_dependencies(/workspace/koch_control/install/dynamixel_workbench_toolbox/share/colcon-core/packages/dynamixel_workbench_toolbox)
[0.390s] INFO:colcon.colcon_ros.task.ament_cmake.build:Building ROS package in '/workspace/koch_control/interbotix_ros_core/interbotix_ros_xseries/interbotix_xs_driver' with build type 'ament_cmake'
[0.390s] INFO:colcon.colcon_cmake.task.cmake.build:Building CMake package in '/workspace/koch_control/interbotix_ros_core/interbotix_ros_xseries/interbotix_xs_driver'
[0.390s] INFO:colcon.colcon_core.shell:Skip shell extension 'powershell' for command environment: Not usable outside of PowerShell
[0.390s] DEBUG:colcon.colcon_core.shell:Skip shell extension 'dsv' for command environment
[0.392s] Level 1:colcon.colcon_core.environment:create_environment_scripts_only(interbotix_common_sim)
[0.392s] Level 1:colcon.colcon_core.environment:checking '/workspace/koch_control/install/interbotix_common_sim' for CMake module files
[0.393s] DEBUG:colcon.colcon_core.event_handler.log_command:Invoked command in '/workspace/koch_control/build/interbotix_common_sim' returned '0': CMAKE_PREFIX_PATH=/opt/ros/humble /usr/bin/cmake --install /workspace/koch_control/build/interbotix_common_sim
[0.393s] Level 1:colcon.colcon_core.environment:checking '/workspace/koch_control/install/interbotix_common_sim' for CMake config files
[0.393s] Level 1:colcon.colcon_core.shell:create_environment_hook('interbotix_common_sim', 'cmake_prefix_path')
[0.393s] INFO:colcon.colcon_core.shell:Creating environment hook '/workspace/koch_control/install/interbotix_common_sim/share/interbotix_common_sim/hook/cmake_prefix_path.ps1'
[0.394s] INFO:colcon.colcon_core.shell:Creating environment descriptor '/workspace/koch_control/install/interbotix_common_sim/share/interbotix_common_sim/hook/cmake_prefix_path.dsv'
[0.394s] INFO:colcon.colcon_core.shell:Creating environment hook '/workspace/koch_control/install/interbotix_common_sim/share/interbotix_common_sim/hook/cmake_prefix_path.sh'
[0.394s] Level 1:colcon.colcon_core.environment:checking '/workspace/koch_control/install/interbotix_common_sim/bin'
[0.394s] Level 1:colcon.colcon_core.environment:checking '/workspace/koch_control/install/interbotix_common_sim/lib/pkgconfig/interbotix_common_sim.pc'
[0.394s] Level 1:colcon.colcon_core.environment:checking '/workspace/koch_control/install/interbotix_common_sim/lib/python3.10/site-packages'
[0.394s] Level 1:colcon.colcon_core.environment:checking '/workspace/koch_control/install/interbotix_common_sim/bin'
[0.394s] INFO:colcon.colcon_core.shell:Creating package script '/workspace/koch_control/install/interbotix_common_sim/share/interbotix_common_sim/package.ps1'
[0.395s] INFO:colcon.colcon_core.shell:Creating package descriptor '/workspace/koch_control/install/interbotix_common_sim/share/interbotix_common_sim/package.dsv'
[0.395s] INFO:colcon.colcon_core.shell:Creating package script '/workspace/koch_control/install/interbotix_common_sim/share/interbotix_common_sim/package.sh'
[0.395s] INFO:colcon.colcon_core.shell:Creating package script '/workspace/koch_control/install/interbotix_common_sim/share/interbotix_common_sim/package.bash'
[0.395s] INFO:colcon.colcon_core.shell:Creating package script '/workspace/koch_control/install/interbotix_common_sim/share/interbotix_common_sim/package.zsh'
[0.395s] Level 1:colcon.colcon_core.environment:create_file_with_runtime_dependencies(/workspace/koch_control/install/interbotix_common_sim/share/colcon-core/packages/interbotix_common_sim)
[0.396s] Level 1:colcon.colcon_core.environment:create_environment_scripts_only(interbotix_common_sim)
[0.396s] Level 1:colcon.colcon_core.environment:checking '/workspace/koch_control/install/interbotix_common_sim' for CMake module files
[0.396s] Level 1:colcon.colcon_core.environment:checking '/workspace/koch_control/install/interbotix_common_sim' for CMake config files
[0.396s] Level 1:colcon.colcon_core.shell:create_environment_hook('interbotix_common_sim', 'cmake_prefix_path')
[0.396s] INFO:colcon.colcon_core.shell:Creating environment hook '/workspace/koch_control/install/interbotix_common_sim/share/interbotix_common_sim/hook/cmake_prefix_path.ps1'
[0.396s] INFO:colcon.colcon_core.shell:Creating environment descriptor '/workspace/koch_control/install/interbotix_common_sim/share/interbotix_common_sim/hook/cmake_prefix_path.dsv'
[0.396s] INFO:colcon.colcon_core.shell:Creating environment hook '/workspace/koch_control/install/interbotix_common_sim/share/interbotix_common_sim/hook/cmake_prefix_path.sh'
[0.397s] Level 1:colcon.colcon_core.environment:checking '/workspace/koch_control/install/interbotix_common_sim/bin'
[0.397s] Level 1:colcon.colcon_core.environment:checking '/workspace/koch_control/install/interbotix_common_sim/lib/pkgconfig/interbotix_common_sim.pc'
[0.397s] Level 1:colcon.colcon_core.environment:checking '/workspace/koch_control/install/interbotix_common_sim/lib/python3.10/site-packages'
[0.397s] Level 1:colcon.colcon_core.environment:checking '/workspace/koch_control/install/interbotix_common_sim/bin'
[0.397s] INFO:colcon.colcon_core.shell:Creating package script '/workspace/koch_control/install/interbotix_common_sim/share/interbotix_common_sim/package.ps1'
[0.397s] INFO:colcon.colcon_core.shell:Creating package descriptor '/workspace/koch_control/install/interbotix_common_sim/share/interbotix_common_sim/package.dsv'
[0.397s] INFO:colcon.colcon_core.shell:Creating package script '/workspace/koch_control/install/interbotix_common_sim/share/interbotix_common_sim/package.sh'
[0.397s] INFO:colcon.colcon_core.shell:Creating package script '/workspace/koch_control/install/interbotix_common_sim/share/interbotix_common_sim/package.bash'
[0.398s] INFO:colcon.colcon_core.shell:Creating package script '/workspace/koch_control/install/interbotix_common_sim/share/interbotix_common_sim/package.zsh'
[0.398s] Level 1:colcon.colcon_core.environment:create_file_with_runtime_dependencies(/workspace/koch_control/install/interbotix_common_sim/share/colcon-core/packages/interbotix_common_sim)
[0.400s] DEBUG:colcon.colcon_core.event_handler.log_command:Invoking command in '/workspace/koch_control/build/interbotix_xs_driver': AMENT_PREFIX_PATH=/workspace/koch_control/install/dynamixel_workbench_toolbox:${AMENT_PREFIX_PATH} CMAKE_PREFIX_PATH=/workspace/koch_control/install/dynamixel_workbench_toolbox:/opt/ros/humble LD_LIBRARY_PATH=/workspace/koch_control/install/dynamixel_workbench_toolbox/lib:${LD_LIBRARY_PATH} /usr/bin/cmake --build /workspace/koch_control/build/interbotix_xs_driver -- -j32 -l32
[0.400s] DEBUG:colcon.colcon_core.event_handler.log_command:Invoked command in '/workspace/koch_control/build/interbotix_tf_tools' returned '0': CMAKE_PREFIX_PATH=/opt/ros/humble /usr/bin/cmake --build /workspace/koch_control/build/interbotix_tf_tools -- -j32 -l32
[0.401s] DEBUG:colcon.colcon_core.event_handler.log_command:Invoking command in '/workspace/koch_control/build/interbotix_tf_tools': CMAKE_PREFIX_PATH=/opt/ros/humble /usr/bin/cmake --install /workspace/koch_control/build/interbotix_tf_tools
[0.401s] DEBUG:colcon.colcon_core.event_handler.log_command:Invoked command in '/workspace/koch_control/build/interbotix_xs_msgs' returned '0': CMAKE_PREFIX_PATH=/opt/ros/humble /usr/bin/cmake --build /workspace/koch_control/build/interbotix_xs_msgs -- -j32 -l32
[0.402s] DEBUG:colcon.colcon_core.event_handler.log_command:Invoking command in '/workspace/koch_control/build/interbotix_xs_msgs': CMAKE_PREFIX_PATH=/opt/ros/humble /usr/bin/cmake --install /workspace/koch_control/build/interbotix_xs_msgs
[0.410s] Level 1:colcon.colcon_core.environment:create_environment_scripts_only(interbotix_tf_tools)
[0.410s] Level 1:colcon.colcon_core.environment:checking '/workspace/koch_control/install/interbotix_tf_tools' for CMake module files
[0.410s] DEBUG:colcon.colcon_core.event_handler.log_command:Invoked command in '/workspace/koch_control/build/interbotix_tf_tools' returned '0': CMAKE_PREFIX_PATH=/opt/ros/humble /usr/bin/cmake --install /workspace/koch_control/build/interbotix_tf_tools
[0.411s] Level 1:colcon.colcon_core.environment:checking '/workspace/koch_control/install/interbotix_tf_tools' for CMake config files
[0.411s] Level 1:colcon.colcon_core.shell:create_environment_hook('interbotix_tf_tools', 'cmake_prefix_path')
[0.412s] INFO:colcon.colcon_core.shell:Creating environment hook '/workspace/koch_control/install/interbotix_tf_tools/share/interbotix_tf_tools/hook/cmake_prefix_path.ps1'
[0.412s] INFO:colcon.colcon_core.shell:Creating environment descriptor '/workspace/koch_control/install/interbotix_tf_tools/share/interbotix_tf_tools/hook/cmake_prefix_path.dsv'
[0.413s] INFO:colcon.colcon_core.shell:Creating environment hook '/workspace/koch_control/install/interbotix_tf_tools/share/interbotix_tf_tools/hook/cmake_prefix_path.sh'
[0.413s] Level 1:colcon.colcon_core.environment:checking '/workspace/koch_control/install/interbotix_tf_tools/lib'
[0.413s] Level 1:colcon.colcon_core.shell:create_environment_hook('interbotix_tf_tools', 'ld_library_path_lib')
[0.413s] INFO:colcon.colcon_core.shell:Creating environment hook '/workspace/koch_control/install/interbotix_tf_tools/share/interbotix_tf_tools/hook/ld_library_path_lib.ps1'
[0.414s] INFO:colcon.colcon_core.shell:Creating environment descriptor '/workspace/koch_control/install/interbotix_tf_tools/share/interbotix_tf_tools/hook/ld_library_path_lib.dsv'
[0.415s] INFO:colcon.colcon_core.shell:Creating environment hook '/workspace/koch_control/install/interbotix_tf_tools/share/interbotix_tf_tools/hook/ld_library_path_lib.sh'
[0.415s] Level 1:colcon.colcon_core.environment:checking '/workspace/koch_control/install/interbotix_tf_tools/bin'
[0.415s] Level 1:colcon.colcon_core.environment:checking '/workspace/koch_control/install/interbotix_tf_tools/lib/pkgconfig/interbotix_tf_tools.pc'
[0.415s] Level 1:colcon.colcon_core.environment:checking '/workspace/koch_control/install/interbotix_tf_tools/lib/python3.10/site-packages'
[0.416s] Level 1:colcon.colcon_core.environment:checking '/workspace/koch_control/install/interbotix_tf_tools/bin'
[0.416s] INFO:colcon.colcon_core.shell:Creating package script '/workspace/koch_control/install/interbotix_tf_tools/share/interbotix_tf_tools/package.ps1'
[0.417s] INFO:colcon.colcon_core.shell:Creating package descriptor '/workspace/koch_control/install/interbotix_tf_tools/share/interbotix_tf_tools/package.dsv'
[0.417s] INFO:colcon.colcon_core.shell:Creating package script '/workspace/koch_control/install/interbotix_tf_tools/share/interbotix_tf_tools/package.sh'
[0.417s] INFO:colcon.colcon_core.shell:Creating package script '/workspace/koch_control/install/interbotix_tf_tools/share/interbotix_tf_tools/package.bash'
[0.418s] INFO:colcon.colcon_core.shell:Creating package script '/workspace/koch_control/install/interbotix_tf_tools/share/interbotix_tf_tools/package.zsh'
[0.418s] Level 1:colcon.colcon_core.environment:create_file_with_runtime_dependencies(/workspace/koch_control/install/interbotix_tf_tools/share/colcon-core/packages/interbotix_tf_tools)
[0.419s] Level 1:colcon.colcon_core.environment:create_environment_scripts_only(interbotix_tf_tools)
[0.419s] Level 1:colcon.colcon_core.environment:checking '/workspace/koch_control/install/interbotix_tf_tools' for CMake module files
[0.420s] Level 1:colcon.colcon_core.environment:checking '/workspace/koch_control/install/interbotix_tf_tools' for CMake config files
[0.421s] Level 1:colcon.colcon_core.shell:create_environment_hook('interbotix_tf_tools', 'cmake_prefix_path')
[0.422s] INFO:colcon.colcon_core.shell:Creating environment hook '/workspace/koch_control/install/interbotix_tf_tools/share/interbotix_tf_tools/hook/cmake_prefix_path.ps1'
[0.423s] INFO:colcon.colcon_core.shell:Creating environment descriptor '/workspace/koch_control/install/interbotix_tf_tools/share/interbotix_tf_tools/hook/cmake_prefix_path.dsv'
[0.423s] INFO:colcon.colcon_core.shell:Creating environment hook '/workspace/koch_control/install/interbotix_tf_tools/share/interbotix_tf_tools/hook/cmake_prefix_path.sh'
[0.424s] Level 1:colcon.colcon_core.environment:checking '/workspace/koch_control/install/interbotix_tf_tools/lib'
[0.424s] Level 1:colcon.colcon_core.shell:create_environment_hook('interbotix_tf_tools', 'ld_library_path_lib')
[0.424s] INFO:colcon.colcon_core.shell:Creating environment hook '/workspace/koch_control/install/interbotix_tf_tools/share/interbotix_tf_tools/hook/ld_library_path_lib.ps1'
[0.425s] INFO:colcon.colcon_core.shell:Creating environment descriptor '/workspace/koch_control/install/interbotix_tf_tools/share/interbotix_tf_tools/hook/ld_library_path_lib.dsv'
[0.425s] INFO:colcon.colcon_core.shell:Creating environment hook '/workspace/koch_control/install/interbotix_tf_tools/share/interbotix_tf_tools/hook/ld_library_path_lib.sh'
[0.425s] Level 1:colcon.colcon_core.environment:checking '/workspace/koch_control/install/interbotix_tf_tools/bin'
[0.425s] Level 1:colcon.colcon_core.environment:checking '/workspace/koch_control/install/interbotix_tf_tools/lib/pkgconfig/interbotix_tf_tools.pc'
[0.425s] Level 1:colcon.colcon_core.environment:checking '/workspace/koch_control/install/interbotix_tf_tools/lib/python3.10/site-packages'
[0.425s] Level 1:colcon.colcon_core.environment:checking '/workspace/koch_control/install/interbotix_tf_tools/bin'
[0.425s] INFO:colcon.colcon_core.shell:Creating package script '/workspace/koch_control/install/interbotix_tf_tools/share/interbotix_tf_tools/package.ps1'
[0.426s] INFO:colcon.colcon_core.shell:Creating package descriptor '/workspace/koch_control/install/interbotix_tf_tools/share/interbotix_tf_tools/package.dsv'
[0.426s] INFO:colcon.colcon_core.shell:Creating package script '/workspace/koch_control/install/interbotix_tf_tools/share/interbotix_tf_tools/package.sh'
[0.426s] INFO:colcon.colcon_core.shell:Creating package script '/workspace/koch_control/install/interbotix_tf_tools/share/interbotix_tf_tools/package.bash'
[0.426s] INFO:colcon.colcon_core.shell:Creating package script '/workspace/koch_control/install/interbotix_tf_tools/share/interbotix_tf_tools/package.zsh'
[0.426s] Level 1:colcon.colcon_core.environment:create_file_with_runtime_dependencies(/workspace/koch_control/install/interbotix_tf_tools/share/colcon-core/packages/interbotix_tf_tools)
[0.430s] DEBUG:colcon.colcon_core.event_handler.log_command:Invoked command in '/workspace/koch_control/build/interbotix_xs_driver' returned '0': AMENT_PREFIX_PATH=/workspace/koch_control/install/dynamixel_workbench_toolbox:${AMENT_PREFIX_PATH} CMAKE_PREFIX_PATH=/workspace/koch_control/install/dynamixel_workbench_toolbox:/opt/ros/humble LD_LIBRARY_PATH=/workspace/koch_control/install/dynamixel_workbench_toolbox/lib:${LD_LIBRARY_PATH} /usr/bin/cmake --build /workspace/koch_control/build/interbotix_xs_driver -- -j32 -l32
[0.431s] DEBUG:colcon.colcon_core.event_handler.log_command:Invoking command in '/workspace/koch_control/build/interbotix_xs_driver': AMENT_PREFIX_PATH=/workspace/koch_control/install/dynamixel_workbench_toolbox:${AMENT_PREFIX_PATH} CMAKE_PREFIX_PATH=/workspace/koch_control/install/dynamixel_workbench_toolbox:/opt/ros/humble LD_LIBRARY_PATH=/workspace/koch_control/install/dynamixel_workbench_toolbox/lib:${LD_LIBRARY_PATH} /usr/bin/cmake --install /workspace/koch_control/build/interbotix_xs_driver
[0.441s] Level 1:colcon.colcon_core.environment:create_environment_scripts_only(interbotix_xs_driver)
[0.441s] Level 1:colcon.colcon_core.environment:checking '/workspace/koch_control/install/interbotix_xs_driver' for CMake module files
[0.441s] DEBUG:colcon.colcon_core.event_handler.log_command:Invoked command in '/workspace/koch_control/build/interbotix_xs_driver' returned '0': AMENT_PREFIX_PATH=/workspace/koch_control/install/dynamixel_workbench_toolbox:${AMENT_PREFIX_PATH} CMAKE_PREFIX_PATH=/workspace/koch_control/install/dynamixel_workbench_toolbox:/opt/ros/humble LD_LIBRARY_PATH=/workspace/koch_control/install/dynamixel_workbench_toolbox/lib:${LD_LIBRARY_PATH} /usr/bin/cmake --install /workspace/koch_control/build/interbotix_xs_driver
[0.441s] Level 1:colcon.colcon_core.environment:checking '/workspace/koch_control/install/interbotix_xs_driver' for CMake config files
[0.442s] Level 1:colcon.colcon_core.shell:create_environment_hook('interbotix_xs_driver', 'cmake_prefix_path')
[0.442s] INFO:colcon.colcon_core.shell:Creating environment hook '/workspace/koch_control/install/interbotix_xs_driver/share/interbotix_xs_driver/hook/cmake_prefix_path.ps1'
[0.442s] INFO:colcon.colcon_core.shell:Creating environment descriptor '/workspace/koch_control/install/interbotix_xs_driver/share/interbotix_xs_driver/hook/cmake_prefix_path.dsv'
[0.442s] INFO:colcon.colcon_core.shell:Creating environment hook '/workspace/koch_control/install/interbotix_xs_driver/share/interbotix_xs_driver/hook/cmake_prefix_path.sh'
[0.442s] Level 1:colcon.colcon_core.environment:checking '/workspace/koch_control/install/interbotix_xs_driver/lib'
[0.442s] Level 1:colcon.colcon_core.shell:create_environment_hook('interbotix_xs_driver', 'ld_library_path_lib')
[0.442s] INFO:colcon.colcon_core.shell:Creating environment hook '/workspace/koch_control/install/interbotix_xs_driver/share/interbotix_xs_driver/hook/ld_library_path_lib.ps1'
[0.443s] INFO:colcon.colcon_core.shell:Creating environment descriptor '/workspace/koch_control/install/interbotix_xs_driver/share/interbotix_xs_driver/hook/ld_library_path_lib.dsv'
[0.443s] INFO:colcon.colcon_core.shell:Creating environment hook '/workspace/koch_control/install/interbotix_xs_driver/share/interbotix_xs_driver/hook/ld_library_path_lib.sh'
[0.443s] Level 1:colcon.colcon_core.environment:checking '/workspace/koch_control/install/interbotix_xs_driver/bin'
[0.443s] Level 1:colcon.colcon_core.environment:checking '/workspace/koch_control/install/interbotix_xs_driver/lib/pkgconfig/interbotix_xs_driver.pc'
[0.443s] Level 1:colcon.colcon_core.environment:checking '/workspace/koch_control/install/interbotix_xs_driver/lib/python3.10/site-packages'
[0.443s] Level 1:colcon.colcon_core.environment:checking '/workspace/koch_control/install/interbotix_xs_driver/bin'
[0.444s] INFO:colcon.colcon_core.shell:Creating package script '/workspace/koch_control/install/interbotix_xs_driver/share/interbotix_xs_driver/package.ps1'
[0.444s] INFO:colcon.colcon_core.shell:Creating package descriptor '/workspace/koch_control/install/interbotix_xs_driver/share/interbotix_xs_driver/package.dsv'
[0.444s] INFO:colcon.colcon_core.shell:Creating package script '/workspace/koch_control/install/interbotix_xs_driver/share/interbotix_xs_driver/package.sh'
[0.444s] INFO:colcon.colcon_core.shell:Creating package script '/workspace/koch_control/install/interbotix_xs_driver/share/interbotix_xs_driver/package.bash'
[0.444s] INFO:colcon.colcon_core.shell:Creating package script '/workspace/koch_control/install/interbotix_xs_driver/share/interbotix_xs_driver/package.zsh'
[0.444s] Level 1:colcon.colcon_core.environment:create_file_with_runtime_dependencies(/workspace/koch_control/install/interbotix_xs_driver/share/colcon-core/packages/interbotix_xs_driver)
[0.445s] Level 1:colcon.colcon_core.environment:create_environment_scripts_only(interbotix_xs_driver)
[0.445s] Level 1:colcon.colcon_core.environment:checking '/workspace/koch_control/install/interbotix_xs_driver' for CMake module files
[0.445s] Level 1:colcon.colcon_core.environment:checking '/workspace/koch_control/install/interbotix_xs_driver' for CMake config files
[0.445s] Level 1:colcon.colcon_core.shell:create_environment_hook('interbotix_xs_driver', 'cmake_prefix_path')
[0.445s] INFO:colcon.colcon_core.shell:Creating environment hook '/workspace/koch_control/install/interbotix_xs_driver/share/interbotix_xs_driver/hook/cmake_prefix_path.ps1'
[0.445s] INFO:colcon.colcon_core.shell:Creating environment descriptor '/workspace/koch_control/install/interbotix_xs_driver/share/interbotix_xs_driver/hook/cmake_prefix_path.dsv'
[0.446s] INFO:colcon.colcon_core.shell:Creating environment hook '/workspace/koch_control/install/interbotix_xs_driver/share/interbotix_xs_driver/hook/cmake_prefix_path.sh'
[0.446s] Level 1:colcon.colcon_core.environment:checking '/workspace/koch_control/install/interbotix_xs_driver/lib'
[0.446s] Level 1:colcon.colcon_core.shell:create_environment_hook('interbotix_xs_driver', 'ld_library_path_lib')
[0.446s] INFO:colcon.colcon_core.shell:Creating environment hook '/workspace/koch_control/install/interbotix_xs_driver/share/interbotix_xs_driver/hook/ld_library_path_lib.ps1'
[0.446s] INFO:colcon.colcon_core.shell:Creating environment descriptor '/workspace/koch_control/install/interbotix_xs_driver/share/interbotix_xs_driver/hook/ld_library_path_lib.dsv'
[0.446s] INFO:colcon.colcon_core.shell:Creating environment hook '/workspace/koch_control/install/interbotix_xs_driver/share/interbotix_xs_driver/hook/ld_library_path_lib.sh'
[0.446s] Level 1:colcon.colcon_core.environment:checking '/workspace/koch_control/install/interbotix_xs_driver/bin'
[0.446s] Level 1:colcon.colcon_core.environment:checking '/workspace/koch_control/install/interbotix_xs_driver/lib/pkgconfig/interbotix_xs_driver.pc'
[0.446s] Level 1:colcon.colcon_core.environment:checking '/workspace/koch_control/install/interbotix_xs_driver/lib/python3.10/site-packages'
[0.446s] Level 1:colcon.colcon_core.environment:checking '/workspace/koch_control/install/interbotix_xs_driver/bin'
[0.447s] INFO:colcon.colcon_core.shell:Creating package script '/workspace/koch_control/install/interbotix_xs_driver/share/interbotix_xs_driver/package.ps1'
[0.447s] INFO:colcon.colcon_core.shell:Creating package descriptor '/workspace/koch_control/install/interbotix_xs_driver/share/interbotix_xs_driver/package.dsv'
[0.447s] INFO:colcon.colcon_core.shell:Creating package script '/workspace/koch_control/install/interbotix_xs_driver/share/interbotix_xs_driver/package.sh'
[0.447s] INFO:colcon.colcon_core.shell:Creating package script '/workspace/koch_control/install/interbotix_xs_driver/share/interbotix_xs_driver/package.bash'
[0.447s] INFO:colcon.colcon_core.shell:Creating package script '/workspace/koch_control/install/interbotix_xs_driver/share/interbotix_xs_driver/package.zsh'
[0.447s] Level 1:colcon.colcon_core.environment:create_file_with_runtime_dependencies(/workspace/koch_control/install/interbotix_xs_driver/share/colcon-core/packages/interbotix_xs_driver)
[0.451s] Level 1:colcon.colcon_core.environment:create_environment_scripts_only(interbotix_xs_msgs)
[0.451s] Level 1:colcon.colcon_core.environment:checking '/workspace/koch_control/install/interbotix_xs_msgs' for CMake module files
[0.451s] DEBUG:colcon.colcon_core.event_handler.log_command:Invoked command in '/workspace/koch_control/build/interbotix_xs_msgs' returned '0': CMAKE_PREFIX_PATH=/opt/ros/humble /usr/bin/cmake --install /workspace/koch_control/build/interbotix_xs_msgs
[0.451s] Level 1:colcon.colcon_core.environment:checking '/workspace/koch_control/install/interbotix_xs_msgs' for CMake config files
[0.452s] Level 1:colcon.colcon_core.shell:create_environment_hook('interbotix_xs_msgs', 'cmake_prefix_path')
[0.452s] INFO:colcon.colcon_core.shell:Creating environment hook '/workspace/koch_control/install/interbotix_xs_msgs/share/interbotix_xs_msgs/hook/cmake_prefix_path.ps1'
[0.452s] INFO:colcon.colcon_core.shell:Creating environment descriptor '/workspace/koch_control/install/interbotix_xs_msgs/share/interbotix_xs_msgs/hook/cmake_prefix_path.dsv'
[0.452s] INFO:colcon.colcon_core.shell:Creating environment hook '/workspace/koch_control/install/interbotix_xs_msgs/share/interbotix_xs_msgs/hook/cmake_prefix_path.sh'
[0.452s] Level 1:colcon.colcon_core.environment:checking '/workspace/koch_control/install/interbotix_xs_msgs/lib'
[0.452s] Level 1:colcon.colcon_core.shell:create_environment_hook('interbotix_xs_msgs', 'ld_library_path_lib')
[0.452s] INFO:colcon.colcon_core.shell:Creating environment hook '/workspace/koch_control/install/interbotix_xs_msgs/share/interbotix_xs_msgs/hook/ld_library_path_lib.ps1'
[0.453s] INFO:colcon.colcon_core.shell:Creating environment descriptor '/workspace/koch_control/install/interbotix_xs_msgs/share/interbotix_xs_msgs/hook/ld_library_path_lib.dsv'
[0.453s] INFO:colcon.colcon_core.shell:Creating environment hook '/workspace/koch_control/install/interbotix_xs_msgs/share/interbotix_xs_msgs/hook/ld_library_path_lib.sh'
[0.453s] Level 1:colcon.colcon_core.environment:checking '/workspace/koch_control/install/interbotix_xs_msgs/bin'
[0.453s] Level 1:colcon.colcon_core.environment:checking '/workspace/koch_control/install/interbotix_xs_msgs/lib/pkgconfig/interbotix_xs_msgs.pc'
[0.453s] Level 1:colcon.colcon_core.environment:checking '/workspace/koch_control/install/interbotix_xs_msgs/lib/python3.10/site-packages'
[0.453s] Level 1:colcon.colcon_core.environment:checking '/workspace/koch_control/install/interbotix_xs_msgs/bin'
[0.453s] INFO:colcon.colcon_core.shell:Creating package script '/workspace/koch_control/install/interbotix_xs_msgs/share/interbotix_xs_msgs/package.ps1'
[0.453s] INFO:colcon.colcon_core.shell:Creating package descriptor '/workspace/koch_control/install/interbotix_xs_msgs/share/interbotix_xs_msgs/package.dsv'
[0.454s] INFO:colcon.colcon_core.shell:Creating package script '/workspace/koch_control/install/interbotix_xs_msgs/share/interbotix_xs_msgs/package.sh'
[0.454s] INFO:colcon.colcon_core.shell:Creating package script '/workspace/koch_control/install/interbotix_xs_msgs/share/interbotix_xs_msgs/package.bash'
[0.454s] INFO:colcon.colcon_core.shell:Creating package script '/workspace/koch_control/install/interbotix_xs_msgs/share/interbotix_xs_msgs/package.zsh'
[0.454s] Level 1:colcon.colcon_core.environment:create_file_with_runtime_dependencies(/workspace/koch_control/install/interbotix_xs_msgs/share/colcon-core/packages/interbotix_xs_msgs)
[0.454s] Level 1:colcon.colcon_core.environment:create_environment_scripts_only(interbotix_xs_msgs)
[0.454s] Level 1:colcon.colcon_core.environment:checking '/workspace/koch_control/install/interbotix_xs_msgs' for CMake module files
[0.455s] Level 1:colcon.colcon_core.environment:checking '/workspace/koch_control/install/interbotix_xs_msgs' for CMake config files
[0.455s] Level 1:colcon.colcon_core.shell:create_environment_hook('interbotix_xs_msgs', 'cmake_prefix_path')
[0.455s] INFO:colcon.colcon_core.shell:Creating environment hook '/workspace/koch_control/install/interbotix_xs_msgs/share/interbotix_xs_msgs/hook/cmake_prefix_path.ps1'
[0.455s] INFO:colcon.colcon_core.shell:Creating environment descriptor '/workspace/koch_control/install/interbotix_xs_msgs/share/interbotix_xs_msgs/hook/cmake_prefix_path.dsv'
[0.455s] INFO:colcon.colcon_core.shell:Creating environment hook '/workspace/koch_control/install/interbotix_xs_msgs/share/interbotix_xs_msgs/hook/cmake_prefix_path.sh'
[0.455s] Level 1:colcon.colcon_core.environment:checking '/workspace/koch_control/install/interbotix_xs_msgs/lib'
[0.455s] Level 1:colcon.colcon_core.shell:create_environment_hook('interbotix_xs_msgs', 'ld_library_path_lib')
[0.455s] INFO:colcon.colcon_core.shell:Creating environment hook '/workspace/koch_control/install/interbotix_xs_msgs/share/interbotix_xs_msgs/hook/ld_library_path_lib.ps1'
[0.456s] INFO:colcon.colcon_core.shell:Creating environment descriptor '/workspace/koch_control/install/interbotix_xs_msgs/share/interbotix_xs_msgs/hook/ld_library_path_lib.dsv'
[0.456s] INFO:colcon.colcon_core.shell:Creating environment hook '/workspace/koch_control/install/interbotix_xs_msgs/share/interbotix_xs_msgs/hook/ld_library_path_lib.sh'
[0.456s] Level 1:colcon.colcon_core.environment:checking '/workspace/koch_control/install/interbotix_xs_msgs/bin'
[0.456s] Level 1:colcon.colcon_core.environment:checking '/workspace/koch_control/install/interbotix_xs_msgs/lib/pkgconfig/interbotix_xs_msgs.pc'
[0.456s] Level 1:colcon.colcon_core.environment:checking '/workspace/koch_control/install/interbotix_xs_msgs/lib/python3.10/site-packages'
[0.456s] Level 1:colcon.colcon_core.environment:checking '/workspace/koch_control/install/interbotix_xs_msgs/bin'
[0.456s] INFO:colcon.colcon_core.shell:Creating package script '/workspace/koch_control/install/interbotix_xs_msgs/share/interbotix_xs_msgs/package.ps1'
[0.456s] INFO:colcon.colcon_core.shell:Creating package descriptor '/workspace/koch_control/install/interbotix_xs_msgs/share/interbotix_xs_msgs/package.dsv'
[0.457s] INFO:colcon.colcon_core.shell:Creating package script '/workspace/koch_control/install/interbotix_xs_msgs/share/interbotix_xs_msgs/package.sh'
[0.457s] INFO:colcon.colcon_core.shell:Creating package script '/workspace/koch_control/install/interbotix_xs_msgs/share/interbotix_xs_msgs/package.bash'
[0.457s] INFO:colcon.colcon_core.shell:Creating package script '/workspace/koch_control/install/interbotix_xs_msgs/share/interbotix_xs_msgs/package.zsh'
[0.457s] Level 1:colcon.colcon_core.environment:create_file_with_runtime_dependencies(/workspace/koch_control/install/interbotix_xs_msgs/share/colcon-core/packages/interbotix_xs_msgs)
[0.457s] INFO:colcon.colcon_ros.task.ament_cmake.build:Building ROS package in '/workspace/koch_control/interbotix_ros_core/interbotix_ros_xseries/interbotix_xs_sdk' with build type 'ament_cmake'
[0.457s] INFO:colcon.colcon_cmake.task.cmake.build:Building CMake package in '/workspace/koch_control/interbotix_ros_core/interbotix_ros_xseries/interbotix_xs_sdk'
[0.457s] INFO:colcon.colcon_core.shell:Skip shell extension 'powershell' for command environment: Not usable outside of PowerShell
[0.457s] DEBUG:colcon.colcon_core.shell:Skip shell extension 'dsv' for command environment
[0.459s] INFO:colcon.colcon_ros.task.ament_cmake.build:Building ROS package in '/workspace/koch_control/interbotix_ros_toolboxes/interbotix_xs_toolbox/interbotix_xs_ros_control' with build type 'ament_cmake'
[0.459s] INFO:colcon.colcon_cmake.task.cmake.build:Building CMake package in '/workspace/koch_control/interbotix_ros_toolboxes/interbotix_xs_toolbox/interbotix_xs_ros_control'
[0.459s] INFO:colcon.colcon_core.shell:Skip shell extension 'powershell' for command environment: Not usable outside of PowerShell
[0.459s] DEBUG:colcon.colcon_core.shell:Skip shell extension 'dsv' for command environment
[0.460s] INFO:colcon.colcon_ros.task.ament_cmake.build:Building ROS package in '/workspace/koch_control/interbotix_ros_toolboxes/interbotix_common_toolbox/interbotix_gravity_compensation' with build type 'ament_cmake'
[0.460s] INFO:colcon.colcon_cmake.task.cmake.build:Building CMake package in '/workspace/koch_control/interbotix_ros_toolboxes/interbotix_common_toolbox/interbotix_gravity_compensation'
[0.460s] INFO:colcon.colcon_core.shell:Skip shell extension 'powershell' for command environment: Not usable outside of PowerShell
[0.460s] DEBUG:colcon.colcon_core.shell:Skip shell extension 'dsv' for command environment
[0.463s] DEBUG:colcon.colcon_core.event_handler.log_command:Invoking command in '/workspace/koch_control/build/interbotix_xs_ros_control': AMENT_PREFIX_PATH=/workspace/koch_control/install/interbotix_xs_msgs:${AMENT_PREFIX_PATH} CMAKE_PREFIX_PATH=/workspace/koch_control/install/interbotix_xs_msgs:/opt/ros/humble LD_LIBRARY_PATH=/workspace/koch_control/install/interbotix_xs_msgs/lib:${LD_LIBRARY_PATH} PYTHONPATH=/workspace/koch_control/install/interbotix_xs_msgs/local/lib/python3.10/dist-packages:${PYTHONPATH} /usr/bin/cmake --build /workspace/koch_control/build/interbotix_xs_ros_control -- -j32 -l32
[0.464s] DEBUG:colcon.colcon_core.event_handler.log_command:Invoking command in '/workspace/koch_control/build/interbotix_xs_sdk': AMENT_PREFIX_PATH=/workspace/koch_control/install/interbotix_xs_driver:/workspace/koch_control/install/interbotix_xs_msgs:/workspace/koch_control/install/dynamixel_workbench_toolbox:${AMENT_PREFIX_PATH} CMAKE_PREFIX_PATH=/workspace/koch_control/install/interbotix_xs_driver:/workspace/koch_control/install/interbotix_xs_msgs:/workspace/koch_control/install/dynamixel_workbench_toolbox:/opt/ros/humble LD_LIBRARY_PATH=/workspace/koch_control/install/interbotix_xs_driver/lib:/workspace/koch_control/install/interbotix_xs_msgs/lib:/workspace/koch_control/install/dynamixel_workbench_toolbox/lib:${LD_LIBRARY_PATH} PYTHONPATH=/workspace/koch_control/install/interbotix_xs_msgs/local/lib/python3.10/dist-packages:${PYTHONPATH} /usr/bin/cmake --build /workspace/koch_control/build/interbotix_xs_sdk -- -j32 -l32
[0.465s] DEBUG:colcon.colcon_core.event_handler.log_command:Invoking command in '/workspace/koch_control/build/interbotix_gravity_compensation': AMENT_PREFIX_PATH=/workspace/koch_control/install/interbotix_xs_msgs:${AMENT_PREFIX_PATH} CMAKE_PREFIX_PATH=/workspace/koch_control/install/interbotix_xs_msgs:/opt/ros/humble LD_LIBRARY_PATH=/workspace/koch_control/install/interbotix_xs_msgs/lib:${LD_LIBRARY_PATH} PYTHONPATH=/workspace/koch_control/install/interbotix_xs_msgs/local/lib/python3.10/dist-packages:${PYTHONPATH} /usr/bin/cmake --build /workspace/koch_control/build/interbotix_gravity_compensation -- -j32 -l32
[0.495s] DEBUG:colcon.colcon_core.event_handler.log_command:Invoked command in '/workspace/koch_control/build/interbotix_xs_sdk' returned '0': AMENT_PREFIX_PATH=/workspace/koch_control/install/interbotix_xs_driver:/workspace/koch_control/install/interbotix_xs_msgs:/workspace/koch_control/install/dynamixel_workbench_toolbox:${AMENT_PREFIX_PATH} CMAKE_PREFIX_PATH=/workspace/koch_control/install/interbotix_xs_driver:/workspace/koch_control/install/interbotix_xs_msgs:/workspace/koch_control/install/dynamixel_workbench_toolbox:/opt/ros/humble LD_LIBRARY_PATH=/workspace/koch_control/install/interbotix_xs_driver/lib:/workspace/koch_control/install/interbotix_xs_msgs/lib:/workspace/koch_control/install/dynamixel_workbench_toolbox/lib:${LD_LIBRARY_PATH} PYTHONPATH=/workspace/koch_control/install/interbotix_xs_msgs/local/lib/python3.10/dist-packages:${PYTHONPATH} /usr/bin/cmake --build /workspace/koch_control/build/interbotix_xs_sdk -- -j32 -l32
[0.496s] DEBUG:colcon.colcon_core.event_handler.log_command:Invoking command in '/workspace/koch_control/build/interbotix_xs_sdk': AMENT_PREFIX_PATH=/workspace/koch_control/install/interbotix_xs_driver:/workspace/koch_control/install/interbotix_xs_msgs:/workspace/koch_control/install/dynamixel_workbench_toolbox:${AMENT_PREFIX_PATH} CMAKE_PREFIX_PATH=/workspace/koch_control/install/interbotix_xs_driver:/workspace/koch_control/install/interbotix_xs_msgs:/workspace/koch_control/install/dynamixel_workbench_toolbox:/opt/ros/humble LD_LIBRARY_PATH=/workspace/koch_control/install/interbotix_xs_driver/lib:/workspace/koch_control/install/interbotix_xs_msgs/lib:/workspace/koch_control/install/dynamixel_workbench_toolbox/lib:${LD_LIBRARY_PATH} PYTHONPATH=/workspace/koch_control/install/interbotix_xs_msgs/local/lib/python3.10/dist-packages:${PYTHONPATH} /usr/bin/cmake --install /workspace/koch_control/build/interbotix_xs_sdk
[0.497s] DEBUG:colcon.colcon_core.event_handler.log_command:Invoked command in '/workspace/koch_control/build/interbotix_gravity_compensation' returned '0': AMENT_PREFIX_PATH=/workspace/koch_control/install/interbotix_xs_msgs:${AMENT_PREFIX_PATH} CMAKE_PREFIX_PATH=/workspace/koch_control/install/interbotix_xs_msgs:/opt/ros/humble LD_LIBRARY_PATH=/workspace/koch_control/install/interbotix_xs_msgs/lib:${LD_LIBRARY_PATH} PYTHONPATH=/workspace/koch_control/install/interbotix_xs_msgs/local/lib/python3.10/dist-packages:${PYTHONPATH} /usr/bin/cmake --build /workspace/koch_control/build/interbotix_gravity_compensation -- -j32 -l32
[0.498s] DEBUG:colcon.colcon_core.event_handler.log_command:Invoking command in '/workspace/koch_control/build/interbotix_gravity_compensation': AMENT_PREFIX_PATH=/workspace/koch_control/install/interbotix_xs_msgs:${AMENT_PREFIX_PATH} CMAKE_PREFIX_PATH=/workspace/koch_control/install/interbotix_xs_msgs:/opt/ros/humble LD_LIBRARY_PATH=/workspace/koch_control/install/interbotix_xs_msgs/lib:${LD_LIBRARY_PATH} PYTHONPATH=/workspace/koch_control/install/interbotix_xs_msgs/local/lib/python3.10/dist-packages:${PYTHONPATH} /usr/bin/cmake --install /workspace/koch_control/build/interbotix_gravity_compensation
[0.504s] DEBUG:colcon.colcon_core.event_handler.log_command:Invoked command in '/workspace/koch_control/build/interbotix_xs_ros_control' returned '0': AMENT_PREFIX_PATH=/workspace/koch_control/install/interbotix_xs_msgs:${AMENT_PREFIX_PATH} CMAKE_PREFIX_PATH=/workspace/koch_control/install/interbotix_xs_msgs:/opt/ros/humble LD_LIBRARY_PATH=/workspace/koch_control/install/interbotix_xs_msgs/lib:${LD_LIBRARY_PATH} PYTHONPATH=/workspace/koch_control/install/interbotix_xs_msgs/local/lib/python3.10/dist-packages:${PYTHONPATH} /usr/bin/cmake --build /workspace/koch_control/build/interbotix_xs_ros_control -- -j32 -l32
[0.506s] DEBUG:colcon.colcon_core.event_handler.log_command:Invoking command in '/workspace/koch_control/build/interbotix_xs_ros_control': AMENT_PREFIX_PATH=/workspace/koch_control/install/interbotix_xs_msgs:${AMENT_PREFIX_PATH} CMAKE_PREFIX_PATH=/workspace/koch_control/install/interbotix_xs_msgs:/opt/ros/humble LD_LIBRARY_PATH=/workspace/koch_control/install/interbotix_xs_msgs/lib:${LD_LIBRARY_PATH} PYTHONPATH=/workspace/koch_control/install/interbotix_xs_msgs/local/lib/python3.10/dist-packages:${PYTHONPATH} /usr/bin/cmake --install /workspace/koch_control/build/interbotix_xs_ros_control
[0.506s] Level 1:colcon.colcon_core.environment:create_environment_scripts_only(interbotix_xs_sdk)
[0.506s] Level 1:colcon.colcon_core.environment:checking '/workspace/koch_control/install/interbotix_xs_sdk' for CMake module files
[0.506s] DEBUG:colcon.colcon_core.event_handler.log_command:Invoked command in '/workspace/koch_control/build/interbotix_xs_sdk' returned '0': AMENT_PREFIX_PATH=/workspace/koch_control/install/interbotix_xs_driver:/workspace/koch_control/install/interbotix_xs_msgs:/workspace/koch_control/install/dynamixel_workbench_toolbox:${AMENT_PREFIX_PATH} CMAKE_PREFIX_PATH=/workspace/koch_control/install/interbotix_xs_driver:/workspace/koch_control/install/interbotix_xs_msgs:/workspace/koch_control/install/dynamixel_workbench_toolbox:/opt/ros/humble LD_LIBRARY_PATH=/workspace/koch_control/install/interbotix_xs_driver/lib:/workspace/koch_control/install/interbotix_xs_msgs/lib:/workspace/koch_control/install/dynamixel_workbench_toolbox/lib:${LD_LIBRARY_PATH} PYTHONPATH=/workspace/koch_control/install/interbotix_xs_msgs/local/lib/python3.10/dist-packages:${PYTHONPATH} /usr/bin/cmake --install /workspace/koch_control/build/interbotix_xs_sdk
[0.507s] Level 1:colcon.colcon_core.environment:checking '/workspace/koch_control/install/interbotix_xs_sdk' for CMake config files
[0.507s] Level 1:colcon.colcon_core.shell:create_environment_hook('interbotix_xs_sdk', 'cmake_prefix_path')
[0.507s] INFO:colcon.colcon_core.shell:Creating environment hook '/workspace/koch_control/install/interbotix_xs_sdk/share/interbotix_xs_sdk/hook/cmake_prefix_path.ps1'
[0.508s] INFO:colcon.colcon_core.shell:Creating environment descriptor '/workspace/koch_control/install/interbotix_xs_sdk/share/interbotix_xs_sdk/hook/cmake_prefix_path.dsv'
[0.508s] INFO:colcon.colcon_core.shell:Creating environment hook '/workspace/koch_control/install/interbotix_xs_sdk/share/interbotix_xs_sdk/hook/cmake_prefix_path.sh'
[0.508s] Level 1:colcon.colcon_core.environment:checking '/workspace/koch_control/install/interbotix_xs_sdk/lib'
[0.508s] Level 1:colcon.colcon_core.environment:checking '/workspace/koch_control/install/interbotix_xs_sdk/bin'
[0.508s] Level 1:colcon.colcon_core.environment:checking '/workspace/koch_control/install/interbotix_xs_sdk/lib/pkgconfig/interbotix_xs_sdk.pc'
[0.508s] Level 1:colcon.colcon_core.environment:checking '/workspace/koch_control/install/interbotix_xs_sdk/lib/python3.10/site-packages'
[0.508s] Level 1:colcon.colcon_core.environment:checking '/workspace/koch_control/install/interbotix_xs_sdk/bin'
[0.508s] INFO:colcon.colcon_core.shell:Creating package script '/workspace/koch_control/install/interbotix_xs_sdk/share/interbotix_xs_sdk/package.ps1'
[0.509s] INFO:colcon.colcon_core.shell:Creating package descriptor '/workspace/koch_control/install/interbotix_xs_sdk/share/interbotix_xs_sdk/package.dsv'
[0.510s] INFO:colcon.colcon_core.shell:Creating package script '/workspace/koch_control/install/interbotix_xs_sdk/share/interbotix_xs_sdk/package.sh'
[0.510s] INFO:colcon.colcon_core.shell:Creating package script '/workspace/koch_control/install/interbotix_xs_sdk/share/interbotix_xs_sdk/package.bash'
[0.510s] INFO:colcon.colcon_core.shell:Creating package script '/workspace/koch_control/install/interbotix_xs_sdk/share/interbotix_xs_sdk/package.zsh'
[0.510s] Level 1:colcon.colcon_core.environment:create_file_with_runtime_dependencies(/workspace/koch_control/install/interbotix_xs_sdk/share/colcon-core/packages/interbotix_xs_sdk)
[0.511s] Level 1:colcon.colcon_core.environment:create_environment_scripts_only(interbotix_xs_sdk)
[0.511s] Level 1:colcon.colcon_core.environment:checking '/workspace/koch_control/install/interbotix_xs_sdk' for CMake module files
[0.511s] Level 1:colcon.colcon_core.environment:checking '/workspace/koch_control/install/interbotix_xs_sdk' for CMake config files
[0.511s] Level 1:colcon.colcon_core.shell:create_environment_hook('interbotix_xs_sdk', 'cmake_prefix_path')
[0.511s] INFO:colcon.colcon_core.shell:Creating environment hook '/workspace/koch_control/install/interbotix_xs_sdk/share/interbotix_xs_sdk/hook/cmake_prefix_path.ps1'
[0.511s] INFO:colcon.colcon_core.shell:Creating environment descriptor '/workspace/koch_control/install/interbotix_xs_sdk/share/interbotix_xs_sdk/hook/cmake_prefix_path.dsv'
[0.511s] INFO:colcon.colcon_core.shell:Creating environment hook '/workspace/koch_control/install/interbotix_xs_sdk/share/interbotix_xs_sdk/hook/cmake_prefix_path.sh'
[0.511s] Level 1:colcon.colcon_core.environment:checking '/workspace/koch_control/install/interbotix_xs_sdk/lib'
[0.512s] Level 1:colcon.colcon_core.environment:checking '/workspace/koch_control/install/interbotix_xs_sdk/bin'
[0.512s] Level 1:colcon.colcon_core.environment:checking '/workspace/koch_control/install/interbotix_xs_sdk/lib/pkgconfig/interbotix_xs_sdk.pc'
[0.512s] Level 1:colcon.colcon_core.environment:checking '/workspace/koch_control/install/interbotix_xs_sdk/lib/python3.10/site-packages'
[0.512s] Level 1:colcon.colcon_core.environment:checking '/workspace/koch_control/install/interbotix_xs_sdk/bin'
[0.512s] INFO:colcon.colcon_core.shell:Creating package script '/workspace/koch_control/install/interbotix_xs_sdk/share/interbotix_xs_sdk/package.ps1'
[0.512s] INFO:colcon.colcon_core.shell:Creating package descriptor '/workspace/koch_control/install/interbotix_xs_sdk/share/interbotix_xs_sdk/package.dsv'
[0.512s] INFO:colcon.colcon_core.shell:Creating package script '/workspace/koch_control/install/interbotix_xs_sdk/share/interbotix_xs_sdk/package.sh'
[0.512s] INFO:colcon.colcon_core.shell:Creating package script '/workspace/koch_control/install/interbotix_xs_sdk/share/interbotix_xs_sdk/package.bash'
[0.513s] INFO:colcon.colcon_core.shell:Creating package script '/workspace/koch_control/install/interbotix_xs_sdk/share/interbotix_xs_sdk/package.zsh'
[0.513s] Level 1:colcon.colcon_core.environment:create_file_with_runtime_dependencies(/workspace/koch_control/install/interbotix_xs_sdk/share/colcon-core/packages/interbotix_xs_sdk)
[0.513s] INFO:colcon.colcon_ros.task.ament_cmake.build:Building ROS package in '/workspace/koch_control/interbotix_ros_core/interbotix_ros_xseries/interbotix_ros_xseries' with build type 'ament_cmake'
[0.513s] INFO:colcon.colcon_cmake.task.cmake.build:Building CMake package in '/workspace/koch_control/interbotix_ros_core/interbotix_ros_xseries/interbotix_ros_xseries'
[0.513s] INFO:colcon.colcon_core.shell:Skip shell extension 'powershell' for command environment: Not usable outside of PowerShell
[0.513s] DEBUG:colcon.colcon_core.shell:Skip shell extension 'dsv' for command environment
[0.515s] Level 1:colcon.colcon_core.environment:create_environment_scripts_only(interbotix_gravity_compensation)
[0.515s] Level 1:colcon.colcon_core.environment:checking '/workspace/koch_control/install/interbotix_gravity_compensation' for CMake module files
[0.516s] DEBUG:colcon.colcon_core.event_handler.log_command:Invoked command in '/workspace/koch_control/build/interbotix_gravity_compensation' returned '0': AMENT_PREFIX_PATH=/workspace/koch_control/install/interbotix_xs_msgs:${AMENT_PREFIX_PATH} CMAKE_PREFIX_PATH=/workspace/koch_control/install/interbotix_xs_msgs:/opt/ros/humble LD_LIBRARY_PATH=/workspace/koch_control/install/interbotix_xs_msgs/lib:${LD_LIBRARY_PATH} PYTHONPATH=/workspace/koch_control/install/interbotix_xs_msgs/local/lib/python3.10/dist-packages:${PYTHONPATH} /usr/bin/cmake --install /workspace/koch_control/build/interbotix_gravity_compensation
[0.516s] Level 1:colcon.colcon_core.environment:checking '/workspace/koch_control/install/interbotix_gravity_compensation' for CMake config files
[0.516s] Level 1:colcon.colcon_core.shell:create_environment_hook('interbotix_gravity_compensation', 'cmake_prefix_path')
[0.516s] INFO:colcon.colcon_core.shell:Creating environment hook '/workspace/koch_control/install/interbotix_gravity_compensation/share/interbotix_gravity_compensation/hook/cmake_prefix_path.ps1'
[0.516s] INFO:colcon.colcon_core.shell:Creating environment descriptor '/workspace/koch_control/install/interbotix_gravity_compensation/share/interbotix_gravity_compensation/hook/cmake_prefix_path.dsv'
[0.516s] INFO:colcon.colcon_core.shell:Creating environment hook '/workspace/koch_control/install/interbotix_gravity_compensation/share/interbotix_gravity_compensation/hook/cmake_prefix_path.sh'
[0.517s] Level 1:colcon.colcon_core.environment:checking '/workspace/koch_control/install/interbotix_gravity_compensation/lib'
[0.517s] Level 1:colcon.colcon_core.environment:checking '/workspace/koch_control/install/interbotix_gravity_compensation/bin'
[0.517s] Level 1:colcon.colcon_core.environment:checking '/workspace/koch_control/install/interbotix_gravity_compensation/lib/pkgconfig/interbotix_gravity_compensation.pc'
[0.517s] Level 1:colcon.colcon_core.environment:checking '/workspace/koch_control/install/interbotix_gravity_compensation/lib/python3.10/site-packages'
[0.517s] Level 1:colcon.colcon_core.environment:checking '/workspace/koch_control/install/interbotix_gravity_compensation/bin'
[0.517s] INFO:colcon.colcon_core.shell:Creating package script '/workspace/koch_control/install/interbotix_gravity_compensation/share/interbotix_gravity_compensation/package.ps1'
[0.517s] INFO:colcon.colcon_core.shell:Creating package descriptor '/workspace/koch_control/install/interbotix_gravity_compensation/share/interbotix_gravity_compensation/package.dsv'
[0.517s] INFO:colcon.colcon_core.shell:Creating package script '/workspace/koch_control/install/interbotix_gravity_compensation/share/interbotix_gravity_compensation/package.sh'
[0.517s] INFO:colcon.colcon_core.shell:Creating package script '/workspace/koch_control/install/interbotix_gravity_compensation/share/interbotix_gravity_compensation/package.bash'
[0.518s] INFO:colcon.colcon_core.shell:Creating package script '/workspace/koch_control/install/interbotix_gravity_compensation/share/interbotix_gravity_compensation/package.zsh'
[0.518s] Level 1:colcon.colcon_core.environment:create_file_with_runtime_dependencies(/workspace/koch_control/install/interbotix_gravity_compensation/share/colcon-core/packages/interbotix_gravity_compensation)
[0.518s] Level 1:colcon.colcon_core.environment:create_environment_scripts_only(interbotix_gravity_compensation)
[0.518s] Level 1:colcon.colcon_core.environment:checking '/workspace/koch_control/install/interbotix_gravity_compensation' for CMake module files
[0.518s] Level 1:colcon.colcon_core.environment:checking '/workspace/koch_control/install/interbotix_gravity_compensation' for CMake config files
[0.518s] Level 1:colcon.colcon_core.shell:create_environment_hook('interbotix_gravity_compensation', 'cmake_prefix_path')
[0.518s] INFO:colcon.colcon_core.shell:Creating environment hook '/workspace/koch_control/install/interbotix_gravity_compensation/share/interbotix_gravity_compensation/hook/cmake_prefix_path.ps1'
[0.518s] INFO:colcon.colcon_core.shell:Creating environment descriptor '/workspace/koch_control/install/interbotix_gravity_compensation/share/interbotix_gravity_compensation/hook/cmake_prefix_path.dsv'
[0.519s] INFO:colcon.colcon_core.shell:Creating environment hook '/workspace/koch_control/install/interbotix_gravity_compensation/share/interbotix_gravity_compensation/hook/cmake_prefix_path.sh'
[0.519s] Level 1:colcon.colcon_core.environment:checking '/workspace/koch_control/install/interbotix_gravity_compensation/lib'
[0.519s] Level 1:colcon.colcon_core.environment:checking '/workspace/koch_control/install/interbotix_gravity_compensation/bin'
[0.519s] Level 1:colcon.colcon_core.environment:checking '/workspace/koch_control/install/interbotix_gravity_compensation/lib/pkgconfig/interbotix_gravity_compensation.pc'
[0.519s] Level 1:colcon.colcon_core.environment:checking '/workspace/koch_control/install/interbotix_gravity_compensation/lib/python3.10/site-packages'
[0.519s] Level 1:colcon.colcon_core.environment:checking '/workspace/koch_control/install/interbotix_gravity_compensation/bin'
[0.519s] INFO:colcon.colcon_core.shell:Creating package script '/workspace/koch_control/install/interbotix_gravity_compensation/share/interbotix_gravity_compensation/package.ps1'
[0.519s] INFO:colcon.colcon_core.shell:Creating package descriptor '/workspace/koch_control/install/interbotix_gravity_compensation/share/interbotix_gravity_compensation/package.dsv'
[0.519s] INFO:colcon.colcon_core.shell:Creating package script '/workspace/koch_control/install/interbotix_gravity_compensation/share/interbotix_gravity_compensation/package.sh'
[0.520s] INFO:colcon.colcon_core.shell:Creating package script '/workspace/koch_control/install/interbotix_gravity_compensation/share/interbotix_gravity_compensation/package.bash'
[0.520s] INFO:colcon.colcon_core.shell:Creating package script '/workspace/koch_control/install/interbotix_gravity_compensation/share/interbotix_gravity_compensation/package.zsh'
[0.520s] Level 1:colcon.colcon_core.environment:create_file_with_runtime_dependencies(/workspace/koch_control/install/interbotix_gravity_compensation/share/colcon-core/packages/interbotix_gravity_compensation)
[0.521s] Level 1:colcon.colcon_core.environment:create_environment_scripts_only(interbotix_xs_ros_control)
[0.521s] Level 1:colcon.colcon_core.environment:checking '/workspace/koch_control/install/interbotix_xs_ros_control' for CMake module files
[0.522s] DEBUG:colcon.colcon_core.event_handler.log_command:Invoking command in '/workspace/koch_control/build/interbotix_common_modules': PYTHONPATH=/workspace/koch_control/build/interbotix_common_modules/prefix_override:/usr/lib/python3/dist-packages/colcon_core/task/python/colcon_distutils_commands:/workspace/koch_control/install/interbotix_common_modules/lib/python3.10/site-packages:${PYTHONPATH} /usr/bin/python3 -W ignore:setup.py install is deprecated -W ignore:easy_install command is deprecated setup.py develop --editable --build-directory /workspace/koch_control/build/interbotix_common_modules/build --no-deps symlink_data
[0.522s] DEBUG:colcon.colcon_core.event_handler.log_command:Invoked command in '/workspace/koch_control/build/interbotix_xs_ros_control' returned '0': AMENT_PREFIX_PATH=/workspace/koch_control/install/interbotix_xs_msgs:${AMENT_PREFIX_PATH} CMAKE_PREFIX_PATH=/workspace/koch_control/install/interbotix_xs_msgs:/opt/ros/humble LD_LIBRARY_PATH=/workspace/koch_control/install/interbotix_xs_msgs/lib:${LD_LIBRARY_PATH} PYTHONPATH=/workspace/koch_control/install/interbotix_xs_msgs/local/lib/python3.10/dist-packages:${PYTHONPATH} /usr/bin/cmake --install /workspace/koch_control/build/interbotix_xs_ros_control
[0.522s] Level 1:colcon.colcon_core.environment:checking '/workspace/koch_control/install/interbotix_xs_ros_control' for CMake config files
[0.522s] Level 1:colcon.colcon_core.shell:create_environment_hook('interbotix_xs_ros_control', 'cmake_prefix_path')
[0.522s] INFO:colcon.colcon_core.shell:Creating environment hook '/workspace/koch_control/install/interbotix_xs_ros_control/share/interbotix_xs_ros_control/hook/cmake_prefix_path.ps1'
[0.522s] INFO:colcon.colcon_core.shell:Creating environment descriptor '/workspace/koch_control/install/interbotix_xs_ros_control/share/interbotix_xs_ros_control/hook/cmake_prefix_path.dsv'
[0.522s] INFO:colcon.colcon_core.shell:Creating environment hook '/workspace/koch_control/install/interbotix_xs_ros_control/share/interbotix_xs_ros_control/hook/cmake_prefix_path.sh'
[0.523s] Level 1:colcon.colcon_core.environment:checking '/workspace/koch_control/install/interbotix_xs_ros_control/lib'
[0.523s] Level 1:colcon.colcon_core.shell:create_environment_hook('interbotix_xs_ros_control', 'ld_library_path_lib')
[0.523s] INFO:colcon.colcon_core.shell:Creating environment hook '/workspace/koch_control/install/interbotix_xs_ros_control/share/interbotix_xs_ros_control/hook/ld_library_path_lib.ps1'
[0.523s] INFO:colcon.colcon_core.shell:Creating environment descriptor '/workspace/koch_control/install/interbotix_xs_ros_control/share/interbotix_xs_ros_control/hook/ld_library_path_lib.dsv'
[0.523s] INFO:colcon.colcon_core.shell:Creating environment hook '/workspace/koch_control/install/interbotix_xs_ros_control/share/interbotix_xs_ros_control/hook/ld_library_path_lib.sh'
[0.523s] Level 1:colcon.colcon_core.environment:checking '/workspace/koch_control/install/interbotix_xs_ros_control/bin'
[0.523s] Level 1:colcon.colcon_core.environment:checking '/workspace/koch_control/install/interbotix_xs_ros_control/lib/pkgconfig/interbotix_xs_ros_control.pc'
[0.523s] Level 1:colcon.colcon_core.environment:checking '/workspace/koch_control/install/interbotix_xs_ros_control/lib/python3.10/site-packages'
[0.523s] Level 1:colcon.colcon_core.environment:checking '/workspace/koch_control/install/interbotix_xs_ros_control/bin'
[0.523s] INFO:colcon.colcon_core.shell:Creating package script '/workspace/koch_control/install/interbotix_xs_ros_control/share/interbotix_xs_ros_control/package.ps1'
[0.524s] INFO:colcon.colcon_core.shell:Creating package descriptor '/workspace/koch_control/install/interbotix_xs_ros_control/share/interbotix_xs_ros_control/package.dsv'
[0.524s] INFO:colcon.colcon_core.shell:Creating package script '/workspace/koch_control/install/interbotix_xs_ros_control/share/interbotix_xs_ros_control/package.sh'
[0.524s] INFO:colcon.colcon_core.shell:Creating package script '/workspace/koch_control/install/interbotix_xs_ros_control/share/interbotix_xs_ros_control/package.bash'
[0.524s] INFO:colcon.colcon_core.shell:Creating package script '/workspace/koch_control/install/interbotix_xs_ros_control/share/interbotix_xs_ros_control/package.zsh'
[0.524s] Level 1:colcon.colcon_core.environment:create_file_with_runtime_dependencies(/workspace/koch_control/install/interbotix_xs_ros_control/share/colcon-core/packages/interbotix_xs_ros_control)
[0.524s] Level 1:colcon.colcon_core.environment:create_environment_scripts_only(interbotix_xs_ros_control)
[0.524s] Level 1:colcon.colcon_core.environment:checking '/workspace/koch_control/install/interbotix_xs_ros_control' for CMake module files
[0.525s] Level 1:colcon.colcon_core.environment:checking '/workspace/koch_control/install/interbotix_xs_ros_control' for CMake config files
[0.525s] Level 1:colcon.colcon_core.shell:create_environment_hook('interbotix_xs_ros_control', 'cmake_prefix_path')
[0.525s] INFO:colcon.colcon_core.shell:Creating environment hook '/workspace/koch_control/install/interbotix_xs_ros_control/share/interbotix_xs_ros_control/hook/cmake_prefix_path.ps1'
[0.525s] INFO:colcon.colcon_core.shell:Creating environment descriptor '/workspace/koch_control/install/interbotix_xs_ros_control/share/interbotix_xs_ros_control/hook/cmake_prefix_path.dsv'
[0.525s] INFO:colcon.colcon_core.shell:Creating environment hook '/workspace/koch_control/install/interbotix_xs_ros_control/share/interbotix_xs_ros_control/hook/cmake_prefix_path.sh'
[0.525s] Level 1:colcon.colcon_core.environment:checking '/workspace/koch_control/install/interbotix_xs_ros_control/lib'
[0.525s] Level 1:colcon.colcon_core.shell:create_environment_hook('interbotix_xs_ros_control', 'ld_library_path_lib')
[0.525s] INFO:colcon.colcon_core.shell:Creating environment hook '/workspace/koch_control/install/interbotix_xs_ros_control/share/interbotix_xs_ros_control/hook/ld_library_path_lib.ps1'
[0.525s] INFO:colcon.colcon_core.shell:Creating environment descriptor '/workspace/koch_control/install/interbotix_xs_ros_control/share/interbotix_xs_ros_control/hook/ld_library_path_lib.dsv'
[0.526s] INFO:colcon.colcon_core.shell:Creating environment hook '/workspace/koch_control/install/interbotix_xs_ros_control/share/interbotix_xs_ros_control/hook/ld_library_path_lib.sh'
[0.526s] Level 1:colcon.colcon_core.environment:checking '/workspace/koch_control/install/interbotix_xs_ros_control/bin'
[0.526s] Level 1:colcon.colcon_core.environment:checking '/workspace/koch_control/install/interbotix_xs_ros_control/lib/pkgconfig/interbotix_xs_ros_control.pc'
[0.526s] Level 1:colcon.colcon_core.environment:checking '/workspace/koch_control/install/interbotix_xs_ros_control/lib/python3.10/site-packages'
[0.526s] Level 1:colcon.colcon_core.environment:checking '/workspace/koch_control/install/interbotix_xs_ros_control/bin'
[0.526s] INFO:colcon.colcon_core.shell:Creating package script '/workspace/koch_control/install/interbotix_xs_ros_control/share/interbotix_xs_ros_control/package.ps1'
[0.526s] INFO:colcon.colcon_core.shell:Creating package descriptor '/workspace/koch_control/install/interbotix_xs_ros_control/share/interbotix_xs_ros_control/package.dsv'
[0.526s] INFO:colcon.colcon_core.shell:Creating package script '/workspace/koch_control/install/interbotix_xs_ros_control/share/interbotix_xs_ros_control/package.sh'
[0.527s] INFO:colcon.colcon_core.shell:Creating package script '/workspace/koch_control/install/interbotix_xs_ros_control/share/interbotix_xs_ros_control/package.bash'
[0.527s] INFO:colcon.colcon_core.shell:Creating package script '/workspace/koch_control/install/interbotix_xs_ros_control/share/interbotix_xs_ros_control/package.zsh'
[0.527s] Level 1:colcon.colcon_core.environment:create_file_with_runtime_dependencies(/workspace/koch_control/install/interbotix_xs_ros_control/share/colcon-core/packages/interbotix_xs_ros_control)
[0.528s] DEBUG:colcon.colcon_core.event_handler.log_command:Invoking command in '/workspace/koch_control/build/interbotix_ros_xseries': AMENT_PREFIX_PATH=/workspace/koch_control/install/interbotix_xs_sdk:/workspace/koch_control/install/interbotix_xs_driver:/workspace/koch_control/install/interbotix_xs_msgs:/workspace/koch_control/install/dynamixel_workbench_toolbox:${AMENT_PREFIX_PATH} CMAKE_PREFIX_PATH=/workspace/koch_control/install/interbotix_xs_sdk:/workspace/koch_control/install/interbotix_xs_driver:/workspace/koch_control/install/interbotix_xs_msgs:/workspace/koch_control/install/dynamixel_workbench_toolbox:/opt/ros/humble LD_LIBRARY_PATH=/workspace/koch_control/install/interbotix_xs_driver/lib:/workspace/koch_control/install/interbotix_xs_msgs/lib:/workspace/koch_control/install/dynamixel_workbench_toolbox/lib:${LD_LIBRARY_PATH} PYTHONPATH=/workspace/koch_control/install/interbotix_xs_msgs/local/lib/python3.10/dist-packages:${PYTHONPATH} /usr/bin/cmake --build /workspace/koch_control/build/interbotix_ros_xseries -- -j32 -l32
[0.543s] DEBUG:colcon.colcon_core.event_handler.log_command:Invoked command in '/workspace/koch_control/build/interbotix_ros_xseries' returned '0': AMENT_PREFIX_PATH=/workspace/koch_control/install/interbotix_xs_sdk:/workspace/koch_control/install/interbotix_xs_driver:/workspace/koch_control/install/interbotix_xs_msgs:/workspace/koch_control/install/dynamixel_workbench_toolbox:${AMENT_PREFIX_PATH} CMAKE_PREFIX_PATH=/workspace/koch_control/install/interbotix_xs_sdk:/workspace/koch_control/install/interbotix_xs_driver:/workspace/koch_control/install/interbotix_xs_msgs:/workspace/koch_control/install/dynamixel_workbench_toolbox:/opt/ros/humble LD_LIBRARY_PATH=/workspace/koch_control/install/interbotix_xs_driver/lib:/workspace/koch_control/install/interbotix_xs_msgs/lib:/workspace/koch_control/install/dynamixel_workbench_toolbox/lib:${LD_LIBRARY_PATH} PYTHONPATH=/workspace/koch_control/install/interbotix_xs_msgs/local/lib/python3.10/dist-packages:${PYTHONPATH} /usr/bin/cmake --build /workspace/koch_control/build/interbotix_ros_xseries -- -j32 -l32
[0.544s] DEBUG:colcon.colcon_core.event_handler.log_command:Invoking command in '/workspace/koch_control/build/interbotix_ros_xseries': AMENT_PREFIX_PATH=/workspace/koch_control/install/interbotix_xs_sdk:/workspace/koch_control/install/interbotix_xs_driver:/workspace/koch_control/install/interbotix_xs_msgs:/workspace/koch_control/install/dynamixel_workbench_toolbox:${AMENT_PREFIX_PATH} CMAKE_PREFIX_PATH=/workspace/koch_control/install/interbotix_xs_sdk:/workspace/koch_control/install/interbotix_xs_driver:/workspace/koch_control/install/interbotix_xs_msgs:/workspace/koch_control/install/dynamixel_workbench_toolbox:/opt/ros/humble LD_LIBRARY_PATH=/workspace/koch_control/install/interbotix_xs_driver/lib:/workspace/koch_control/install/interbotix_xs_msgs/lib:/workspace/koch_control/install/dynamixel_workbench_toolbox/lib:${LD_LIBRARY_PATH} PYTHONPATH=/workspace/koch_control/install/interbotix_xs_msgs/local/lib/python3.10/dist-packages:${PYTHONPATH} /usr/bin/cmake --install /workspace/koch_control/build/interbotix_ros_xseries
[0.551s] Level 1:colcon.colcon_core.environment:create_environment_scripts_only(interbotix_ros_xseries)
[0.551s] Level 1:colcon.colcon_core.environment:checking '/workspace/koch_control/install/interbotix_ros_xseries' for CMake module files
[0.551s] DEBUG:colcon.colcon_core.event_handler.log_command:Invoked command in '/workspace/koch_control/build/interbotix_ros_xseries' returned '0': AMENT_PREFIX_PATH=/workspace/koch_control/install/interbotix_xs_sdk:/workspace/koch_control/install/interbotix_xs_driver:/workspace/koch_control/install/interbotix_xs_msgs:/workspace/koch_control/install/dynamixel_workbench_toolbox:${AMENT_PREFIX_PATH} CMAKE_PREFIX_PATH=/workspace/koch_control/install/interbotix_xs_sdk:/workspace/koch_control/install/interbotix_xs_driver:/workspace/koch_control/install/interbotix_xs_msgs:/workspace/koch_control/install/dynamixel_workbench_toolbox:/opt/ros/humble LD_LIBRARY_PATH=/workspace/koch_control/install/interbotix_xs_driver/lib:/workspace/koch_control/install/interbotix_xs_msgs/lib:/workspace/koch_control/install/dynamixel_workbench_toolbox/lib:${LD_LIBRARY_PATH} PYTHONPATH=/workspace/koch_control/install/interbotix_xs_msgs/local/lib/python3.10/dist-packages:${PYTHONPATH} /usr/bin/cmake --install /workspace/koch_control/build/interbotix_ros_xseries
[0.551s] Level 1:colcon.colcon_core.environment:checking '/workspace/koch_control/install/interbotix_ros_xseries' for CMake config files
[0.551s] Level 1:colcon.colcon_core.shell:create_environment_hook('interbotix_ros_xseries', 'cmake_prefix_path')
[0.552s] INFO:colcon.colcon_core.shell:Creating environment hook '/workspace/koch_control/install/interbotix_ros_xseries/share/interbotix_ros_xseries/hook/cmake_prefix_path.ps1'
[0.552s] INFO:colcon.colcon_core.shell:Creating environment descriptor '/workspace/koch_control/install/interbotix_ros_xseries/share/interbotix_ros_xseries/hook/cmake_prefix_path.dsv'
[0.552s] INFO:colcon.colcon_core.shell:Creating environment hook '/workspace/koch_control/install/interbotix_ros_xseries/share/interbotix_ros_xseries/hook/cmake_prefix_path.sh'
[0.552s] Level 1:colcon.colcon_core.environment:checking '/workspace/koch_control/install/interbotix_ros_xseries/bin'
[0.552s] Level 1:colcon.colcon_core.environment:checking '/workspace/koch_control/install/interbotix_ros_xseries/lib/pkgconfig/interbotix_ros_xseries.pc'
[0.552s] Level 1:colcon.colcon_core.environment:checking '/workspace/koch_control/install/interbotix_ros_xseries/lib/python3.10/site-packages'
[0.552s] Level 1:colcon.colcon_core.environment:checking '/workspace/koch_control/install/interbotix_ros_xseries/bin'
[0.552s] INFO:colcon.colcon_core.shell:Creating package script '/workspace/koch_control/install/interbotix_ros_xseries/share/interbotix_ros_xseries/package.ps1'
[0.553s] INFO:colcon.colcon_core.shell:Creating package descriptor '/workspace/koch_control/install/interbotix_ros_xseries/share/interbotix_ros_xseries/package.dsv'
[0.553s] INFO:colcon.colcon_core.shell:Creating package script '/workspace/koch_control/install/interbotix_ros_xseries/share/interbotix_ros_xseries/package.sh'
[0.553s] INFO:colcon.colcon_core.shell:Creating package script '/workspace/koch_control/install/interbotix_ros_xseries/share/interbotix_ros_xseries/package.bash'
[0.553s] INFO:colcon.colcon_core.shell:Creating package script '/workspace/koch_control/install/interbotix_ros_xseries/share/interbotix_ros_xseries/package.zsh'
[0.553s] Level 1:colcon.colcon_core.environment:create_file_with_runtime_dependencies(/workspace/koch_control/install/interbotix_ros_xseries/share/colcon-core/packages/interbotix_ros_xseries)
[0.553s] Level 1:colcon.colcon_core.environment:create_environment_scripts_only(interbotix_ros_xseries)
[0.553s] Level 1:colcon.colcon_core.environment:checking '/workspace/koch_control/install/interbotix_ros_xseries' for CMake module files
[0.554s] Level 1:colcon.colcon_core.environment:checking '/workspace/koch_control/install/interbotix_ros_xseries' for CMake config files
[0.554s] Level 1:colcon.colcon_core.shell:create_environment_hook('interbotix_ros_xseries', 'cmake_prefix_path')
[0.554s] INFO:colcon.colcon_core.shell:Creating environment hook '/workspace/koch_control/install/interbotix_ros_xseries/share/interbotix_ros_xseries/hook/cmake_prefix_path.ps1'
[0.554s] INFO:colcon.colcon_core.shell:Creating environment descriptor '/workspace/koch_control/install/interbotix_ros_xseries/share/interbotix_ros_xseries/hook/cmake_prefix_path.dsv'
[0.554s] INFO:colcon.colcon_core.shell:Creating environment hook '/workspace/koch_control/install/interbotix_ros_xseries/share/interbotix_ros_xseries/hook/cmake_prefix_path.sh'
[0.554s] Level 1:colcon.colcon_core.environment:checking '/workspace/koch_control/install/interbotix_ros_xseries/bin'
[0.554s] Level 1:colcon.colcon_core.environment:checking '/workspace/koch_control/install/interbotix_ros_xseries/lib/pkgconfig/interbotix_ros_xseries.pc'
[0.554s] Level 1:colcon.colcon_core.environment:checking '/workspace/koch_control/install/interbotix_ros_xseries/lib/python3.10/site-packages'
[0.554s] Level 1:colcon.colcon_core.environment:checking '/workspace/koch_control/install/interbotix_ros_xseries/bin'
[0.555s] INFO:colcon.colcon_core.shell:Creating package script '/workspace/koch_control/install/interbotix_ros_xseries/share/interbotix_ros_xseries/package.ps1'
[0.555s] INFO:colcon.colcon_core.shell:Creating package descriptor '/workspace/koch_control/install/interbotix_ros_xseries/share/interbotix_ros_xseries/package.dsv'
[0.555s] INFO:colcon.colcon_core.shell:Creating package script '/workspace/koch_control/install/interbotix_ros_xseries/share/interbotix_ros_xseries/package.sh'
[0.555s] INFO:colcon.colcon_core.shell:Creating package script '/workspace/koch_control/install/interbotix_ros_xseries/share/interbotix_ros_xseries/package.bash'
[0.555s] INFO:colcon.colcon_core.shell:Creating package script '/workspace/koch_control/install/interbotix_ros_xseries/share/interbotix_ros_xseries/package.zsh'
[0.555s] Level 1:colcon.colcon_core.environment:create_file_with_runtime_dependencies(/workspace/koch_control/install/interbotix_ros_xseries/share/colcon-core/packages/interbotix_ros_xseries)
[0.682s] Level 1:colcon.colcon_core.shell:create_environment_hook('interbotix_common_modules', 'pythonpath_develop')
[0.683s] INFO:colcon.colcon_core.shell:Creating environment hook '/workspace/koch_control/build/interbotix_common_modules/share/interbotix_common_modules/hook/pythonpath_develop.ps1'
[0.683s] DEBUG:colcon.colcon_core.event_handler.log_command:Invoked command in '/workspace/koch_control/build/interbotix_common_modules' returned '0': PYTHONPATH=/workspace/koch_control/build/interbotix_common_modules/prefix_override:/usr/lib/python3/dist-packages/colcon_core/task/python/colcon_distutils_commands:/workspace/koch_control/install/interbotix_common_modules/lib/python3.10/site-packages:${PYTHONPATH} /usr/bin/python3 -W ignore:setup.py install is deprecated -W ignore:easy_install command is deprecated setup.py develop --editable --build-directory /workspace/koch_control/build/interbotix_common_modules/build --no-deps symlink_data
[0.683s] INFO:colcon.colcon_core.shell:Creating environment descriptor '/workspace/koch_control/build/interbotix_common_modules/share/interbotix_common_modules/hook/pythonpath_develop.dsv'
[0.683s] INFO:colcon.colcon_core.shell:Creating environment hook '/workspace/koch_control/build/interbotix_common_modules/share/interbotix_common_modules/hook/pythonpath_develop.sh'
[0.683s] Level 1:colcon.colcon_core.environment:checking '/workspace/koch_control/install/interbotix_common_modules' for CMake module files
[0.684s] Level 1:colcon.colcon_core.environment:checking '/workspace/koch_control/install/interbotix_common_modules' for CMake config files
[0.684s] Level 1:colcon.colcon_core.environment:checking '/workspace/koch_control/install/interbotix_common_modules/lib'
[0.684s] Level 1:colcon.colcon_core.environment:checking '/workspace/koch_control/install/interbotix_common_modules/bin'
[0.685s] Level 1:colcon.colcon_core.environment:checking '/workspace/koch_control/install/interbotix_common_modules/lib/pkgconfig/interbotix_common_modules.pc'
[0.685s] Level 1:colcon.colcon_core.environment:checking '/workspace/koch_control/install/interbotix_common_modules/lib/python3.10/site-packages'
[0.685s] Level 1:colcon.colcon_core.shell:create_environment_hook('interbotix_common_modules', 'pythonpath')
[0.685s] INFO:colcon.colcon_core.shell:Creating environment hook '/workspace/koch_control/install/interbotix_common_modules/share/interbotix_common_modules/hook/pythonpath.ps1'
[0.685s] INFO:colcon.colcon_core.shell:Creating environment descriptor '/workspace/koch_control/install/interbotix_common_modules/share/interbotix_common_modules/hook/pythonpath.dsv'
[0.685s] INFO:colcon.colcon_core.shell:Creating environment hook '/workspace/koch_control/install/interbotix_common_modules/share/interbotix_common_modules/hook/pythonpath.sh'
[0.685s] Level 1:colcon.colcon_core.environment:checking '/workspace/koch_control/install/interbotix_common_modules/bin'
[0.685s] Level 1:colcon.colcon_core.environment:create_environment_scripts_only(interbotix_common_modules)
[0.685s] INFO:colcon.colcon_core.shell:Creating package script '/workspace/koch_control/install/interbotix_common_modules/share/interbotix_common_modules/package.ps1'
[0.686s] INFO:colcon.colcon_core.shell:Creating package descriptor '/workspace/koch_control/install/interbotix_common_modules/share/interbotix_common_modules/package.dsv'
[0.686s] INFO:colcon.colcon_core.shell:Creating package script '/workspace/koch_control/install/interbotix_common_modules/share/interbotix_common_modules/package.sh'
[0.686s] INFO:colcon.colcon_core.shell:Creating package script '/workspace/koch_control/install/interbotix_common_modules/share/interbotix_common_modules/package.bash'
[0.686s] INFO:colcon.colcon_core.shell:Creating package script '/workspace/koch_control/install/interbotix_common_modules/share/interbotix_common_modules/package.zsh'
[0.686s] Level 1:colcon.colcon_core.environment:create_file_with_runtime_dependencies(/workspace/koch_control/install/interbotix_common_modules/share/colcon-core/packages/interbotix_common_modules)
[0.686s] INFO:colcon.colcon_ros.task.ament_python.build:Building ROS package in '/workspace/koch_control/interbotix_ros_toolboxes/interbotix_xs_toolbox/interbotix_xs_modules' with build type 'ament_python'
[0.686s] Level 1:colcon.colcon_core.shell:create_environment_hook('interbotix_xs_modules', 'ament_prefix_path')
[0.687s] INFO:colcon.colcon_core.shell:Creating environment hook '/workspace/koch_control/install/interbotix_xs_modules/share/interbotix_xs_modules/hook/ament_prefix_path.ps1'
[0.687s] INFO:colcon.colcon_core.shell:Creating environment descriptor '/workspace/koch_control/install/interbotix_xs_modules/share/interbotix_xs_modules/hook/ament_prefix_path.dsv'
[0.687s] INFO:colcon.colcon_core.shell:Creating environment hook '/workspace/koch_control/install/interbotix_xs_modules/share/interbotix_xs_modules/hook/ament_prefix_path.sh'
[0.687s] INFO:colcon.colcon_core.shell:Skip shell extension 'powershell' for command environment: Not usable outside of PowerShell
[0.687s] DEBUG:colcon.colcon_core.shell:Skip shell extension 'dsv' for command environment
[0.689s] INFO:colcon.colcon_ros.task.ament_cmake.build:Building ROS package in '/workspace/koch_control/interbotix_ros_toolboxes/interbotix_common_toolbox/interbotix_common_toolbox' with build type 'ament_cmake'
[0.689s] INFO:colcon.colcon_cmake.task.cmake.build:Building CMake package in '/workspace/koch_control/interbotix_ros_toolboxes/interbotix_common_toolbox/interbotix_common_toolbox'
[0.689s] INFO:colcon.colcon_core.shell:Skip shell extension 'powershell' for command environment: Not usable outside of PowerShell
[0.689s] DEBUG:colcon.colcon_core.shell:Skip shell extension 'dsv' for command environment
[0.695s] DEBUG:colcon.colcon_core.event_handler.log_command:Invoking command in '/workspace/koch_control/build/interbotix_common_toolbox': AMENT_PREFIX_PATH=/workspace/koch_control/install/interbotix_gravity_compensation:/workspace/koch_control/install/interbotix_xs_msgs:/workspace/koch_control/install/interbotix_common_sim:/workspace/koch_control/install/interbotix_common_modules:${AMENT_PREFIX_PATH} CMAKE_PREFIX_PATH=/workspace/koch_control/install/interbotix_gravity_compensation:/workspace/koch_control/install/interbotix_xs_msgs:/workspace/koch_control/install/interbotix_common_sim:/opt/ros/humble LD_LIBRARY_PATH=/workspace/koch_control/install/interbotix_xs_msgs/lib:${LD_LIBRARY_PATH} PYTHONPATH=/workspace/koch_control/install/interbotix_xs_msgs/local/lib/python3.10/dist-packages:/workspace/koch_control/build/interbotix_common_modules:/workspace/koch_control/install/interbotix_common_modules/lib/python3.10/site-packages:${PYTHONPATH} /usr/bin/cmake --build /workspace/koch_control/build/interbotix_common_toolbox -- -j32 -l32
[0.791s] INFO:colcon.colcon_core.task.python.build:Building Python package in '/workspace/koch_control/interbotix_ros_toolboxes/interbotix_xs_toolbox/interbotix_xs_modules'
[0.791s] INFO:colcon.colcon_core.shell:Skip shell extension 'powershell' for command environment: Not usable outside of PowerShell
[0.791s] DEBUG:colcon.colcon_core.shell:Skip shell extension 'dsv' for command environment
[0.793s] DEBUG:colcon.colcon_core.event_handler.log_command:Invoked command in '/workspace/koch_control/build/interbotix_common_toolbox' returned '0': AMENT_PREFIX_PATH=/workspace/koch_control/install/interbotix_gravity_compensation:/workspace/koch_control/install/interbotix_xs_msgs:/workspace/koch_control/install/interbotix_common_sim:/workspace/koch_control/install/interbotix_common_modules:${AMENT_PREFIX_PATH} CMAKE_PREFIX_PATH=/workspace/koch_control/install/interbotix_gravity_compensation:/workspace/koch_control/install/interbotix_xs_msgs:/workspace/koch_control/install/interbotix_common_sim:/opt/ros/humble LD_LIBRARY_PATH=/workspace/koch_control/install/interbotix_xs_msgs/lib:${LD_LIBRARY_PATH} PYTHONPATH=/workspace/koch_control/install/interbotix_xs_msgs/local/lib/python3.10/dist-packages:/workspace/koch_control/build/interbotix_common_modules:/workspace/koch_control/install/interbotix_common_modules/lib/python3.10/site-packages:${PYTHONPATH} /usr/bin/cmake --build /workspace/koch_control/build/interbotix_common_toolbox -- -j32 -l32
[0.794s] DEBUG:colcon.colcon_core.event_handler.log_command:Invoking command in '/workspace/koch_control/build/interbotix_common_toolbox': AMENT_PREFIX_PATH=/workspace/koch_control/install/interbotix_gravity_compensation:/workspace/koch_control/install/interbotix_xs_msgs:/workspace/koch_control/install/interbotix_common_sim:/workspace/koch_control/install/interbotix_common_modules:${AMENT_PREFIX_PATH} CMAKE_PREFIX_PATH=/workspace/koch_control/install/interbotix_gravity_compensation:/workspace/koch_control/install/interbotix_xs_msgs:/workspace/koch_control/install/interbotix_common_sim:/opt/ros/humble LD_LIBRARY_PATH=/workspace/koch_control/install/interbotix_xs_msgs/lib:${LD_LIBRARY_PATH} PYTHONPATH=/workspace/koch_control/install/interbotix_xs_msgs/local/lib/python3.10/dist-packages:/workspace/koch_control/build/interbotix_common_modules:/workspace/koch_control/install/interbotix_common_modules/lib/python3.10/site-packages:${PYTHONPATH} /usr/bin/cmake --install /workspace/koch_control/build/interbotix_common_toolbox
[0.803s] Level 1:colcon.colcon_core.environment:create_environment_scripts_only(interbotix_common_toolbox)
[0.804s] Level 1:colcon.colcon_core.environment:checking '/workspace/koch_control/install/interbotix_common_toolbox' for CMake module files
[0.804s] DEBUG:colcon.colcon_core.event_handler.log_command:Invoked command in '/workspace/koch_control/build/interbotix_common_toolbox' returned '0': AMENT_PREFIX_PATH=/workspace/koch_control/install/interbotix_gravity_compensation:/workspace/koch_control/install/interbotix_xs_msgs:/workspace/koch_control/install/interbotix_common_sim:/workspace/koch_control/install/interbotix_common_modules:${AMENT_PREFIX_PATH} CMAKE_PREFIX_PATH=/workspace/koch_control/install/interbotix_gravity_compensation:/workspace/koch_control/install/interbotix_xs_msgs:/workspace/koch_control/install/interbotix_common_sim:/opt/ros/humble LD_LIBRARY_PATH=/workspace/koch_control/install/interbotix_xs_msgs/lib:${LD_LIBRARY_PATH} PYTHONPATH=/workspace/koch_control/install/interbotix_xs_msgs/local/lib/python3.10/dist-packages:/workspace/koch_control/build/interbotix_common_modules:/workspace/koch_control/install/interbotix_common_modules/lib/python3.10/site-packages:${PYTHONPATH} /usr/bin/cmake --install /workspace/koch_control/build/interbotix_common_toolbox
[0.804s] Level 1:colcon.colcon_core.environment:checking '/workspace/koch_control/install/interbotix_common_toolbox' for CMake config files
[0.804s] Level 1:colcon.colcon_core.shell:create_environment_hook('interbotix_common_toolbox', 'cmake_prefix_path')
[0.804s] INFO:colcon.colcon_core.shell:Creating environment hook '/workspace/koch_control/install/interbotix_common_toolbox/share/interbotix_common_toolbox/hook/cmake_prefix_path.ps1'
[0.804s] INFO:colcon.colcon_core.shell:Creating environment descriptor '/workspace/koch_control/install/interbotix_common_toolbox/share/interbotix_common_toolbox/hook/cmake_prefix_path.dsv'
[0.805s] INFO:colcon.colcon_core.shell:Creating environment hook '/workspace/koch_control/install/interbotix_common_toolbox/share/interbotix_common_toolbox/hook/cmake_prefix_path.sh'
[0.805s] Level 1:colcon.colcon_core.environment:checking '/workspace/koch_control/install/interbotix_common_toolbox/bin'
[0.805s] Level 1:colcon.colcon_core.environment:checking '/workspace/koch_control/install/interbotix_common_toolbox/lib/pkgconfig/interbotix_common_toolbox.pc'
[0.805s] Level 1:colcon.colcon_core.environment:checking '/workspace/koch_control/install/interbotix_common_toolbox/lib/python3.10/site-packages'
[0.805s] Level 1:colcon.colcon_core.environment:checking '/workspace/koch_control/install/interbotix_common_toolbox/bin'
[0.805s] INFO:colcon.colcon_core.shell:Creating package script '/workspace/koch_control/install/interbotix_common_toolbox/share/interbotix_common_toolbox/package.ps1'
[0.805s] INFO:colcon.colcon_core.shell:Creating package descriptor '/workspace/koch_control/install/interbotix_common_toolbox/share/interbotix_common_toolbox/package.dsv'
[0.806s] INFO:colcon.colcon_core.shell:Creating package script '/workspace/koch_control/install/interbotix_common_toolbox/share/interbotix_common_toolbox/package.sh'
[0.806s] INFO:colcon.colcon_core.shell:Creating package script '/workspace/koch_control/install/interbotix_common_toolbox/share/interbotix_common_toolbox/package.bash'
[0.806s] INFO:colcon.colcon_core.shell:Creating package script '/workspace/koch_control/install/interbotix_common_toolbox/share/interbotix_common_toolbox/package.zsh'
[0.806s] Level 1:colcon.colcon_core.environment:create_file_with_runtime_dependencies(/workspace/koch_control/install/interbotix_common_toolbox/share/colcon-core/packages/interbotix_common_toolbox)
[0.806s] Level 1:colcon.colcon_core.environment:create_environment_scripts_only(interbotix_common_toolbox)
[0.806s] Level 1:colcon.colcon_core.environment:checking '/workspace/koch_control/install/interbotix_common_toolbox' for CMake module files
[0.806s] Level 1:colcon.colcon_core.environment:checking '/workspace/koch_control/install/interbotix_common_toolbox' for CMake config files
[0.806s] Level 1:colcon.colcon_core.shell:create_environment_hook('interbotix_common_toolbox', 'cmake_prefix_path')
[0.806s] INFO:colcon.colcon_core.shell:Creating environment hook '/workspace/koch_control/install/interbotix_common_toolbox/share/interbotix_common_toolbox/hook/cmake_prefix_path.ps1'
[0.807s] INFO:colcon.colcon_core.shell:Creating environment descriptor '/workspace/koch_control/install/interbotix_common_toolbox/share/interbotix_common_toolbox/hook/cmake_prefix_path.dsv'
[0.807s] INFO:colcon.colcon_core.shell:Creating environment hook '/workspace/koch_control/install/interbotix_common_toolbox/share/interbotix_common_toolbox/hook/cmake_prefix_path.sh'
[0.807s] Level 1:colcon.colcon_core.environment:checking '/workspace/koch_control/install/interbotix_common_toolbox/bin'
[0.807s] Level 1:colcon.colcon_core.environment:checking '/workspace/koch_control/install/interbotix_common_toolbox/lib/pkgconfig/interbotix_common_toolbox.pc'
[0.807s] Level 1:colcon.colcon_core.environment:checking '/workspace/koch_control/install/interbotix_common_toolbox/lib/python3.10/site-packages'
[0.807s] Level 1:colcon.colcon_core.environment:checking '/workspace/koch_control/install/interbotix_common_toolbox/bin'
[0.807s] INFO:colcon.colcon_core.shell:Creating package script '/workspace/koch_control/install/interbotix_common_toolbox/share/interbotix_common_toolbox/package.ps1'
[0.807s] INFO:colcon.colcon_core.shell:Creating package descriptor '/workspace/koch_control/install/interbotix_common_toolbox/share/interbotix_common_toolbox/package.dsv'
[0.808s] INFO:colcon.colcon_core.shell:Creating package script '/workspace/koch_control/install/interbotix_common_toolbox/share/interbotix_common_toolbox/package.sh'
[0.808s] INFO:colcon.colcon_core.shell:Creating package script '/workspace/koch_control/install/interbotix_common_toolbox/share/interbotix_common_toolbox/package.bash'
[0.808s] INFO:colcon.colcon_core.shell:Creating package script '/workspace/koch_control/install/interbotix_common_toolbox/share/interbotix_common_toolbox/package.zsh'
[0.808s] Level 1:colcon.colcon_core.environment:create_file_with_runtime_dependencies(/workspace/koch_control/install/interbotix_common_toolbox/share/colcon-core/packages/interbotix_common_toolbox)
[0.934s] DEBUG:colcon.colcon_core.event_handler.log_command:Invoking command in '/workspace/koch_control/build/interbotix_xs_modules': AMENT_PREFIX_PATH=/workspace/koch_control/install/interbotix_xs_sdk:/workspace/koch_control/install/interbotix_xs_driver:/workspace/koch_control/install/interbotix_xs_msgs:/workspace/koch_control/install/interbotix_common_modules:/workspace/koch_control/install/dynamixel_workbench_toolbox:${AMENT_PREFIX_PATH} CMAKE_PREFIX_PATH=/workspace/koch_control/install/interbotix_xs_sdk:/workspace/koch_control/install/interbotix_xs_driver:/workspace/koch_control/install/interbotix_xs_msgs:/workspace/koch_control/install/dynamixel_workbench_toolbox LD_LIBRARY_PATH=/workspace/koch_control/install/interbotix_xs_driver/lib:/workspace/koch_control/install/interbotix_xs_msgs/lib:/workspace/koch_control/install/dynamixel_workbench_toolbox/lib:${LD_LIBRARY_PATH} PYTHONPATH=/workspace/koch_control/build/interbotix_xs_modules/prefix_override:/usr/lib/python3/dist-packages/colcon_core/task/python/colcon_distutils_commands:/workspace/koch_control/install/interbotix_xs_modules/lib/python3.10/site-packages:/workspace/koch_control/install/interbotix_xs_msgs/local/lib/python3.10/dist-packages:/workspace/koch_control/build/interbotix_common_modules:/workspace/koch_control/install/interbotix_common_modules/lib/python3.10/site-packages:${PYTHONPATH} /usr/bin/python3 -W ignore:setup.py install is deprecated -W ignore:easy_install command is deprecated setup.py develop --editable --build-directory /workspace/koch_control/build/interbotix_xs_modules/build --no-deps symlink_data
[1.094s] Level 1:colcon.colcon_core.shell:create_environment_hook('interbotix_xs_modules', 'pythonpath_develop')
[1.094s] INFO:colcon.colcon_core.shell:Creating environment hook '/workspace/koch_control/build/interbotix_xs_modules/share/interbotix_xs_modules/hook/pythonpath_develop.ps1'
[1.095s] DEBUG:colcon.colcon_core.event_handler.log_command:Invoked command in '/workspace/koch_control/build/interbotix_xs_modules' returned '0': AMENT_PREFIX_PATH=/workspace/koch_control/install/interbotix_xs_sdk:/workspace/koch_control/install/interbotix_xs_driver:/workspace/koch_control/install/interbotix_xs_msgs:/workspace/koch_control/install/interbotix_common_modules:/workspace/koch_control/install/dynamixel_workbench_toolbox:${AMENT_PREFIX_PATH} CMAKE_PREFIX_PATH=/workspace/koch_control/install/interbotix_xs_sdk:/workspace/koch_control/install/interbotix_xs_driver:/workspace/koch_control/install/interbotix_xs_msgs:/workspace/koch_control/install/dynamixel_workbench_toolbox LD_LIBRARY_PATH=/workspace/koch_control/install/interbotix_xs_driver/lib:/workspace/koch_control/install/interbotix_xs_msgs/lib:/workspace/koch_control/install/dynamixel_workbench_toolbox/lib:${LD_LIBRARY_PATH} PYTHONPATH=/workspace/koch_control/build/interbotix_xs_modules/prefix_override:/usr/lib/python3/dist-packages/colcon_core/task/python/colcon_distutils_commands:/workspace/koch_control/install/interbotix_xs_modules/lib/python3.10/site-packages:/workspace/koch_control/install/interbotix_xs_msgs/local/lib/python3.10/dist-packages:/workspace/koch_control/build/interbotix_common_modules:/workspace/koch_control/install/interbotix_common_modules/lib/python3.10/site-packages:${PYTHONPATH} /usr/bin/python3 -W ignore:setup.py install is deprecated -W ignore:easy_install command is deprecated setup.py develop --editable --build-directory /workspace/koch_control/build/interbotix_xs_modules/build --no-deps symlink_data
[1.095s] INFO:colcon.colcon_core.shell:Creating environment descriptor '/workspace/koch_control/build/interbotix_xs_modules/share/interbotix_xs_modules/hook/pythonpath_develop.dsv'
[1.095s] INFO:colcon.colcon_core.shell:Creating environment hook '/workspace/koch_control/build/interbotix_xs_modules/share/interbotix_xs_modules/hook/pythonpath_develop.sh'
[1.095s] Level 1:colcon.colcon_core.environment:checking '/workspace/koch_control/install/interbotix_xs_modules' for CMake module files
[1.096s] Level 1:colcon.colcon_core.environment:checking '/workspace/koch_control/install/interbotix_xs_modules' for CMake config files
[1.096s] Level 1:colcon.colcon_core.environment:checking '/workspace/koch_control/install/interbotix_xs_modules/lib'
[1.096s] Level 1:colcon.colcon_core.environment:checking '/workspace/koch_control/install/interbotix_xs_modules/bin'
[1.096s] Level 1:colcon.colcon_core.environment:checking '/workspace/koch_control/install/interbotix_xs_modules/lib/pkgconfig/interbotix_xs_modules.pc'
[1.096s] Level 1:colcon.colcon_core.environment:checking '/workspace/koch_control/install/interbotix_xs_modules/lib/python3.10/site-packages'
[1.096s] Level 1:colcon.colcon_core.shell:create_environment_hook('interbotix_xs_modules', 'pythonpath')
[1.096s] INFO:colcon.colcon_core.shell:Creating environment hook '/workspace/koch_control/install/interbotix_xs_modules/share/interbotix_xs_modules/hook/pythonpath.ps1'
[1.096s] INFO:colcon.colcon_core.shell:Creating environment descriptor '/workspace/koch_control/install/interbotix_xs_modules/share/interbotix_xs_modules/hook/pythonpath.dsv'
[1.096s] INFO:colcon.colcon_core.shell:Creating environment hook '/workspace/koch_control/install/interbotix_xs_modules/share/interbotix_xs_modules/hook/pythonpath.sh'
[1.097s] Level 1:colcon.colcon_core.environment:checking '/workspace/koch_control/install/interbotix_xs_modules/bin'
[1.097s] Level 1:colcon.colcon_core.environment:create_environment_scripts_only(interbotix_xs_modules)
[1.097s] INFO:colcon.colcon_core.shell:Creating package script '/workspace/koch_control/install/interbotix_xs_modules/share/interbotix_xs_modules/package.ps1'
[1.097s] INFO:colcon.colcon_core.shell:Creating package descriptor '/workspace/koch_control/install/interbotix_xs_modules/share/interbotix_xs_modules/package.dsv'
[1.097s] INFO:colcon.colcon_core.shell:Creating package script '/workspace/koch_control/install/interbotix_xs_modules/share/interbotix_xs_modules/package.sh'
[1.097s] INFO:colcon.colcon_core.shell:Creating package script '/workspace/koch_control/install/interbotix_xs_modules/share/interbotix_xs_modules/package.bash'
[1.097s] INFO:colcon.colcon_core.shell:Creating package script '/workspace/koch_control/install/interbotix_xs_modules/share/interbotix_xs_modules/package.zsh'
[1.097s] Level 1:colcon.colcon_core.environment:create_file_with_runtime_dependencies(/workspace/koch_control/install/interbotix_xs_modules/share/colcon-core/packages/interbotix_xs_modules)
[1.098s] INFO:colcon.colcon_ros.task.ament_cmake.build:Building ROS package in '/workspace/koch_control/interbotix_ros_manipulators/interbotix_ros_xsarms/interbotix_xsarm_descriptions' with build type 'ament_cmake'
[1.098s] INFO:colcon.colcon_cmake.task.cmake.build:Building CMake package in '/workspace/koch_control/interbotix_ros_manipulators/interbotix_ros_xsarms/interbotix_xsarm_descriptions'
[1.098s] INFO:colcon.colcon_core.shell:Skip shell extension 'powershell' for command environment: Not usable outside of PowerShell
[1.098s] DEBUG:colcon.colcon_core.shell:Skip shell extension 'dsv' for command environment
[1.099s] INFO:colcon.colcon_ros.task.ament_cmake.build:Building ROS package in '/workspace/koch_control/interbotix_ros_toolboxes/interbotix_xs_toolbox/interbotix_xs_toolbox' with build type 'ament_cmake'
[1.099s] INFO:colcon.colcon_cmake.task.cmake.build:Building CMake package in '/workspace/koch_control/interbotix_ros_toolboxes/interbotix_xs_toolbox/interbotix_xs_toolbox'
[1.099s] INFO:colcon.colcon_core.shell:Skip shell extension 'powershell' for command environment: Not usable outside of PowerShell
[1.099s] DEBUG:colcon.colcon_core.shell:Skip shell extension 'dsv' for command environment
[1.100s] ERROR:colcon.colcon_cmake.task.cmake.build:Failed to find the following files:
- /workspace/koch_control/install/interbotix_xs_rviz/share/interbotix_xs_rviz/package.sh
Check that the following packages have been built:
- interbotix_xs_rviz
[1.100s] Level 1:colcon.colcon_core.environment:create_environment_scripts_only(interbotix_xs_toolbox)
[1.100s] Level 1:colcon.colcon_core.environment:checking '/workspace/koch_control/install/interbotix_xs_toolbox' for CMake module files
[1.100s] Level 1:colcon.colcon_core.environment:checking '/workspace/koch_control/install/interbotix_xs_toolbox' for CMake config files
[1.100s] Level 1:colcon.colcon_core.environment:checking '/workspace/koch_control/install/interbotix_xs_toolbox/bin'
[1.100s] Level 1:colcon.colcon_core.environment:checking '/workspace/koch_control/install/interbotix_xs_toolbox/lib/pkgconfig/interbotix_xs_toolbox.pc'
[1.100s] Level 1:colcon.colcon_core.environment:checking '/workspace/koch_control/install/interbotix_xs_toolbox/lib/python3.10/site-packages'
[1.100s] Level 1:colcon.colcon_core.environment:checking '/workspace/koch_control/install/interbotix_xs_toolbox/bin'
[1.101s] INFO:colcon.colcon_core.shell:Creating package script '/workspace/koch_control/install/interbotix_xs_toolbox/share/interbotix_xs_toolbox/package.ps1'
[1.101s] INFO:colcon.colcon_core.shell:Creating package descriptor '/workspace/koch_control/install/interbotix_xs_toolbox/share/interbotix_xs_toolbox/package.dsv'
[1.101s] INFO:colcon.colcon_core.shell:Creating package script '/workspace/koch_control/install/interbotix_xs_toolbox/share/interbotix_xs_toolbox/package.sh'
[1.101s] INFO:colcon.colcon_core.shell:Creating package script '/workspace/koch_control/install/interbotix_xs_toolbox/share/interbotix_xs_toolbox/package.bash'
[1.101s] INFO:colcon.colcon_core.shell:Creating package script '/workspace/koch_control/install/interbotix_xs_toolbox/share/interbotix_xs_toolbox/package.zsh'
[1.101s] Level 1:colcon.colcon_core.environment:create_file_with_runtime_dependencies(/workspace/koch_control/install/interbotix_xs_toolbox/share/colcon-core/packages/interbotix_xs_toolbox)
[1.112s] DEBUG:colcon.colcon_parallel_executor.executor.parallel:closing loop
[1.112s] DEBUG:colcon.colcon_parallel_executor.executor.parallel:loop closed
[1.112s] DEBUG:colcon.colcon_parallel_executor.executor.parallel:run_until_complete finished with '1'
[1.112s] DEBUG:colcon.colcon_core.event_reactor:joining thread
[1.115s] INFO:colcon.colcon_core.plugin_system:Skipping extension 'colcon_notification.desktop_notification.notify_send': Could not find 'notify-send'
[1.115s] INFO:colcon.colcon_core.plugin_system:Skipping extension 'colcon_notification.desktop_notification.terminal_notifier': Not used on non-Darwin systems
[1.115s] INFO:colcon.colcon_core.plugin_system:Skipping extension 'colcon_notification.desktop_notification.win32': Not used on non-Windows systems
[1.115s] INFO:colcon.colcon_notification.desktop_notification:Sending desktop notification using 'notify2'
[1.116s] DEBUG:colcon.colcon_notification.desktop_notification.notify2:Failed to initialize notify2: org.freedesktop.DBus.Error.Spawn.ExecFailed: /usr/bin/dbus-launch terminated abnormally without any error message
[1.116s] DEBUG:colcon.colcon_core.event_reactor:joined thread
[1.117s] INFO:colcon.colcon_core.shell:Creating prefix script '/workspace/koch_control/install/local_setup.ps1'
[1.117s] INFO:colcon.colcon_core.shell:Creating prefix util module '/workspace/koch_control/install/_local_setup_util_ps1.py'
[1.118s] INFO:colcon.colcon_core.shell:Creating prefix chain script '/workspace/koch_control/install/setup.ps1'
[1.118s] INFO:colcon.colcon_core.shell:Creating prefix script '/workspace/koch_control/install/local_setup.sh'
[1.118s] INFO:colcon.colcon_core.shell:Creating prefix util module '/workspace/koch_control/install/_local_setup_util_sh.py'
[1.118s] INFO:colcon.colcon_core.shell:Creating prefix chain script '/workspace/koch_control/install/setup.sh'
[1.119s] INFO:colcon.colcon_core.shell:Creating prefix script '/workspace/koch_control/install/local_setup.bash'
[1.119s] INFO:colcon.colcon_core.shell:Creating prefix chain script '/workspace/koch_control/install/setup.bash'
[1.119s] INFO:colcon.colcon_core.shell:Creating prefix script '/workspace/koch_control/install/local_setup.zsh'
[1.120s] INFO:colcon.colcon_core.shell:Creating prefix chain script '/workspace/koch_control/install/setup.zsh'
