[0.052s] DEBUG:colcon:Command line arguments: ['/usr/bin/colcon', 'build', '--symlink-install', '--packages-skip', 'moveit_visual_tools', 'interbotix_xsarm_moveit', 'interbotix_moveit_interface', 'interbotix_moveit_interface_msgs', 'rviz_visual_tools']
[0.052s] DEBUG:colcon:Parsed command line arguments: Namespace(log_base=None, log_level=None, verb_name='build', build_base='build', install_base='install', merge_install=False, symlink_install=True, test_result_base=None, continue_on_error=False, executor='parallel', parallel_workers=32, event_handlers=None, ignore_user_meta=False, metas=['./colcon.meta'], base_paths=['.'], packages_ignore=None, packages_ignore_regex=None, paths=None, packages_up_to=None, packages_up_to_regex=None, packages_above=None, packages_above_and_dependencies=None, packages_above_depth=None, packages_select_by_dep=None, packages_skip_by_dep=None, packages_skip_up_to=None, packages_select_build_failed=False, packages_skip_build_finished=False, packages_select_test_failures=False, packages_skip_test_passed=False, packages_select=None, packages_skip=['moveit_visual_tools', 'interbotix_xsarm_moveit', 'interbotix_moveit_interface', 'interbotix_moveit_interface_msgs', 'rviz_visual_tools'], packages_select_regex=None, packages_skip_regex=None, packages_start=None, packages_end=None, allow_overriding=[], cmake_args=None, cmake_target=None, cmake_target_skip_unavailable=False, cmake_clean_cache=False, cmake_clean_first=False, cmake_force_configure=False, ament_cmake_args=None, catkin_cmake_args=None, catkin_skip_building_tests=False, mixin_files=None, mixin=None, verb_parser=<colcon_mixin.mixin.mixin_argument.MixinArgumentDecorator object at 0x7eacfb40d210>, verb_extension=<colcon_core.verb.build.BuildVerb object at 0x7eacfb40cd30>, main=<bound method BuildVerb.main of <colcon_core.verb.build.BuildVerb object at 0x7eacfb40cd30>>, mixin_verb=('build',))
[0.114s] Level 1:colcon.colcon_core.package_discovery:discover_packages(colcon_meta) check parameters
[0.115s] Level 1:colcon.colcon_core.package_discovery:discover_packages(recursive) check parameters
[0.115s] Level 1:colcon.colcon_core.package_discovery:discover_packages(ignore) check parameters
[0.115s] Level 1:colcon.colcon_core.package_discovery:discover_packages(path) check parameters
[0.115s] Level 1:colcon.colcon_core.package_discovery:discover_packages(colcon_meta) discover
[0.115s] Level 1:colcon.colcon_core.package_discovery:discover_packages(recursive) discover
[0.115s] INFO:colcon.colcon_core.package_discovery:Crawling recursively for packages in '/workspace/koch_control'
[0.115s] Level 1:colcon.colcon_core.package_identification:_identify(.) by extensions ['ignore', 'ignore_ament_install']
[0.115s] Level 1:colcon.colcon_core.package_identification:_identify(.) by extension 'ignore'
[0.115s] Level 1:colcon.colcon_core.package_identification:_identify(.) by extension 'ignore_ament_install'
[0.115s] Level 1:colcon.colcon_core.package_identification:_identify(.) by extensions ['colcon_pkg']
[0.115s] Level 1:colcon.colcon_core.package_identification:_identify(.) by extension 'colcon_pkg'
[0.115s] Level 1:colcon.colcon_core.package_identification:_identify(.) by extensions ['colcon_meta']
[0.115s] Level 1:colcon.colcon_core.package_identification:_identify(.) by extension 'colcon_meta'
[0.115s] Level 1:colcon.colcon_core.package_identification:_identify(.) by extensions ['ros']
[0.115s] Level 1:colcon.colcon_core.package_identification:_identify(.) by extension 'ros'
[0.130s] Level 1:colcon.colcon_core.package_identification:_identify(.) by extensions ['cmake', 'python']
[0.130s] Level 1:colcon.colcon_core.package_identification:_identify(.) by extension 'cmake'
[0.130s] Level 1:colcon.colcon_core.package_identification:_identify(.) by extension 'python'
[0.130s] Level 1:colcon.colcon_core.package_identification:_identify(.) by extensions ['python_setup_py']
[0.130s] Level 1:colcon.colcon_core.package_identification:_identify(.) by extension 'python_setup_py'
[0.130s] Level 1:colcon.colcon_core.package_identification:_identify(build) by extensions ['ignore', 'ignore_ament_install']
[0.130s] Level 1:colcon.colcon_core.package_identification:_identify(build) by extension 'ignore'
[0.130s] Level 1:colcon.colcon_core.package_identification:_identify(build) ignored
[0.130s] Level 1:colcon.colcon_core.package_identification:_identify(install) by extensions ['ignore', 'ignore_ament_install']
[0.130s] Level 1:colcon.colcon_core.package_identification:_identify(install) by extension 'ignore'
[0.130s] Level 1:colcon.colcon_core.package_identification:_identify(install) ignored
[0.130s] Level 1:colcon.colcon_core.package_identification:_identify(interbotix_ros_core) by extensions ['ignore', 'ignore_ament_install']
[0.130s] Level 1:colcon.colcon_core.package_identification:_identify(interbotix_ros_core) by extension 'ignore'
[0.130s] Level 1:colcon.colcon_core.package_identification:_identify(interbotix_ros_core) by extension 'ignore_ament_install'
[0.130s] Level 1:colcon.colcon_core.package_identification:_identify(interbotix_ros_core) by extensions ['colcon_pkg']
[0.130s] Level 1:colcon.colcon_core.package_identification:_identify(interbotix_ros_core) by extension 'colcon_pkg'
[0.130s] Level 1:colcon.colcon_core.package_identification:_identify(interbotix_ros_core) by extensions ['colcon_meta']
[0.130s] Level 1:colcon.colcon_core.package_identification:_identify(interbotix_ros_core) by extension 'colcon_meta'
[0.130s] Level 1:colcon.colcon_core.package_identification:_identify(interbotix_ros_core) by extensions ['ros']
[0.130s] Level 1:colcon.colcon_core.package_identification:_identify(interbotix_ros_core) by extension 'ros'
[0.130s] Level 1:colcon.colcon_core.package_identification:_identify(interbotix_ros_core) by extensions ['cmake', 'python']
[0.130s] Level 1:colcon.colcon_core.package_identification:_identify(interbotix_ros_core) by extension 'cmake'
[0.130s] Level 1:colcon.colcon_core.package_identification:_identify(interbotix_ros_core) by extension 'python'
[0.130s] Level 1:colcon.colcon_core.package_identification:_identify(interbotix_ros_core) by extensions ['python_setup_py']
[0.130s] Level 1:colcon.colcon_core.package_identification:_identify(interbotix_ros_core) by extension 'python_setup_py'
[0.130s] Level 1:colcon.colcon_core.package_identification:_identify(interbotix_ros_core/images) by extensions ['ignore', 'ignore_ament_install']
[0.130s] Level 1:colcon.colcon_core.package_identification:_identify(interbotix_ros_core/images) by extension 'ignore'
[0.130s] Level 1:colcon.colcon_core.package_identification:_identify(interbotix_ros_core/images) by extension 'ignore_ament_install'
[0.130s] Level 1:colcon.colcon_core.package_identification:_identify(interbotix_ros_core/images) by extensions ['colcon_pkg']
[0.130s] Level 1:colcon.colcon_core.package_identification:_identify(interbotix_ros_core/images) by extension 'colcon_pkg'
[0.131s] Level 1:colcon.colcon_core.package_identification:_identify(interbotix_ros_core/images) by extensions ['colcon_meta']
[0.131s] Level 1:colcon.colcon_core.package_identification:_identify(interbotix_ros_core/images) by extension 'colcon_meta'
[0.131s] Level 1:colcon.colcon_core.package_identification:_identify(interbotix_ros_core/images) by extensions ['ros']
[0.131s] Level 1:colcon.colcon_core.package_identification:_identify(interbotix_ros_core/images) by extension 'ros'
[0.131s] Level 1:colcon.colcon_core.package_identification:_identify(interbotix_ros_core/images) by extensions ['cmake', 'python']
[0.131s] Level 1:colcon.colcon_core.package_identification:_identify(interbotix_ros_core/images) by extension 'cmake'
[0.131s] Level 1:colcon.colcon_core.package_identification:_identify(interbotix_ros_core/images) by extension 'python'
[0.131s] Level 1:colcon.colcon_core.package_identification:_identify(interbotix_ros_core/images) by extensions ['python_setup_py']
[0.131s] Level 1:colcon.colcon_core.package_identification:_identify(interbotix_ros_core/images) by extension 'python_setup_py'
[0.131s] Level 1:colcon.colcon_core.package_identification:_identify(interbotix_ros_core/interbotix_ros_common_drivers) by extensions ['ignore', 'ignore_ament_install']
[0.131s] Level 1:colcon.colcon_core.package_identification:_identify(interbotix_ros_core/interbotix_ros_common_drivers) by extension 'ignore'
[0.131s] Level 1:colcon.colcon_core.package_identification:_identify(interbotix_ros_core/interbotix_ros_common_drivers) ignored
[0.131s] Level 1:colcon.colcon_core.package_identification:_identify(interbotix_ros_core/interbotix_ros_slate) by extensions ['ignore', 'ignore_ament_install']
[0.131s] Level 1:colcon.colcon_core.package_identification:_identify(interbotix_ros_core/interbotix_ros_slate) by extension 'ignore'
[0.131s] Level 1:colcon.colcon_core.package_identification:_identify(interbotix_ros_core/interbotix_ros_slate) ignored
[0.131s] Level 1:colcon.colcon_core.package_identification:_identify(interbotix_ros_core/interbotix_ros_xseries) by extensions ['ignore', 'ignore_ament_install']
[0.131s] Level 1:colcon.colcon_core.package_identification:_identify(interbotix_ros_core/interbotix_ros_xseries) by extension 'ignore'
[0.131s] Level 1:colcon.colcon_core.package_identification:_identify(interbotix_ros_core/interbotix_ros_xseries) by extension 'ignore_ament_install'
[0.131s] Level 1:colcon.colcon_core.package_identification:_identify(interbotix_ros_core/interbotix_ros_xseries) by extensions ['colcon_pkg']
[0.131s] Level 1:colcon.colcon_core.package_identification:_identify(interbotix_ros_core/interbotix_ros_xseries) by extension 'colcon_pkg'
[0.131s] Level 1:colcon.colcon_core.package_identification:_identify(interbotix_ros_core/interbotix_ros_xseries) by extensions ['colcon_meta']
[0.131s] Level 1:colcon.colcon_core.package_identification:_identify(interbotix_ros_core/interbotix_ros_xseries) by extension 'colcon_meta'
[0.131s] Level 1:colcon.colcon_core.package_identification:_identify(interbotix_ros_core/interbotix_ros_xseries) by extensions ['ros']
[0.131s] Level 1:colcon.colcon_core.package_identification:_identify(interbotix_ros_core/interbotix_ros_xseries) by extension 'ros'
[0.131s] Level 1:colcon.colcon_core.package_identification:_identify(interbotix_ros_core/interbotix_ros_xseries) by extensions ['cmake', 'python']
[0.131s] Level 1:colcon.colcon_core.package_identification:_identify(interbotix_ros_core/interbotix_ros_xseries) by extension 'cmake'
[0.131s] Level 1:colcon.colcon_core.package_identification:_identify(interbotix_ros_core/interbotix_ros_xseries) by extension 'python'
[0.131s] Level 1:colcon.colcon_core.package_identification:_identify(interbotix_ros_core/interbotix_ros_xseries) by extensions ['python_setup_py']
[0.131s] Level 1:colcon.colcon_core.package_identification:_identify(interbotix_ros_core/interbotix_ros_xseries) by extension 'python_setup_py'
[0.131s] Level 1:colcon.colcon_core.package_identification:_identify(interbotix_ros_core/interbotix_ros_xseries/dynamixel_workbench_toolbox) by extensions ['ignore', 'ignore_ament_install']
[0.131s] Level 1:colcon.colcon_core.package_identification:_identify(interbotix_ros_core/interbotix_ros_xseries/dynamixel_workbench_toolbox) by extension 'ignore'
[0.131s] Level 1:colcon.colcon_core.package_identification:_identify(interbotix_ros_core/interbotix_ros_xseries/dynamixel_workbench_toolbox) by extension 'ignore_ament_install'
[0.131s] Level 1:colcon.colcon_core.package_identification:_identify(interbotix_ros_core/interbotix_ros_xseries/dynamixel_workbench_toolbox) by extensions ['colcon_pkg']
[0.131s] Level 1:colcon.colcon_core.package_identification:_identify(interbotix_ros_core/interbotix_ros_xseries/dynamixel_workbench_toolbox) by extension 'colcon_pkg'
[0.131s] Level 1:colcon.colcon_core.package_identification:_identify(interbotix_ros_core/interbotix_ros_xseries/dynamixel_workbench_toolbox) by extensions ['colcon_meta']
[0.131s] Level 1:colcon.colcon_core.package_identification:_identify(interbotix_ros_core/interbotix_ros_xseries/dynamixel_workbench_toolbox) by extension 'colcon_meta'
[0.131s] Level 1:colcon.colcon_core.package_identification:_identify(interbotix_ros_core/interbotix_ros_xseries/dynamixel_workbench_toolbox) by extensions ['ros']
[0.131s] Level 1:colcon.colcon_core.package_identification:_identify(interbotix_ros_core/interbotix_ros_xseries/dynamixel_workbench_toolbox) by extension 'ros'
[0.132s] DEBUG:colcon.colcon_core.package_identification:Package 'interbotix_ros_core/interbotix_ros_xseries/dynamixel_workbench_toolbox' with type 'ros.ament_cmake' and name 'dynamixel_workbench_toolbox'
[0.132s] Level 1:colcon.colcon_core.package_identification:_identify(interbotix_ros_core/interbotix_ros_xseries/interbotix_ros_xseries) by extensions ['ignore', 'ignore_ament_install']
[0.132s] Level 1:colcon.colcon_core.package_identification:_identify(interbotix_ros_core/interbotix_ros_xseries/interbotix_ros_xseries) by extension 'ignore'
[0.132s] Level 1:colcon.colcon_core.package_identification:_identify(interbotix_ros_core/interbotix_ros_xseries/interbotix_ros_xseries) by extension 'ignore_ament_install'
[0.132s] Level 1:colcon.colcon_core.package_identification:_identify(interbotix_ros_core/interbotix_ros_xseries/interbotix_ros_xseries) by extensions ['colcon_pkg']
[0.132s] Level 1:colcon.colcon_core.package_identification:_identify(interbotix_ros_core/interbotix_ros_xseries/interbotix_ros_xseries) by extension 'colcon_pkg'
[0.132s] Level 1:colcon.colcon_core.package_identification:_identify(interbotix_ros_core/interbotix_ros_xseries/interbotix_ros_xseries) by extensions ['colcon_meta']
[0.132s] Level 1:colcon.colcon_core.package_identification:_identify(interbotix_ros_core/interbotix_ros_xseries/interbotix_ros_xseries) by extension 'colcon_meta'
[0.132s] Level 1:colcon.colcon_core.package_identification:_identify(interbotix_ros_core/interbotix_ros_xseries/interbotix_ros_xseries) by extensions ['ros']
[0.132s] Level 1:colcon.colcon_core.package_identification:_identify(interbotix_ros_core/interbotix_ros_xseries/interbotix_ros_xseries) by extension 'ros'
[0.133s] DEBUG:colcon.colcon_core.package_identification:Package 'interbotix_ros_core/interbotix_ros_xseries/interbotix_ros_xseries' with type 'ros.ament_cmake' and name 'interbotix_ros_xseries'
[0.133s] Level 1:colcon.colcon_core.package_identification:_identify(interbotix_ros_core/interbotix_ros_xseries/interbotix_xs_driver) by extensions ['ignore', 'ignore_ament_install']
[0.133s] Level 1:colcon.colcon_core.package_identification:_identify(interbotix_ros_core/interbotix_ros_xseries/interbotix_xs_driver) by extension 'ignore'
[0.133s] Level 1:colcon.colcon_core.package_identification:_identify(interbotix_ros_core/interbotix_ros_xseries/interbotix_xs_driver) by extension 'ignore_ament_install'
[0.133s] Level 1:colcon.colcon_core.package_identification:_identify(interbotix_ros_core/interbotix_ros_xseries/interbotix_xs_driver) by extensions ['colcon_pkg']
[0.133s] Level 1:colcon.colcon_core.package_identification:_identify(interbotix_ros_core/interbotix_ros_xseries/interbotix_xs_driver) by extension 'colcon_pkg'
[0.133s] Level 1:colcon.colcon_core.package_identification:_identify(interbotix_ros_core/interbotix_ros_xseries/interbotix_xs_driver) by extensions ['colcon_meta']
[0.133s] Level 1:colcon.colcon_core.package_identification:_identify(interbotix_ros_core/interbotix_ros_xseries/interbotix_xs_driver) by extension 'colcon_meta'
[0.133s] Level 1:colcon.colcon_core.package_identification:_identify(interbotix_ros_core/interbotix_ros_xseries/interbotix_xs_driver) by extensions ['ros']
[0.133s] Level 1:colcon.colcon_core.package_identification:_identify(interbotix_ros_core/interbotix_ros_xseries/interbotix_xs_driver) by extension 'ros'
[0.133s] DEBUG:colcon.colcon_core.package_identification:Package 'interbotix_ros_core/interbotix_ros_xseries/interbotix_xs_driver' with type 'ros.ament_cmake' and name 'interbotix_xs_driver'
[0.133s] Level 1:colcon.colcon_core.package_identification:_identify(interbotix_ros_core/interbotix_ros_xseries/interbotix_xs_msgs) by extensions ['ignore', 'ignore_ament_install']
[0.133s] Level 1:colcon.colcon_core.package_identification:_identify(interbotix_ros_core/interbotix_ros_xseries/interbotix_xs_msgs) by extension 'ignore'
[0.133s] Level 1:colcon.colcon_core.package_identification:_identify(interbotix_ros_core/interbotix_ros_xseries/interbotix_xs_msgs) by extension 'ignore_ament_install'
[0.133s] Level 1:colcon.colcon_core.package_identification:_identify(interbotix_ros_core/interbotix_ros_xseries/interbotix_xs_msgs) by extensions ['colcon_pkg']
[0.133s] Level 1:colcon.colcon_core.package_identification:_identify(interbotix_ros_core/interbotix_ros_xseries/interbotix_xs_msgs) by extension 'colcon_pkg'
[0.133s] Level 1:colcon.colcon_core.package_identification:_identify(interbotix_ros_core/interbotix_ros_xseries/interbotix_xs_msgs) by extensions ['colcon_meta']
[0.133s] Level 1:colcon.colcon_core.package_identification:_identify(interbotix_ros_core/interbotix_ros_xseries/interbotix_xs_msgs) by extension 'colcon_meta'
[0.133s] Level 1:colcon.colcon_core.package_identification:_identify(interbotix_ros_core/interbotix_ros_xseries/interbotix_xs_msgs) by extensions ['ros']
[0.133s] Level 1:colcon.colcon_core.package_identification:_identify(interbotix_ros_core/interbotix_ros_xseries/interbotix_xs_msgs) by extension 'ros'
[0.134s] DEBUG:colcon.colcon_core.package_identification:Package 'interbotix_ros_core/interbotix_ros_xseries/interbotix_xs_msgs' with type 'ros.ament_cmake' and name 'interbotix_xs_msgs'
[0.134s] Level 1:colcon.colcon_core.package_identification:_identify(interbotix_ros_core/interbotix_ros_xseries/interbotix_xs_sdk) by extensions ['ignore', 'ignore_ament_install']
[0.134s] Level 1:colcon.colcon_core.package_identification:_identify(interbotix_ros_core/interbotix_ros_xseries/interbotix_xs_sdk) by extension 'ignore'
[0.134s] Level 1:colcon.colcon_core.package_identification:_identify(interbotix_ros_core/interbotix_ros_xseries/interbotix_xs_sdk) by extension 'ignore_ament_install'
[0.134s] Level 1:colcon.colcon_core.package_identification:_identify(interbotix_ros_core/interbotix_ros_xseries/interbotix_xs_sdk) by extensions ['colcon_pkg']
[0.134s] Level 1:colcon.colcon_core.package_identification:_identify(interbotix_ros_core/interbotix_ros_xseries/interbotix_xs_sdk) by extension 'colcon_pkg'
[0.134s] Level 1:colcon.colcon_core.package_identification:_identify(interbotix_ros_core/interbotix_ros_xseries/interbotix_xs_sdk) by extensions ['colcon_meta']
[0.134s] Level 1:colcon.colcon_core.package_identification:_identify(interbotix_ros_core/interbotix_ros_xseries/interbotix_xs_sdk) by extension 'colcon_meta'
[0.134s] Level 1:colcon.colcon_core.package_identification:_identify(interbotix_ros_core/interbotix_ros_xseries/interbotix_xs_sdk) by extensions ['ros']
[0.134s] Level 1:colcon.colcon_core.package_identification:_identify(interbotix_ros_core/interbotix_ros_xseries/interbotix_xs_sdk) by extension 'ros'
[0.134s] DEBUG:colcon.colcon_core.package_identification:Package 'interbotix_ros_core/interbotix_ros_xseries/interbotix_xs_sdk' with type 'ros.ament_cmake' and name 'interbotix_xs_sdk'
[0.134s] Level 1:colcon.colcon_core.package_identification:_identify(interbotix_ros_manipulators) by extensions ['ignore', 'ignore_ament_install']
[0.134s] Level 1:colcon.colcon_core.package_identification:_identify(interbotix_ros_manipulators) by extension 'ignore'
[0.134s] Level 1:colcon.colcon_core.package_identification:_identify(interbotix_ros_manipulators) by extension 'ignore_ament_install'
[0.134s] Level 1:colcon.colcon_core.package_identification:_identify(interbotix_ros_manipulators) by extensions ['colcon_pkg']
[0.134s] Level 1:colcon.colcon_core.package_identification:_identify(interbotix_ros_manipulators) by extension 'colcon_pkg'
[0.134s] Level 1:colcon.colcon_core.package_identification:_identify(interbotix_ros_manipulators) by extensions ['colcon_meta']
[0.134s] Level 1:colcon.colcon_core.package_identification:_identify(interbotix_ros_manipulators) by extension 'colcon_meta'
[0.134s] Level 1:colcon.colcon_core.package_identification:_identify(interbotix_ros_manipulators) by extensions ['ros']
[0.134s] Level 1:colcon.colcon_core.package_identification:_identify(interbotix_ros_manipulators) by extension 'ros'
[0.134s] Level 1:colcon.colcon_core.package_identification:_identify(interbotix_ros_manipulators) by extensions ['cmake', 'python']
[0.134s] Level 1:colcon.colcon_core.package_identification:_identify(interbotix_ros_manipulators) by extension 'cmake'
[0.134s] Level 1:colcon.colcon_core.package_identification:_identify(interbotix_ros_manipulators) by extension 'python'
[0.134s] Level 1:colcon.colcon_core.package_identification:_identify(interbotix_ros_manipulators) by extensions ['python_setup_py']
[0.134s] Level 1:colcon.colcon_core.package_identification:_identify(interbotix_ros_manipulators) by extension 'python_setup_py'
[0.134s] Level 1:colcon.colcon_core.package_identification:_identify(interbotix_ros_manipulators/images) by extensions ['ignore', 'ignore_ament_install']
[0.134s] Level 1:colcon.colcon_core.package_identification:_identify(interbotix_ros_manipulators/images) by extension 'ignore'
[0.134s] Level 1:colcon.colcon_core.package_identification:_identify(interbotix_ros_manipulators/images) by extension 'ignore_ament_install'
[0.134s] Level 1:colcon.colcon_core.package_identification:_identify(interbotix_ros_manipulators/images) by extensions ['colcon_pkg']
[0.134s] Level 1:colcon.colcon_core.package_identification:_identify(interbotix_ros_manipulators/images) by extension 'colcon_pkg'
[0.134s] Level 1:colcon.colcon_core.package_identification:_identify(interbotix_ros_manipulators/images) by extensions ['colcon_meta']
[0.134s] Level 1:colcon.colcon_core.package_identification:_identify(interbotix_ros_manipulators/images) by extension 'colcon_meta'
[0.134s] Level 1:colcon.colcon_core.package_identification:_identify(interbotix_ros_manipulators/images) by extensions ['ros']
[0.134s] Level 1:colcon.colcon_core.package_identification:_identify(interbotix_ros_manipulators/images) by extension 'ros'
[0.135s] Level 1:colcon.colcon_core.package_identification:_identify(interbotix_ros_manipulators/images) by extensions ['cmake', 'python']
[0.135s] Level 1:colcon.colcon_core.package_identification:_identify(interbotix_ros_manipulators/images) by extension 'cmake'
[0.135s] Level 1:colcon.colcon_core.package_identification:_identify(interbotix_ros_manipulators/images) by extension 'python'
[0.135s] Level 1:colcon.colcon_core.package_identification:_identify(interbotix_ros_manipulators/images) by extensions ['python_setup_py']
[0.135s] Level 1:colcon.colcon_core.package_identification:_identify(interbotix_ros_manipulators/images) by extension 'python_setup_py'
[0.135s] Level 1:colcon.colcon_core.package_identification:_identify(interbotix_ros_manipulators/interbotix_ros_xsarms) by extensions ['ignore', 'ignore_ament_install']
[0.135s] Level 1:colcon.colcon_core.package_identification:_identify(interbotix_ros_manipulators/interbotix_ros_xsarms) by extension 'ignore'
[0.135s] Level 1:colcon.colcon_core.package_identification:_identify(interbotix_ros_manipulators/interbotix_ros_xsarms) by extension 'ignore_ament_install'
[0.135s] Level 1:colcon.colcon_core.package_identification:_identify(interbotix_ros_manipulators/interbotix_ros_xsarms) by extensions ['colcon_pkg']
[0.135s] Level 1:colcon.colcon_core.package_identification:_identify(interbotix_ros_manipulators/interbotix_ros_xsarms) by extension 'colcon_pkg'
[0.135s] Level 1:colcon.colcon_core.package_identification:_identify(interbotix_ros_manipulators/interbotix_ros_xsarms) by extensions ['colcon_meta']
[0.135s] Level 1:colcon.colcon_core.package_identification:_identify(interbotix_ros_manipulators/interbotix_ros_xsarms) by extension 'colcon_meta'
[0.135s] Level 1:colcon.colcon_core.package_identification:_identify(interbotix_ros_manipulators/interbotix_ros_xsarms) by extensions ['ros']
[0.135s] Level 1:colcon.colcon_core.package_identification:_identify(interbotix_ros_manipulators/interbotix_ros_xsarms) by extension 'ros'
[0.135s] Level 1:colcon.colcon_core.package_identification:_identify(interbotix_ros_manipulators/interbotix_ros_xsarms) by extensions ['cmake', 'python']
[0.135s] Level 1:colcon.colcon_core.package_identification:_identify(interbotix_ros_manipulators/interbotix_ros_xsarms) by extension 'cmake'
[0.135s] Level 1:colcon.colcon_core.package_identification:_identify(interbotix_ros_manipulators/interbotix_ros_xsarms) by extension 'python'
[0.135s] Level 1:colcon.colcon_core.package_identification:_identify(interbotix_ros_manipulators/interbotix_ros_xsarms) by extensions ['python_setup_py']
[0.135s] Level 1:colcon.colcon_core.package_identification:_identify(interbotix_ros_manipulators/interbotix_ros_xsarms) by extension 'python_setup_py'
[0.135s] Level 1:colcon.colcon_core.package_identification:_identify(interbotix_ros_manipulators/interbotix_ros_xsarms/examples) by extensions ['ignore', 'ignore_ament_install']
[0.135s] Level 1:colcon.colcon_core.package_identification:_identify(interbotix_ros_manipulators/interbotix_ros_xsarms/examples) by extension 'ignore'
[0.135s] Level 1:colcon.colcon_core.package_identification:_identify(interbotix_ros_manipulators/interbotix_ros_xsarms/examples) by extension 'ignore_ament_install'
[0.135s] Level 1:colcon.colcon_core.package_identification:_identify(interbotix_ros_manipulators/interbotix_ros_xsarms/examples) by extensions ['colcon_pkg']
[0.135s] Level 1:colcon.colcon_core.package_identification:_identify(interbotix_ros_manipulators/interbotix_ros_xsarms/examples) by extension 'colcon_pkg'
[0.135s] Level 1:colcon.colcon_core.package_identification:_identify(interbotix_ros_manipulators/interbotix_ros_xsarms/examples) by extensions ['colcon_meta']
[0.135s] Level 1:colcon.colcon_core.package_identification:_identify(interbotix_ros_manipulators/interbotix_ros_xsarms/examples) by extension 'colcon_meta'
[0.135s] Level 1:colcon.colcon_core.package_identification:_identify(interbotix_ros_manipulators/interbotix_ros_xsarms/examples) by extensions ['ros']
[0.135s] Level 1:colcon.colcon_core.package_identification:_identify(interbotix_ros_manipulators/interbotix_ros_xsarms/examples) by extension 'ros'
[0.135s] Level 1:colcon.colcon_core.package_identification:_identify(interbotix_ros_manipulators/interbotix_ros_xsarms/examples) by extensions ['cmake', 'python']
[0.135s] Level 1:colcon.colcon_core.package_identification:_identify(interbotix_ros_manipulators/interbotix_ros_xsarms/examples) by extension 'cmake'
[0.135s] Level 1:colcon.colcon_core.package_identification:_identify(interbotix_ros_manipulators/interbotix_ros_xsarms/examples) by extension 'python'
[0.135s] Level 1:colcon.colcon_core.package_identification:_identify(interbotix_ros_manipulators/interbotix_ros_xsarms/examples) by extensions ['python_setup_py']
[0.135s] Level 1:colcon.colcon_core.package_identification:_identify(interbotix_ros_manipulators/interbotix_ros_xsarms/examples) by extension 'python_setup_py'
[0.135s] Level 1:colcon.colcon_core.package_identification:_identify(interbotix_ros_manipulators/interbotix_ros_xsarms/examples/interbotix_ros_xsarms_examples) by extensions ['ignore', 'ignore_ament_install']
[0.135s] Level 1:colcon.colcon_core.package_identification:_identify(interbotix_ros_manipulators/interbotix_ros_xsarms/examples/interbotix_ros_xsarms_examples) by extension 'ignore'
[0.135s] Level 1:colcon.colcon_core.package_identification:_identify(interbotix_ros_manipulators/interbotix_ros_xsarms/examples/interbotix_ros_xsarms_examples) by extension 'ignore_ament_install'
[0.135s] Level 1:colcon.colcon_core.package_identification:_identify(interbotix_ros_manipulators/interbotix_ros_xsarms/examples/interbotix_ros_xsarms_examples) by extensions ['colcon_pkg']
[0.135s] Level 1:colcon.colcon_core.package_identification:_identify(interbotix_ros_manipulators/interbotix_ros_xsarms/examples/interbotix_ros_xsarms_examples) by extension 'colcon_pkg'
[0.135s] Level 1:colcon.colcon_core.package_identification:_identify(interbotix_ros_manipulators/interbotix_ros_xsarms/examples/interbotix_ros_xsarms_examples) by extensions ['colcon_meta']
[0.135s] Level 1:colcon.colcon_core.package_identification:_identify(interbotix_ros_manipulators/interbotix_ros_xsarms/examples/interbotix_ros_xsarms_examples) by extension 'colcon_meta'
[0.135s] Level 1:colcon.colcon_core.package_identification:_identify(interbotix_ros_manipulators/interbotix_ros_xsarms/examples/interbotix_ros_xsarms_examples) by extensions ['ros']
[0.135s] Level 1:colcon.colcon_core.package_identification:_identify(interbotix_ros_manipulators/interbotix_ros_xsarms/examples/interbotix_ros_xsarms_examples) by extension 'ros'
[0.135s] DEBUG:colcon.colcon_core.package_identification:Package 'interbotix_ros_manipulators/interbotix_ros_xsarms/examples/interbotix_ros_xsarms_examples' with type 'ros.ament_cmake' and name 'interbotix_ros_xsarms_examples'
[0.135s] Level 1:colcon.colcon_core.package_identification:_identify(interbotix_ros_manipulators/interbotix_ros_xsarms/examples/interbotix_xsarm_diagnostic_tool) by extensions ['ignore', 'ignore_ament_install']
[0.135s] Level 1:colcon.colcon_core.package_identification:_identify(interbotix_ros_manipulators/interbotix_ros_xsarms/examples/interbotix_xsarm_diagnostic_tool) by extension 'ignore'
[0.135s] Level 1:colcon.colcon_core.package_identification:_identify(interbotix_ros_manipulators/interbotix_ros_xsarms/examples/interbotix_xsarm_diagnostic_tool) ignored
[0.135s] Level 1:colcon.colcon_core.package_identification:_identify(interbotix_ros_manipulators/interbotix_ros_xsarms/examples/interbotix_xsarm_dual) by extensions ['ignore', 'ignore_ament_install']
[0.135s] Level 1:colcon.colcon_core.package_identification:_identify(interbotix_ros_manipulators/interbotix_ros_xsarms/examples/interbotix_xsarm_dual) by extension 'ignore'
[0.135s] Level 1:colcon.colcon_core.package_identification:_identify(interbotix_ros_manipulators/interbotix_ros_xsarms/examples/interbotix_xsarm_dual) by extension 'ignore_ament_install'
[0.136s] Level 1:colcon.colcon_core.package_identification:_identify(interbotix_ros_manipulators/interbotix_ros_xsarms/examples/interbotix_xsarm_dual) by extensions ['colcon_pkg']
[0.136s] Level 1:colcon.colcon_core.package_identification:_identify(interbotix_ros_manipulators/interbotix_ros_xsarms/examples/interbotix_xsarm_dual) by extension 'colcon_pkg'
[0.136s] Level 1:colcon.colcon_core.package_identification:_identify(interbotix_ros_manipulators/interbotix_ros_xsarms/examples/interbotix_xsarm_dual) by extensions ['colcon_meta']
[0.136s] Level 1:colcon.colcon_core.package_identification:_identify(interbotix_ros_manipulators/interbotix_ros_xsarms/examples/interbotix_xsarm_dual) by extension 'colcon_meta'
[0.136s] Level 1:colcon.colcon_core.package_identification:_identify(interbotix_ros_manipulators/interbotix_ros_xsarms/examples/interbotix_xsarm_dual) by extensions ['ros']
[0.136s] Level 1:colcon.colcon_core.package_identification:_identify(interbotix_ros_manipulators/interbotix_ros_xsarms/examples/interbotix_xsarm_dual) by extension 'ros'
[0.136s] DEBUG:colcon.colcon_core.package_identification:Package 'interbotix_ros_manipulators/interbotix_ros_xsarms/examples/interbotix_xsarm_dual' with type 'ros.ament_cmake' and name 'interbotix_xsarm_dual'
[0.136s] Level 1:colcon.colcon_core.package_identification:_identify(interbotix_ros_manipulators/interbotix_ros_xsarms/examples/interbotix_xsarm_dual_joy) by extensions ['ignore', 'ignore_ament_install']
[0.136s] Level 1:colcon.colcon_core.package_identification:_identify(interbotix_ros_manipulators/interbotix_ros_xsarms/examples/interbotix_xsarm_dual_joy) by extension 'ignore'
[0.136s] Level 1:colcon.colcon_core.package_identification:_identify(interbotix_ros_manipulators/interbotix_ros_xsarms/examples/interbotix_xsarm_dual_joy) ignored
[0.136s] Level 1:colcon.colcon_core.package_identification:_identify(interbotix_ros_manipulators/interbotix_ros_xsarms/examples/interbotix_xsarm_gravity_compensation) by extensions ['ignore', 'ignore_ament_install']
[0.136s] Level 1:colcon.colcon_core.package_identification:_identify(interbotix_ros_manipulators/interbotix_ros_xsarms/examples/interbotix_xsarm_gravity_compensation) by extension 'ignore'
[0.136s] Level 1:colcon.colcon_core.package_identification:_identify(interbotix_ros_manipulators/interbotix_ros_xsarms/examples/interbotix_xsarm_gravity_compensation) by extension 'ignore_ament_install'
[0.136s] Level 1:colcon.colcon_core.package_identification:_identify(interbotix_ros_manipulators/interbotix_ros_xsarms/examples/interbotix_xsarm_gravity_compensation) by extensions ['colcon_pkg']
[0.136s] Level 1:colcon.colcon_core.package_identification:_identify(interbotix_ros_manipulators/interbotix_ros_xsarms/examples/interbotix_xsarm_gravity_compensation) by extension 'colcon_pkg'
[0.136s] Level 1:colcon.colcon_core.package_identification:_identify(interbotix_ros_manipulators/interbotix_ros_xsarms/examples/interbotix_xsarm_gravity_compensation) by extensions ['colcon_meta']
[0.136s] Level 1:colcon.colcon_core.package_identification:_identify(interbotix_ros_manipulators/interbotix_ros_xsarms/examples/interbotix_xsarm_gravity_compensation) by extension 'colcon_meta'
[0.136s] Level 1:colcon.colcon_core.package_identification:_identify(interbotix_ros_manipulators/interbotix_ros_xsarms/examples/interbotix_xsarm_gravity_compensation) by extensions ['ros']
[0.136s] Level 1:colcon.colcon_core.package_identification:_identify(interbotix_ros_manipulators/interbotix_ros_xsarms/examples/interbotix_xsarm_gravity_compensation) by extension 'ros'
[0.136s] DEBUG:colcon.colcon_core.package_identification:Package 'interbotix_ros_manipulators/interbotix_ros_xsarms/examples/interbotix_xsarm_gravity_compensation' with type 'ros.ament_cmake' and name 'interbotix_xsarm_gravity_compensation'
[0.136s] Level 1:colcon.colcon_core.package_identification:_identify(interbotix_ros_manipulators/interbotix_ros_xsarms/examples/interbotix_xsarm_joy) by extensions ['ignore', 'ignore_ament_install']
[0.136s] Level 1:colcon.colcon_core.package_identification:_identify(interbotix_ros_manipulators/interbotix_ros_xsarms/examples/interbotix_xsarm_joy) by extension 'ignore'
[0.136s] Level 1:colcon.colcon_core.package_identification:_identify(interbotix_ros_manipulators/interbotix_ros_xsarms/examples/interbotix_xsarm_joy) by extension 'ignore_ament_install'
[0.136s] Level 1:colcon.colcon_core.package_identification:_identify(interbotix_ros_manipulators/interbotix_ros_xsarms/examples/interbotix_xsarm_joy) by extensions ['colcon_pkg']
[0.136s] Level 1:colcon.colcon_core.package_identification:_identify(interbotix_ros_manipulators/interbotix_ros_xsarms/examples/interbotix_xsarm_joy) by extension 'colcon_pkg'
[0.136s] Level 1:colcon.colcon_core.package_identification:_identify(interbotix_ros_manipulators/interbotix_ros_xsarms/examples/interbotix_xsarm_joy) by extensions ['colcon_meta']
[0.136s] Level 1:colcon.colcon_core.package_identification:_identify(interbotix_ros_manipulators/interbotix_ros_xsarms/examples/interbotix_xsarm_joy) by extension 'colcon_meta'
[0.137s] Level 1:colcon.colcon_core.package_identification:_identify(interbotix_ros_manipulators/interbotix_ros_xsarms/examples/interbotix_xsarm_joy) by extensions ['ros']
[0.137s] Level 1:colcon.colcon_core.package_identification:_identify(interbotix_ros_manipulators/interbotix_ros_xsarms/examples/interbotix_xsarm_joy) by extension 'ros'
[0.137s] DEBUG:colcon.colcon_core.package_identification:Package 'interbotix_ros_manipulators/interbotix_ros_xsarms/examples/interbotix_xsarm_joy' with type 'ros.ament_cmake' and name 'interbotix_xsarm_joy'
[0.137s] Level 1:colcon.colcon_core.package_identification:_identify(interbotix_ros_manipulators/interbotix_ros_xsarms/examples/interbotix_xsarm_moveit_interface) by extensions ['ignore', 'ignore_ament_install']
[0.137s] Level 1:colcon.colcon_core.package_identification:_identify(interbotix_ros_manipulators/interbotix_ros_xsarms/examples/interbotix_xsarm_moveit_interface) by extension 'ignore'
[0.137s] Level 1:colcon.colcon_core.package_identification:_identify(interbotix_ros_manipulators/interbotix_ros_xsarms/examples/interbotix_xsarm_moveit_interface) by extension 'ignore_ament_install'
[0.137s] Level 1:colcon.colcon_core.package_identification:_identify(interbotix_ros_manipulators/interbotix_ros_xsarms/examples/interbotix_xsarm_moveit_interface) by extensions ['colcon_pkg']
[0.137s] Level 1:colcon.colcon_core.package_identification:_identify(interbotix_ros_manipulators/interbotix_ros_xsarms/examples/interbotix_xsarm_moveit_interface) by extension 'colcon_pkg'
[0.137s] Level 1:colcon.colcon_core.package_identification:_identify(interbotix_ros_manipulators/interbotix_ros_xsarms/examples/interbotix_xsarm_moveit_interface) by extensions ['colcon_meta']
[0.137s] Level 1:colcon.colcon_core.package_identification:_identify(interbotix_ros_manipulators/interbotix_ros_xsarms/examples/interbotix_xsarm_moveit_interface) by extension 'colcon_meta'
[0.137s] Level 1:colcon.colcon_core.package_identification:_identify(interbotix_ros_manipulators/interbotix_ros_xsarms/examples/interbotix_xsarm_moveit_interface) by extensions ['ros']
[0.137s] Level 1:colcon.colcon_core.package_identification:_identify(interbotix_ros_manipulators/interbotix_ros_xsarms/examples/interbotix_xsarm_moveit_interface) by extension 'ros'
[0.137s] DEBUG:colcon.colcon_core.package_identification:Package 'interbotix_ros_manipulators/interbotix_ros_xsarms/examples/interbotix_xsarm_moveit_interface' with type 'ros.ament_cmake' and name 'interbotix_xsarm_moveit_interface'
[0.137s] Level 1:colcon.colcon_core.package_identification:_identify(interbotix_ros_manipulators/interbotix_ros_xsarms/examples/interbotix_xsarm_pid) by extensions ['ignore', 'ignore_ament_install']
[0.137s] Level 1:colcon.colcon_core.package_identification:_identify(interbotix_ros_manipulators/interbotix_ros_xsarms/examples/interbotix_xsarm_pid) by extension 'ignore'
[0.137s] Level 1:colcon.colcon_core.package_identification:_identify(interbotix_ros_manipulators/interbotix_ros_xsarms/examples/interbotix_xsarm_pid) ignored
[0.137s] Level 1:colcon.colcon_core.package_identification:_identify(interbotix_ros_manipulators/interbotix_ros_xsarms/examples/interbotix_xsarm_puppet) by extensions ['ignore', 'ignore_ament_install']
[0.137s] Level 1:colcon.colcon_core.package_identification:_identify(interbotix_ros_manipulators/interbotix_ros_xsarms/examples/interbotix_xsarm_puppet) by extension 'ignore'
[0.137s] Level 1:colcon.colcon_core.package_identification:_identify(interbotix_ros_manipulators/interbotix_ros_xsarms/examples/interbotix_xsarm_puppet) by extension 'ignore_ament_install'
[0.138s] Level 1:colcon.colcon_core.package_identification:_identify(interbotix_ros_manipulators/interbotix_ros_xsarms/examples/interbotix_xsarm_puppet) by extensions ['colcon_pkg']
[0.138s] Level 1:colcon.colcon_core.package_identification:_identify(interbotix_ros_manipulators/interbotix_ros_xsarms/examples/interbotix_xsarm_puppet) by extension 'colcon_pkg'
[0.138s] Level 1:colcon.colcon_core.package_identification:_identify(interbotix_ros_manipulators/interbotix_ros_xsarms/examples/interbotix_xsarm_puppet) by extensions ['colcon_meta']
[0.138s] Level 1:colcon.colcon_core.package_identification:_identify(interbotix_ros_manipulators/interbotix_ros_xsarms/examples/interbotix_xsarm_puppet) by extension 'colcon_meta'
[0.138s] Level 1:colcon.colcon_core.package_identification:_identify(interbotix_ros_manipulators/interbotix_ros_xsarms/examples/interbotix_xsarm_puppet) by extensions ['ros']
[0.138s] Level 1:colcon.colcon_core.package_identification:_identify(interbotix_ros_manipulators/interbotix_ros_xsarms/examples/interbotix_xsarm_puppet) by extension 'ros'
[0.138s] DEBUG:colcon.colcon_core.package_identification:Package 'interbotix_ros_manipulators/interbotix_ros_xsarms/examples/interbotix_xsarm_puppet' with type 'ros.ament_cmake' and name 'interbotix_xsarm_puppet'
[0.138s] Level 1:colcon.colcon_core.package_identification:_identify(interbotix_ros_manipulators/interbotix_ros_xsarms/images) by extensions ['ignore', 'ignore_ament_install']
[0.138s] Level 1:colcon.colcon_core.package_identification:_identify(interbotix_ros_manipulators/interbotix_ros_xsarms/images) by extension 'ignore'
[0.138s] Level 1:colcon.colcon_core.package_identification:_identify(interbotix_ros_manipulators/interbotix_ros_xsarms/images) by extension 'ignore_ament_install'
[0.138s] Level 1:colcon.colcon_core.package_identification:_identify(interbotix_ros_manipulators/interbotix_ros_xsarms/images) by extensions ['colcon_pkg']
[0.138s] Level 1:colcon.colcon_core.package_identification:_identify(interbotix_ros_manipulators/interbotix_ros_xsarms/images) by extension 'colcon_pkg'
[0.138s] Level 1:colcon.colcon_core.package_identification:_identify(interbotix_ros_manipulators/interbotix_ros_xsarms/images) by extensions ['colcon_meta']
[0.138s] Level 1:colcon.colcon_core.package_identification:_identify(interbotix_ros_manipulators/interbotix_ros_xsarms/images) by extension 'colcon_meta'
[0.138s] Level 1:colcon.colcon_core.package_identification:_identify(interbotix_ros_manipulators/interbotix_ros_xsarms/images) by extensions ['ros']
[0.138s] Level 1:colcon.colcon_core.package_identification:_identify(interbotix_ros_manipulators/interbotix_ros_xsarms/images) by extension 'ros'
[0.138s] Level 1:colcon.colcon_core.package_identification:_identify(interbotix_ros_manipulators/interbotix_ros_xsarms/images) by extensions ['cmake', 'python']
[0.138s] Level 1:colcon.colcon_core.package_identification:_identify(interbotix_ros_manipulators/interbotix_ros_xsarms/images) by extension 'cmake'
[0.138s] Level 1:colcon.colcon_core.package_identification:_identify(interbotix_ros_manipulators/interbotix_ros_xsarms/images) by extension 'python'
[0.138s] Level 1:colcon.colcon_core.package_identification:_identify(interbotix_ros_manipulators/interbotix_ros_xsarms/images) by extensions ['python_setup_py']
[0.138s] Level 1:colcon.colcon_core.package_identification:_identify(interbotix_ros_manipulators/interbotix_ros_xsarms/images) by extension 'python_setup_py'
[0.138s] Level 1:colcon.colcon_core.package_identification:_identify(interbotix_ros_manipulators/interbotix_ros_xsarms/install) by extensions ['ignore', 'ignore_ament_install']
[0.138s] Level 1:colcon.colcon_core.package_identification:_identify(interbotix_ros_manipulators/interbotix_ros_xsarms/install) by extension 'ignore'
[0.138s] Level 1:colcon.colcon_core.package_identification:_identify(interbotix_ros_manipulators/interbotix_ros_xsarms/install) by extension 'ignore_ament_install'
[0.138s] Level 1:colcon.colcon_core.package_identification:_identify(interbotix_ros_manipulators/interbotix_ros_xsarms/install) by extensions ['colcon_pkg']
[0.138s] Level 1:colcon.colcon_core.package_identification:_identify(interbotix_ros_manipulators/interbotix_ros_xsarms/install) by extension 'colcon_pkg'
[0.138s] Level 1:colcon.colcon_core.package_identification:_identify(interbotix_ros_manipulators/interbotix_ros_xsarms/install) by extensions ['colcon_meta']
[0.138s] Level 1:colcon.colcon_core.package_identification:_identify(interbotix_ros_manipulators/interbotix_ros_xsarms/install) by extension 'colcon_meta'
[0.138s] Level 1:colcon.colcon_core.package_identification:_identify(interbotix_ros_manipulators/interbotix_ros_xsarms/install) by extensions ['ros']
[0.138s] Level 1:colcon.colcon_core.package_identification:_identify(interbotix_ros_manipulators/interbotix_ros_xsarms/install) by extension 'ros'
[0.138s] Level 1:colcon.colcon_core.package_identification:_identify(interbotix_ros_manipulators/interbotix_ros_xsarms/install) by extensions ['cmake', 'python']
[0.138s] Level 1:colcon.colcon_core.package_identification:_identify(interbotix_ros_manipulators/interbotix_ros_xsarms/install) by extension 'cmake'
[0.138s] Level 1:colcon.colcon_core.package_identification:_identify(interbotix_ros_manipulators/interbotix_ros_xsarms/install) by extension 'python'
[0.138s] Level 1:colcon.colcon_core.package_identification:_identify(interbotix_ros_manipulators/interbotix_ros_xsarms/install) by extensions ['python_setup_py']
[0.138s] Level 1:colcon.colcon_core.package_identification:_identify(interbotix_ros_manipulators/interbotix_ros_xsarms/install) by extension 'python_setup_py'
[0.138s] Level 1:colcon.colcon_core.package_identification:_identify(interbotix_ros_manipulators/interbotix_ros_xsarms/install/amd64) by extensions ['ignore', 'ignore_ament_install']
[0.138s] Level 1:colcon.colcon_core.package_identification:_identify(interbotix_ros_manipulators/interbotix_ros_xsarms/install/amd64) by extension 'ignore'
[0.138s] Level 1:colcon.colcon_core.package_identification:_identify(interbotix_ros_manipulators/interbotix_ros_xsarms/install/amd64) by extension 'ignore_ament_install'
[0.138s] Level 1:colcon.colcon_core.package_identification:_identify(interbotix_ros_manipulators/interbotix_ros_xsarms/install/amd64) by extensions ['colcon_pkg']
[0.138s] Level 1:colcon.colcon_core.package_identification:_identify(interbotix_ros_manipulators/interbotix_ros_xsarms/install/amd64) by extension 'colcon_pkg'
[0.138s] Level 1:colcon.colcon_core.package_identification:_identify(interbotix_ros_manipulators/interbotix_ros_xsarms/install/amd64) by extensions ['colcon_meta']
[0.138s] Level 1:colcon.colcon_core.package_identification:_identify(interbotix_ros_manipulators/interbotix_ros_xsarms/install/amd64) by extension 'colcon_meta'
[0.138s] Level 1:colcon.colcon_core.package_identification:_identify(interbotix_ros_manipulators/interbotix_ros_xsarms/install/amd64) by extensions ['ros']
[0.138s] Level 1:colcon.colcon_core.package_identification:_identify(interbotix_ros_manipulators/interbotix_ros_xsarms/install/amd64) by extension 'ros'
[0.138s] Level 1:colcon.colcon_core.package_identification:_identify(interbotix_ros_manipulators/interbotix_ros_xsarms/install/amd64) by extensions ['cmake', 'python']
[0.139s] Level 1:colcon.colcon_core.package_identification:_identify(interbotix_ros_manipulators/interbotix_ros_xsarms/install/amd64) by extension 'cmake'
[0.139s] Level 1:colcon.colcon_core.package_identification:_identify(interbotix_ros_manipulators/interbotix_ros_xsarms/install/amd64) by extension 'python'
[0.139s] Level 1:colcon.colcon_core.package_identification:_identify(interbotix_ros_manipulators/interbotix_ros_xsarms/install/amd64) by extensions ['python_setup_py']
[0.139s] Level 1:colcon.colcon_core.package_identification:_identify(interbotix_ros_manipulators/interbotix_ros_xsarms/install/amd64) by extension 'python_setup_py'
[0.139s] Level 1:colcon.colcon_core.package_identification:_identify(interbotix_ros_manipulators/interbotix_ros_xsarms/install/rpi4) by extensions ['ignore', 'ignore_ament_install']
[0.139s] Level 1:colcon.colcon_core.package_identification:_identify(interbotix_ros_manipulators/interbotix_ros_xsarms/install/rpi4) by extension 'ignore'
[0.139s] Level 1:colcon.colcon_core.package_identification:_identify(interbotix_ros_manipulators/interbotix_ros_xsarms/install/rpi4) by extension 'ignore_ament_install'
[0.139s] Level 1:colcon.colcon_core.package_identification:_identify(interbotix_ros_manipulators/interbotix_ros_xsarms/install/rpi4) by extensions ['colcon_pkg']
[0.139s] Level 1:colcon.colcon_core.package_identification:_identify(interbotix_ros_manipulators/interbotix_ros_xsarms/install/rpi4) by extension 'colcon_pkg'
[0.139s] Level 1:colcon.colcon_core.package_identification:_identify(interbotix_ros_manipulators/interbotix_ros_xsarms/install/rpi4) by extensions ['colcon_meta']
[0.139s] Level 1:colcon.colcon_core.package_identification:_identify(interbotix_ros_manipulators/interbotix_ros_xsarms/install/rpi4) by extension 'colcon_meta'
[0.139s] Level 1:colcon.colcon_core.package_identification:_identify(interbotix_ros_manipulators/interbotix_ros_xsarms/install/rpi4) by extensions ['ros']
[0.139s] Level 1:colcon.colcon_core.package_identification:_identify(interbotix_ros_manipulators/interbotix_ros_xsarms/install/rpi4) by extension 'ros'
[0.139s] Level 1:colcon.colcon_core.package_identification:_identify(interbotix_ros_manipulators/interbotix_ros_xsarms/install/rpi4) by extensions ['cmake', 'python']
[0.139s] Level 1:colcon.colcon_core.package_identification:_identify(interbotix_ros_manipulators/interbotix_ros_xsarms/install/rpi4) by extension 'cmake'
[0.139s] Level 1:colcon.colcon_core.package_identification:_identify(interbotix_ros_manipulators/interbotix_ros_xsarms/install/rpi4) by extension 'python'
[0.139s] Level 1:colcon.colcon_core.package_identification:_identify(interbotix_ros_manipulators/interbotix_ros_xsarms/install/rpi4) by extensions ['python_setup_py']
[0.139s] Level 1:colcon.colcon_core.package_identification:_identify(interbotix_ros_manipulators/interbotix_ros_xsarms/install/rpi4) by extension 'python_setup_py'
[0.139s] Level 1:colcon.colcon_core.package_identification:_identify(interbotix_ros_manipulators/interbotix_ros_xsarms/interbotix_ros_xsarms) by extensions ['ignore', 'ignore_ament_install']
[0.139s] Level 1:colcon.colcon_core.package_identification:_identify(interbotix_ros_manipulators/interbotix_ros_xsarms/interbotix_ros_xsarms) by extension 'ignore'
[0.139s] Level 1:colcon.colcon_core.package_identification:_identify(interbotix_ros_manipulators/interbotix_ros_xsarms/interbotix_ros_xsarms) by extension 'ignore_ament_install'
[0.139s] Level 1:colcon.colcon_core.package_identification:_identify(interbotix_ros_manipulators/interbotix_ros_xsarms/interbotix_ros_xsarms) by extensions ['colcon_pkg']
[0.139s] Level 1:colcon.colcon_core.package_identification:_identify(interbotix_ros_manipulators/interbotix_ros_xsarms/interbotix_ros_xsarms) by extension 'colcon_pkg'
[0.139s] Level 1:colcon.colcon_core.package_identification:_identify(interbotix_ros_manipulators/interbotix_ros_xsarms/interbotix_ros_xsarms) by extensions ['colcon_meta']
[0.139s] Level 1:colcon.colcon_core.package_identification:_identify(interbotix_ros_manipulators/interbotix_ros_xsarms/interbotix_ros_xsarms) by extension 'colcon_meta'
[0.139s] Level 1:colcon.colcon_core.package_identification:_identify(interbotix_ros_manipulators/interbotix_ros_xsarms/interbotix_ros_xsarms) by extensions ['ros']
[0.139s] Level 1:colcon.colcon_core.package_identification:_identify(interbotix_ros_manipulators/interbotix_ros_xsarms/interbotix_ros_xsarms) by extension 'ros'
[0.139s] DEBUG:colcon.colcon_core.package_identification:Package 'interbotix_ros_manipulators/interbotix_ros_xsarms/interbotix_ros_xsarms' with type 'ros.ament_cmake' and name 'interbotix_ros_xsarms'
[0.139s] Level 1:colcon.colcon_core.package_identification:_identify(interbotix_ros_manipulators/interbotix_ros_xsarms/interbotix_xsarm_control) by extensions ['ignore', 'ignore_ament_install']
[0.139s] Level 1:colcon.colcon_core.package_identification:_identify(interbotix_ros_manipulators/interbotix_ros_xsarms/interbotix_xsarm_control) by extension 'ignore'
[0.139s] Level 1:colcon.colcon_core.package_identification:_identify(interbotix_ros_manipulators/interbotix_ros_xsarms/interbotix_xsarm_control) by extension 'ignore_ament_install'
[0.139s] Level 1:colcon.colcon_core.package_identification:_identify(interbotix_ros_manipulators/interbotix_ros_xsarms/interbotix_xsarm_control) by extensions ['colcon_pkg']
[0.139s] Level 1:colcon.colcon_core.package_identification:_identify(interbotix_ros_manipulators/interbotix_ros_xsarms/interbotix_xsarm_control) by extension 'colcon_pkg'
[0.139s] Level 1:colcon.colcon_core.package_identification:_identify(interbotix_ros_manipulators/interbotix_ros_xsarms/interbotix_xsarm_control) by extensions ['colcon_meta']
[0.139s] Level 1:colcon.colcon_core.package_identification:_identify(interbotix_ros_manipulators/interbotix_ros_xsarms/interbotix_xsarm_control) by extension 'colcon_meta'
[0.139s] Level 1:colcon.colcon_core.package_identification:_identify(interbotix_ros_manipulators/interbotix_ros_xsarms/interbotix_xsarm_control) by extensions ['ros']
[0.139s] Level 1:colcon.colcon_core.package_identification:_identify(interbotix_ros_manipulators/interbotix_ros_xsarms/interbotix_xsarm_control) by extension 'ros'
[0.140s] DEBUG:colcon.colcon_core.package_identification:Package 'interbotix_ros_manipulators/interbotix_ros_xsarms/interbotix_xsarm_control' with type 'ros.ament_cmake' and name 'interbotix_xsarm_control'
[0.140s] Level 1:colcon.colcon_core.package_identification:_identify(interbotix_ros_manipulators/interbotix_ros_xsarms/interbotix_xsarm_descriptions) by extensions ['ignore', 'ignore_ament_install']
[0.140s] Level 1:colcon.colcon_core.package_identification:_identify(interbotix_ros_manipulators/interbotix_ros_xsarms/interbotix_xsarm_descriptions) by extension 'ignore'
[0.140s] Level 1:colcon.colcon_core.package_identification:_identify(interbotix_ros_manipulators/interbotix_ros_xsarms/interbotix_xsarm_descriptions) by extension 'ignore_ament_install'
[0.140s] Level 1:colcon.colcon_core.package_identification:_identify(interbotix_ros_manipulators/interbotix_ros_xsarms/interbotix_xsarm_descriptions) by extensions ['colcon_pkg']
[0.140s] Level 1:colcon.colcon_core.package_identification:_identify(interbotix_ros_manipulators/interbotix_ros_xsarms/interbotix_xsarm_descriptions) by extension 'colcon_pkg'
[0.140s] Level 1:colcon.colcon_core.package_identification:_identify(interbotix_ros_manipulators/interbotix_ros_xsarms/interbotix_xsarm_descriptions) by extensions ['colcon_meta']
[0.140s] Level 1:colcon.colcon_core.package_identification:_identify(interbotix_ros_manipulators/interbotix_ros_xsarms/interbotix_xsarm_descriptions) by extension 'colcon_meta'
[0.140s] Level 1:colcon.colcon_core.package_identification:_identify(interbotix_ros_manipulators/interbotix_ros_xsarms/interbotix_xsarm_descriptions) by extensions ['ros']
[0.140s] Level 1:colcon.colcon_core.package_identification:_identify(interbotix_ros_manipulators/interbotix_ros_xsarms/interbotix_xsarm_descriptions) by extension 'ros'
[0.140s] DEBUG:colcon.colcon_core.package_identification:Package 'interbotix_ros_manipulators/interbotix_ros_xsarms/interbotix_xsarm_descriptions' with type 'ros.ament_cmake' and name 'interbotix_xsarm_descriptions'
[0.140s] Level 1:colcon.colcon_core.package_identification:_identify(interbotix_ros_manipulators/interbotix_ros_xsarms/interbotix_xsarm_moveit) by extensions ['ignore', 'ignore_ament_install']
[0.140s] Level 1:colcon.colcon_core.package_identification:_identify(interbotix_ros_manipulators/interbotix_ros_xsarms/interbotix_xsarm_moveit) by extension 'ignore'
[0.140s] Level 1:colcon.colcon_core.package_identification:_identify(interbotix_ros_manipulators/interbotix_ros_xsarms/interbotix_xsarm_moveit) by extension 'ignore_ament_install'
[0.140s] Level 1:colcon.colcon_core.package_identification:_identify(interbotix_ros_manipulators/interbotix_ros_xsarms/interbotix_xsarm_moveit) by extensions ['colcon_pkg']
[0.140s] Level 1:colcon.colcon_core.package_identification:_identify(interbotix_ros_manipulators/interbotix_ros_xsarms/interbotix_xsarm_moveit) by extension 'colcon_pkg'
[0.140s] Level 1:colcon.colcon_core.package_identification:_identify(interbotix_ros_manipulators/interbotix_ros_xsarms/interbotix_xsarm_moveit) by extensions ['colcon_meta']
[0.140s] Level 1:colcon.colcon_core.package_identification:_identify(interbotix_ros_manipulators/interbotix_ros_xsarms/interbotix_xsarm_moveit) by extension 'colcon_meta'
[0.140s] Level 1:colcon.colcon_core.package_identification:_identify(interbotix_ros_manipulators/interbotix_ros_xsarms/interbotix_xsarm_moveit) by extensions ['ros']
[0.140s] Level 1:colcon.colcon_core.package_identification:_identify(interbotix_ros_manipulators/interbotix_ros_xsarms/interbotix_xsarm_moveit) by extension 'ros'
[0.141s] DEBUG:colcon.colcon_core.package_identification:Package 'interbotix_ros_manipulators/interbotix_ros_xsarms/interbotix_xsarm_moveit' with type 'ros.ament_cmake' and name 'interbotix_xsarm_moveit'
[0.141s] Level 1:colcon.colcon_core.package_identification:_identify(interbotix_ros_manipulators/interbotix_ros_xsarms/interbotix_xsarm_perception) by extensions ['ignore', 'ignore_ament_install']
[0.141s] Level 1:colcon.colcon_core.package_identification:_identify(interbotix_ros_manipulators/interbotix_ros_xsarms/interbotix_xsarm_perception) by extension 'ignore'
[0.141s] Level 1:colcon.colcon_core.package_identification:_identify(interbotix_ros_manipulators/interbotix_ros_xsarms/interbotix_xsarm_perception) ignored
[0.141s] Level 1:colcon.colcon_core.package_identification:_identify(interbotix_ros_manipulators/interbotix_ros_xsarms/interbotix_xsarm_ros_control) by extensions ['ignore', 'ignore_ament_install']
[0.141s] Level 1:colcon.colcon_core.package_identification:_identify(interbotix_ros_manipulators/interbotix_ros_xsarms/interbotix_xsarm_ros_control) by extension 'ignore'
[0.141s] Level 1:colcon.colcon_core.package_identification:_identify(interbotix_ros_manipulators/interbotix_ros_xsarms/interbotix_xsarm_ros_control) by extension 'ignore_ament_install'
[0.141s] Level 1:colcon.colcon_core.package_identification:_identify(interbotix_ros_manipulators/interbotix_ros_xsarms/interbotix_xsarm_ros_control) by extensions ['colcon_pkg']
[0.141s] Level 1:colcon.colcon_core.package_identification:_identify(interbotix_ros_manipulators/interbotix_ros_xsarms/interbotix_xsarm_ros_control) by extension 'colcon_pkg'
[0.141s] Level 1:colcon.colcon_core.package_identification:_identify(interbotix_ros_manipulators/interbotix_ros_xsarms/interbotix_xsarm_ros_control) by extensions ['colcon_meta']
[0.141s] Level 1:colcon.colcon_core.package_identification:_identify(interbotix_ros_manipulators/interbotix_ros_xsarms/interbotix_xsarm_ros_control) by extension 'colcon_meta'
[0.141s] Level 1:colcon.colcon_core.package_identification:_identify(interbotix_ros_manipulators/interbotix_ros_xsarms/interbotix_xsarm_ros_control) by extensions ['ros']
[0.141s] Level 1:colcon.colcon_core.package_identification:_identify(interbotix_ros_manipulators/interbotix_ros_xsarms/interbotix_xsarm_ros_control) by extension 'ros'
[0.141s] DEBUG:colcon.colcon_core.package_identification:Package 'interbotix_ros_manipulators/interbotix_ros_xsarms/interbotix_xsarm_ros_control' with type 'ros.ament_cmake' and name 'interbotix_xsarm_ros_control'
[0.141s] Level 1:colcon.colcon_core.package_identification:_identify(interbotix_ros_manipulators/interbotix_ros_xsarms/interbotix_xsarm_sim) by extensions ['ignore', 'ignore_ament_install']
[0.142s] Level 1:colcon.colcon_core.package_identification:_identify(interbotix_ros_manipulators/interbotix_ros_xsarms/interbotix_xsarm_sim) by extension 'ignore'
[0.142s] Level 1:colcon.colcon_core.package_identification:_identify(interbotix_ros_manipulators/interbotix_ros_xsarms/interbotix_xsarm_sim) by extension 'ignore_ament_install'
[0.142s] Level 1:colcon.colcon_core.package_identification:_identify(interbotix_ros_manipulators/interbotix_ros_xsarms/interbotix_xsarm_sim) by extensions ['colcon_pkg']
[0.142s] Level 1:colcon.colcon_core.package_identification:_identify(interbotix_ros_manipulators/interbotix_ros_xsarms/interbotix_xsarm_sim) by extension 'colcon_pkg'
[0.142s] Level 1:colcon.colcon_core.package_identification:_identify(interbotix_ros_manipulators/interbotix_ros_xsarms/interbotix_xsarm_sim) by extensions ['colcon_meta']
[0.142s] Level 1:colcon.colcon_core.package_identification:_identify(interbotix_ros_manipulators/interbotix_ros_xsarms/interbotix_xsarm_sim) by extension 'colcon_meta'
[0.142s] Level 1:colcon.colcon_core.package_identification:_identify(interbotix_ros_manipulators/interbotix_ros_xsarms/interbotix_xsarm_sim) by extensions ['ros']
[0.142s] Level 1:colcon.colcon_core.package_identification:_identify(interbotix_ros_manipulators/interbotix_ros_xsarms/interbotix_xsarm_sim) by extension 'ros'
[0.142s] DEBUG:colcon.colcon_core.package_identification:Package 'interbotix_ros_manipulators/interbotix_ros_xsarms/interbotix_xsarm_sim' with type 'ros.ament_cmake' and name 'interbotix_xsarm_sim'
[0.142s] Level 1:colcon.colcon_core.package_identification:_identify(interbotix_ros_toolboxes) by extensions ['ignore', 'ignore_ament_install']
[0.142s] Level 1:colcon.colcon_core.package_identification:_identify(interbotix_ros_toolboxes) by extension 'ignore'
[0.142s] Level 1:colcon.colcon_core.package_identification:_identify(interbotix_ros_toolboxes) by extension 'ignore_ament_install'
[0.142s] Level 1:colcon.colcon_core.package_identification:_identify(interbotix_ros_toolboxes) by extensions ['colcon_pkg']
[0.142s] Level 1:colcon.colcon_core.package_identification:_identify(interbotix_ros_toolboxes) by extension 'colcon_pkg'
[0.142s] Level 1:colcon.colcon_core.package_identification:_identify(interbotix_ros_toolboxes) by extensions ['colcon_meta']
[0.142s] Level 1:colcon.colcon_core.package_identification:_identify(interbotix_ros_toolboxes) by extension 'colcon_meta'
[0.142s] Level 1:colcon.colcon_core.package_identification:_identify(interbotix_ros_toolboxes) by extensions ['ros']
[0.142s] Level 1:colcon.colcon_core.package_identification:_identify(interbotix_ros_toolboxes) by extension 'ros'
[0.142s] Level 1:colcon.colcon_core.package_identification:_identify(interbotix_ros_toolboxes) by extensions ['cmake', 'python']
[0.142s] Level 1:colcon.colcon_core.package_identification:_identify(interbotix_ros_toolboxes) by extension 'cmake'
[0.142s] Level 1:colcon.colcon_core.package_identification:_identify(interbotix_ros_toolboxes) by extension 'python'
[0.142s] Level 1:colcon.colcon_core.package_identification:_identify(interbotix_ros_toolboxes) by extensions ['python_setup_py']
[0.142s] Level 1:colcon.colcon_core.package_identification:_identify(interbotix_ros_toolboxes) by extension 'python_setup_py'
[0.142s] Level 1:colcon.colcon_core.package_identification:_identify(interbotix_ros_toolboxes/images) by extensions ['ignore', 'ignore_ament_install']
[0.142s] Level 1:colcon.colcon_core.package_identification:_identify(interbotix_ros_toolboxes/images) by extension 'ignore'
[0.142s] Level 1:colcon.colcon_core.package_identification:_identify(interbotix_ros_toolboxes/images) by extension 'ignore_ament_install'
[0.142s] Level 1:colcon.colcon_core.package_identification:_identify(interbotix_ros_toolboxes/images) by extensions ['colcon_pkg']
[0.142s] Level 1:colcon.colcon_core.package_identification:_identify(interbotix_ros_toolboxes/images) by extension 'colcon_pkg'
[0.142s] Level 1:colcon.colcon_core.package_identification:_identify(interbotix_ros_toolboxes/images) by extensions ['colcon_meta']
[0.142s] Level 1:colcon.colcon_core.package_identification:_identify(interbotix_ros_toolboxes/images) by extension 'colcon_meta'
[0.142s] Level 1:colcon.colcon_core.package_identification:_identify(interbotix_ros_toolboxes/images) by extensions ['ros']
[0.142s] Level 1:colcon.colcon_core.package_identification:_identify(interbotix_ros_toolboxes/images) by extension 'ros'
[0.142s] Level 1:colcon.colcon_core.package_identification:_identify(interbotix_ros_toolboxes/images) by extensions ['cmake', 'python']
[0.142s] Level 1:colcon.colcon_core.package_identification:_identify(interbotix_ros_toolboxes/images) by extension 'cmake'
[0.142s] Level 1:colcon.colcon_core.package_identification:_identify(interbotix_ros_toolboxes/images) by extension 'python'
[0.142s] Level 1:colcon.colcon_core.package_identification:_identify(interbotix_ros_toolboxes/images) by extensions ['python_setup_py']
[0.142s] Level 1:colcon.colcon_core.package_identification:_identify(interbotix_ros_toolboxes/images) by extension 'python_setup_py'
[0.142s] Level 1:colcon.colcon_core.package_identification:_identify(interbotix_ros_toolboxes/interbotix_common_toolbox) by extensions ['ignore', 'ignore_ament_install']
[0.142s] Level 1:colcon.colcon_core.package_identification:_identify(interbotix_ros_toolboxes/interbotix_common_toolbox) by extension 'ignore'
[0.143s] Level 1:colcon.colcon_core.package_identification:_identify(interbotix_ros_toolboxes/interbotix_common_toolbox) by extension 'ignore_ament_install'
[0.143s] Level 1:colcon.colcon_core.package_identification:_identify(interbotix_ros_toolboxes/interbotix_common_toolbox) by extensions ['colcon_pkg']
[0.143s] Level 1:colcon.colcon_core.package_identification:_identify(interbotix_ros_toolboxes/interbotix_common_toolbox) by extension 'colcon_pkg'
[0.143s] Level 1:colcon.colcon_core.package_identification:_identify(interbotix_ros_toolboxes/interbotix_common_toolbox) by extensions ['colcon_meta']
[0.143s] Level 1:colcon.colcon_core.package_identification:_identify(interbotix_ros_toolboxes/interbotix_common_toolbox) by extension 'colcon_meta'
[0.143s] Level 1:colcon.colcon_core.package_identification:_identify(interbotix_ros_toolboxes/interbotix_common_toolbox) by extensions ['ros']
[0.143s] Level 1:colcon.colcon_core.package_identification:_identify(interbotix_ros_toolboxes/interbotix_common_toolbox) by extension 'ros'
[0.143s] Level 1:colcon.colcon_core.package_identification:_identify(interbotix_ros_toolboxes/interbotix_common_toolbox) by extensions ['cmake', 'python']
[0.143s] Level 1:colcon.colcon_core.package_identification:_identify(interbotix_ros_toolboxes/interbotix_common_toolbox) by extension 'cmake'
[0.143s] Level 1:colcon.colcon_core.package_identification:_identify(interbotix_ros_toolboxes/interbotix_common_toolbox) by extension 'python'
[0.143s] Level 1:colcon.colcon_core.package_identification:_identify(interbotix_ros_toolboxes/interbotix_common_toolbox) by extensions ['python_setup_py']
[0.143s] Level 1:colcon.colcon_core.package_identification:_identify(interbotix_ros_toolboxes/interbotix_common_toolbox) by extension 'python_setup_py'
[0.143s] Level 1:colcon.colcon_core.package_identification:_identify(interbotix_ros_toolboxes/interbotix_common_toolbox/interbotix_common_modules) by extensions ['ignore', 'ignore_ament_install']
[0.143s] Level 1:colcon.colcon_core.package_identification:_identify(interbotix_ros_toolboxes/interbotix_common_toolbox/interbotix_common_modules) by extension 'ignore'
[0.143s] Level 1:colcon.colcon_core.package_identification:_identify(interbotix_ros_toolboxes/interbotix_common_toolbox/interbotix_common_modules) by extension 'ignore_ament_install'
[0.143s] Level 1:colcon.colcon_core.package_identification:_identify(interbotix_ros_toolboxes/interbotix_common_toolbox/interbotix_common_modules) by extensions ['colcon_pkg']
[0.143s] Level 1:colcon.colcon_core.package_identification:_identify(interbotix_ros_toolboxes/interbotix_common_toolbox/interbotix_common_modules) by extension 'colcon_pkg'
[0.143s] Level 1:colcon.colcon_core.package_identification:_identify(interbotix_ros_toolboxes/interbotix_common_toolbox/interbotix_common_modules) by extensions ['colcon_meta']
[0.143s] Level 1:colcon.colcon_core.package_identification:_identify(interbotix_ros_toolboxes/interbotix_common_toolbox/interbotix_common_modules) by extension 'colcon_meta'
[0.143s] Level 1:colcon.colcon_core.package_identification:_identify(interbotix_ros_toolboxes/interbotix_common_toolbox/interbotix_common_modules) by extensions ['ros']
[0.143s] Level 1:colcon.colcon_core.package_identification:_identify(interbotix_ros_toolboxes/interbotix_common_toolbox/interbotix_common_modules) by extension 'ros'
[0.143s] DEBUG:colcon.colcon_core.package_identification:Package 'interbotix_ros_toolboxes/interbotix_common_toolbox/interbotix_common_modules' with type 'ros.ament_python' and name 'interbotix_common_modules'
[0.143s] Level 1:colcon.colcon_core.package_identification:_identify(interbotix_ros_toolboxes/interbotix_common_toolbox/interbotix_common_sim) by extensions ['ignore', 'ignore_ament_install']
[0.143s] Level 1:colcon.colcon_core.package_identification:_identify(interbotix_ros_toolboxes/interbotix_common_toolbox/interbotix_common_sim) by extension 'ignore'
[0.143s] Level 1:colcon.colcon_core.package_identification:_identify(interbotix_ros_toolboxes/interbotix_common_toolbox/interbotix_common_sim) by extension 'ignore_ament_install'
[0.143s] Level 1:colcon.colcon_core.package_identification:_identify(interbotix_ros_toolboxes/interbotix_common_toolbox/interbotix_common_sim) by extensions ['colcon_pkg']
[0.143s] Level 1:colcon.colcon_core.package_identification:_identify(interbotix_ros_toolboxes/interbotix_common_toolbox/interbotix_common_sim) by extension 'colcon_pkg'
[0.143s] Level 1:colcon.colcon_core.package_identification:_identify(interbotix_ros_toolboxes/interbotix_common_toolbox/interbotix_common_sim) by extensions ['colcon_meta']
[0.143s] Level 1:colcon.colcon_core.package_identification:_identify(interbotix_ros_toolboxes/interbotix_common_toolbox/interbotix_common_sim) by extension 'colcon_meta'
[0.143s] Level 1:colcon.colcon_core.package_identification:_identify(interbotix_ros_toolboxes/interbotix_common_toolbox/interbotix_common_sim) by extensions ['ros']
[0.143s] Level 1:colcon.colcon_core.package_identification:_identify(interbotix_ros_toolboxes/interbotix_common_toolbox/interbotix_common_sim) by extension 'ros'
[0.143s] DEBUG:colcon.colcon_core.package_identification:Package 'interbotix_ros_toolboxes/interbotix_common_toolbox/interbotix_common_sim' with type 'ros.ament_cmake' and name 'interbotix_common_sim'
[0.143s] Level 1:colcon.colcon_core.package_identification:_identify(interbotix_ros_toolboxes/interbotix_common_toolbox/interbotix_common_toolbox) by extensions ['ignore', 'ignore_ament_install']
[0.143s] Level 1:colcon.colcon_core.package_identification:_identify(interbotix_ros_toolboxes/interbotix_common_toolbox/interbotix_common_toolbox) by extension 'ignore'
[0.143s] Level 1:colcon.colcon_core.package_identification:_identify(interbotix_ros_toolboxes/interbotix_common_toolbox/interbotix_common_toolbox) by extension 'ignore_ament_install'
[0.143s] Level 1:colcon.colcon_core.package_identification:_identify(interbotix_ros_toolboxes/interbotix_common_toolbox/interbotix_common_toolbox) by extensions ['colcon_pkg']
[0.143s] Level 1:colcon.colcon_core.package_identification:_identify(interbotix_ros_toolboxes/interbotix_common_toolbox/interbotix_common_toolbox) by extension 'colcon_pkg'
[0.143s] Level 1:colcon.colcon_core.package_identification:_identify(interbotix_ros_toolboxes/interbotix_common_toolbox/interbotix_common_toolbox) by extensions ['colcon_meta']
[0.143s] Level 1:colcon.colcon_core.package_identification:_identify(interbotix_ros_toolboxes/interbotix_common_toolbox/interbotix_common_toolbox) by extension 'colcon_meta'
[0.143s] Level 1:colcon.colcon_core.package_identification:_identify(interbotix_ros_toolboxes/interbotix_common_toolbox/interbotix_common_toolbox) by extensions ['ros']
[0.143s] Level 1:colcon.colcon_core.package_identification:_identify(interbotix_ros_toolboxes/interbotix_common_toolbox/interbotix_common_toolbox) by extension 'ros'
[0.144s] DEBUG:colcon.colcon_core.package_identification:Package 'interbotix_ros_toolboxes/interbotix_common_toolbox/interbotix_common_toolbox' with type 'ros.ament_cmake' and name 'interbotix_common_toolbox'
[0.144s] Level 1:colcon.colcon_core.package_identification:_identify(interbotix_ros_toolboxes/interbotix_common_toolbox/interbotix_gravity_compensation) by extensions ['ignore', 'ignore_ament_install']
[0.144s] Level 1:colcon.colcon_core.package_identification:_identify(interbotix_ros_toolboxes/interbotix_common_toolbox/interbotix_gravity_compensation) by extension 'ignore'
[0.144s] Level 1:colcon.colcon_core.package_identification:_identify(interbotix_ros_toolboxes/interbotix_common_toolbox/interbotix_gravity_compensation) by extension 'ignore_ament_install'
[0.144s] Level 1:colcon.colcon_core.package_identification:_identify(interbotix_ros_toolboxes/interbotix_common_toolbox/interbotix_gravity_compensation) by extensions ['colcon_pkg']
[0.144s] Level 1:colcon.colcon_core.package_identification:_identify(interbotix_ros_toolboxes/interbotix_common_toolbox/interbotix_gravity_compensation) by extension 'colcon_pkg'
[0.144s] Level 1:colcon.colcon_core.package_identification:_identify(interbotix_ros_toolboxes/interbotix_common_toolbox/interbotix_gravity_compensation) by extensions ['colcon_meta']
[0.144s] Level 1:colcon.colcon_core.package_identification:_identify(interbotix_ros_toolboxes/interbotix_common_toolbox/interbotix_gravity_compensation) by extension 'colcon_meta'
[0.144s] Level 1:colcon.colcon_core.package_identification:_identify(interbotix_ros_toolboxes/interbotix_common_toolbox/interbotix_gravity_compensation) by extensions ['ros']
[0.144s] Level 1:colcon.colcon_core.package_identification:_identify(interbotix_ros_toolboxes/interbotix_common_toolbox/interbotix_gravity_compensation) by extension 'ros'
[0.144s] DEBUG:colcon.colcon_core.package_identification:Package 'interbotix_ros_toolboxes/interbotix_common_toolbox/interbotix_gravity_compensation' with type 'ros.ament_cmake' and name 'interbotix_gravity_compensation'
[0.144s] Level 1:colcon.colcon_core.package_identification:_identify(interbotix_ros_toolboxes/interbotix_common_toolbox/interbotix_landmark_modules) by extensions ['ignore', 'ignore_ament_install']
[0.144s] Level 1:colcon.colcon_core.package_identification:_identify(interbotix_ros_toolboxes/interbotix_common_toolbox/interbotix_landmark_modules) by extension 'ignore'
[0.144s] Level 1:colcon.colcon_core.package_identification:_identify(interbotix_ros_toolboxes/interbotix_common_toolbox/interbotix_landmark_modules) ignored
[0.144s] Level 1:colcon.colcon_core.package_identification:_identify(interbotix_ros_toolboxes/interbotix_common_toolbox/interbotix_moveit_interface) by extensions ['ignore', 'ignore_ament_install']
[0.144s] Level 1:colcon.colcon_core.package_identification:_identify(interbotix_ros_toolboxes/interbotix_common_toolbox/interbotix_moveit_interface) by extension 'ignore'
[0.144s] Level 1:colcon.colcon_core.package_identification:_identify(interbotix_ros_toolboxes/interbotix_common_toolbox/interbotix_moveit_interface) by extension 'ignore_ament_install'
[0.144s] Level 1:colcon.colcon_core.package_identification:_identify(interbotix_ros_toolboxes/interbotix_common_toolbox/interbotix_moveit_interface) by extensions ['colcon_pkg']
[0.144s] Level 1:colcon.colcon_core.package_identification:_identify(interbotix_ros_toolboxes/interbotix_common_toolbox/interbotix_moveit_interface) by extension 'colcon_pkg'
[0.144s] Level 1:colcon.colcon_core.package_identification:_identify(interbotix_ros_toolboxes/interbotix_common_toolbox/interbotix_moveit_interface) by extensions ['colcon_meta']
[0.144s] Level 1:colcon.colcon_core.package_identification:_identify(interbotix_ros_toolboxes/interbotix_common_toolbox/interbotix_moveit_interface) by extension 'colcon_meta'
[0.144s] Level 1:colcon.colcon_core.package_identification:_identify(interbotix_ros_toolboxes/interbotix_common_toolbox/interbotix_moveit_interface) by extensions ['ros']
[0.144s] Level 1:colcon.colcon_core.package_identification:_identify(interbotix_ros_toolboxes/interbotix_common_toolbox/interbotix_moveit_interface) by extension 'ros'
[0.145s] DEBUG:colcon.colcon_core.package_identification:Package 'interbotix_ros_toolboxes/interbotix_common_toolbox/interbotix_moveit_interface' with type 'ros.ament_cmake' and name 'interbotix_moveit_interface'
[0.145s] Level 1:colcon.colcon_core.package_identification:_identify(interbotix_ros_toolboxes/interbotix_common_toolbox/interbotix_moveit_interface_msgs) by extensions ['ignore', 'ignore_ament_install']
[0.145s] Level 1:colcon.colcon_core.package_identification:_identify(interbotix_ros_toolboxes/interbotix_common_toolbox/interbotix_moveit_interface_msgs) by extension 'ignore'
[0.145s] Level 1:colcon.colcon_core.package_identification:_identify(interbotix_ros_toolboxes/interbotix_common_toolbox/interbotix_moveit_interface_msgs) by extension 'ignore_ament_install'
[0.145s] Level 1:colcon.colcon_core.package_identification:_identify(interbotix_ros_toolboxes/interbotix_common_toolbox/interbotix_moveit_interface_msgs) by extensions ['colcon_pkg']
[0.145s] Level 1:colcon.colcon_core.package_identification:_identify(interbotix_ros_toolboxes/interbotix_common_toolbox/interbotix_moveit_interface_msgs) by extension 'colcon_pkg'
[0.145s] Level 1:colcon.colcon_core.package_identification:_identify(interbotix_ros_toolboxes/interbotix_common_toolbox/interbotix_moveit_interface_msgs) by extensions ['colcon_meta']
[0.145s] Level 1:colcon.colcon_core.package_identification:_identify(interbotix_ros_toolboxes/interbotix_common_toolbox/interbotix_moveit_interface_msgs) by extension 'colcon_meta'
[0.145s] Level 1:colcon.colcon_core.package_identification:_identify(interbotix_ros_toolboxes/interbotix_common_toolbox/interbotix_moveit_interface_msgs) by extensions ['ros']
[0.145s] Level 1:colcon.colcon_core.package_identification:_identify(interbotix_ros_toolboxes/interbotix_common_toolbox/interbotix_moveit_interface_msgs) by extension 'ros'
[0.145s] DEBUG:colcon.colcon_core.package_identification:Package 'interbotix_ros_toolboxes/interbotix_common_toolbox/interbotix_moveit_interface_msgs' with type 'ros.ament_cmake' and name 'interbotix_moveit_interface_msgs'
[0.145s] Level 1:colcon.colcon_core.package_identification:_identify(interbotix_ros_toolboxes/interbotix_common_toolbox/interbotix_tf_tools) by extensions ['ignore', 'ignore_ament_install']
[0.145s] Level 1:colcon.colcon_core.package_identification:_identify(interbotix_ros_toolboxes/interbotix_common_toolbox/interbotix_tf_tools) by extension 'ignore'
[0.145s] Level 1:colcon.colcon_core.package_identification:_identify(interbotix_ros_toolboxes/interbotix_common_toolbox/interbotix_tf_tools) by extension 'ignore_ament_install'
[0.145s] Level 1:colcon.colcon_core.package_identification:_identify(interbotix_ros_toolboxes/interbotix_common_toolbox/interbotix_tf_tools) by extensions ['colcon_pkg']
[0.145s] Level 1:colcon.colcon_core.package_identification:_identify(interbotix_ros_toolboxes/interbotix_common_toolbox/interbotix_tf_tools) by extension 'colcon_pkg'
[0.145s] Level 1:colcon.colcon_core.package_identification:_identify(interbotix_ros_toolboxes/interbotix_common_toolbox/interbotix_tf_tools) by extensions ['colcon_meta']
[0.145s] Level 1:colcon.colcon_core.package_identification:_identify(interbotix_ros_toolboxes/interbotix_common_toolbox/interbotix_tf_tools) by extension 'colcon_meta'
[0.145s] Level 1:colcon.colcon_core.package_identification:_identify(interbotix_ros_toolboxes/interbotix_common_toolbox/interbotix_tf_tools) by extensions ['ros']
[0.145s] Level 1:colcon.colcon_core.package_identification:_identify(interbotix_ros_toolboxes/interbotix_common_toolbox/interbotix_tf_tools) by extension 'ros'
[0.146s] DEBUG:colcon.colcon_core.package_identification:Package 'interbotix_ros_toolboxes/interbotix_common_toolbox/interbotix_tf_tools' with type 'ros.ament_cmake' and name 'interbotix_tf_tools'
[0.146s] Level 1:colcon.colcon_core.package_identification:_identify(interbotix_ros_toolboxes/interbotix_io_toolbox) by extensions ['ignore', 'ignore_ament_install']
[0.146s] Level 1:colcon.colcon_core.package_identification:_identify(interbotix_ros_toolboxes/interbotix_io_toolbox) by extension 'ignore'
[0.146s] Level 1:colcon.colcon_core.package_identification:_identify(interbotix_ros_toolboxes/interbotix_io_toolbox) ignored
[0.146s] Level 1:colcon.colcon_core.package_identification:_identify(interbotix_ros_toolboxes/interbotix_perception_toolbox) by extensions ['ignore', 'ignore_ament_install']
[0.146s] Level 1:colcon.colcon_core.package_identification:_identify(interbotix_ros_toolboxes/interbotix_perception_toolbox) by extension 'ignore'
[0.146s] Level 1:colcon.colcon_core.package_identification:_identify(interbotix_ros_toolboxes/interbotix_perception_toolbox) ignored
[0.146s] Level 1:colcon.colcon_core.package_identification:_identify(interbotix_ros_toolboxes/interbotix_rpi_toolbox) by extensions ['ignore', 'ignore_ament_install']
[0.146s] Level 1:colcon.colcon_core.package_identification:_identify(interbotix_ros_toolboxes/interbotix_rpi_toolbox) by extension 'ignore'
[0.146s] Level 1:colcon.colcon_core.package_identification:_identify(interbotix_ros_toolboxes/interbotix_rpi_toolbox) ignored
[0.146s] Level 1:colcon.colcon_core.package_identification:_identify(interbotix_ros_toolboxes/interbotix_xs_toolbox) by extensions ['ignore', 'ignore_ament_install']
[0.146s] Level 1:colcon.colcon_core.package_identification:_identify(interbotix_ros_toolboxes/interbotix_xs_toolbox) by extension 'ignore'
[0.146s] Level 1:colcon.colcon_core.package_identification:_identify(interbotix_ros_toolboxes/interbotix_xs_toolbox) by extension 'ignore_ament_install'
[0.146s] Level 1:colcon.colcon_core.package_identification:_identify(interbotix_ros_toolboxes/interbotix_xs_toolbox) by extensions ['colcon_pkg']
[0.146s] Level 1:colcon.colcon_core.package_identification:_identify(interbotix_ros_toolboxes/interbotix_xs_toolbox) by extension 'colcon_pkg'
[0.146s] Level 1:colcon.colcon_core.package_identification:_identify(interbotix_ros_toolboxes/interbotix_xs_toolbox) by extensions ['colcon_meta']
[0.146s] Level 1:colcon.colcon_core.package_identification:_identify(interbotix_ros_toolboxes/interbotix_xs_toolbox) by extension 'colcon_meta'
[0.146s] Level 1:colcon.colcon_core.package_identification:_identify(interbotix_ros_toolboxes/interbotix_xs_toolbox) by extensions ['ros']
[0.146s] Level 1:colcon.colcon_core.package_identification:_identify(interbotix_ros_toolboxes/interbotix_xs_toolbox) by extension 'ros'
[0.146s] Level 1:colcon.colcon_core.package_identification:_identify(interbotix_ros_toolboxes/interbotix_xs_toolbox) by extensions ['cmake', 'python']
[0.146s] Level 1:colcon.colcon_core.package_identification:_identify(interbotix_ros_toolboxes/interbotix_xs_toolbox) by extension 'cmake'
[0.146s] Level 1:colcon.colcon_core.package_identification:_identify(interbotix_ros_toolboxes/interbotix_xs_toolbox) by extension 'python'
[0.146s] Level 1:colcon.colcon_core.package_identification:_identify(interbotix_ros_toolboxes/interbotix_xs_toolbox) by extensions ['python_setup_py']
[0.146s] Level 1:colcon.colcon_core.package_identification:_identify(interbotix_ros_toolboxes/interbotix_xs_toolbox) by extension 'python_setup_py'
[0.146s] Level 1:colcon.colcon_core.package_identification:_identify(interbotix_ros_toolboxes/interbotix_xs_toolbox/interbotix_xs_modules) by extensions ['ignore', 'ignore_ament_install']
[0.146s] Level 1:colcon.colcon_core.package_identification:_identify(interbotix_ros_toolboxes/interbotix_xs_toolbox/interbotix_xs_modules) by extension 'ignore'
[0.146s] Level 1:colcon.colcon_core.package_identification:_identify(interbotix_ros_toolboxes/interbotix_xs_toolbox/interbotix_xs_modules) by extension 'ignore_ament_install'
[0.146s] Level 1:colcon.colcon_core.package_identification:_identify(interbotix_ros_toolboxes/interbotix_xs_toolbox/interbotix_xs_modules) by extensions ['colcon_pkg']
[0.146s] Level 1:colcon.colcon_core.package_identification:_identify(interbotix_ros_toolboxes/interbotix_xs_toolbox/interbotix_xs_modules) by extension 'colcon_pkg'
[0.146s] Level 1:colcon.colcon_core.package_identification:_identify(interbotix_ros_toolboxes/interbotix_xs_toolbox/interbotix_xs_modules) by extensions ['colcon_meta']
[0.146s] Level 1:colcon.colcon_core.package_identification:_identify(interbotix_ros_toolboxes/interbotix_xs_toolbox/interbotix_xs_modules) by extension 'colcon_meta'
[0.146s] Level 1:colcon.colcon_core.package_identification:_identify(interbotix_ros_toolboxes/interbotix_xs_toolbox/interbotix_xs_modules) by extensions ['ros']
[0.146s] Level 1:colcon.colcon_core.package_identification:_identify(interbotix_ros_toolboxes/interbotix_xs_toolbox/interbotix_xs_modules) by extension 'ros'
[0.147s] DEBUG:colcon.colcon_core.package_identification:Package 'interbotix_ros_toolboxes/interbotix_xs_toolbox/interbotix_xs_modules' with type 'ros.ament_python' and name 'interbotix_xs_modules'
[0.147s] Level 1:colcon.colcon_core.package_identification:_identify(interbotix_ros_toolboxes/interbotix_xs_toolbox/interbotix_xs_ros_control) by extensions ['ignore', 'ignore_ament_install']
[0.147s] Level 1:colcon.colcon_core.package_identification:_identify(interbotix_ros_toolboxes/interbotix_xs_toolbox/interbotix_xs_ros_control) by extension 'ignore'
[0.147s] Level 1:colcon.colcon_core.package_identification:_identify(interbotix_ros_toolboxes/interbotix_xs_toolbox/interbotix_xs_ros_control) by extension 'ignore_ament_install'
[0.147s] Level 1:colcon.colcon_core.package_identification:_identify(interbotix_ros_toolboxes/interbotix_xs_toolbox/interbotix_xs_ros_control) by extensions ['colcon_pkg']
[0.147s] Level 1:colcon.colcon_core.package_identification:_identify(interbotix_ros_toolboxes/interbotix_xs_toolbox/interbotix_xs_ros_control) by extension 'colcon_pkg'
[0.147s] Level 1:colcon.colcon_core.package_identification:_identify(interbotix_ros_toolboxes/interbotix_xs_toolbox/interbotix_xs_ros_control) by extensions ['colcon_meta']
[0.147s] Level 1:colcon.colcon_core.package_identification:_identify(interbotix_ros_toolboxes/interbotix_xs_toolbox/interbotix_xs_ros_control) by extension 'colcon_meta'
[0.147s] Level 1:colcon.colcon_core.package_identification:_identify(interbotix_ros_toolboxes/interbotix_xs_toolbox/interbotix_xs_ros_control) by extensions ['ros']
[0.147s] Level 1:colcon.colcon_core.package_identification:_identify(interbotix_ros_toolboxes/interbotix_xs_toolbox/interbotix_xs_ros_control) by extension 'ros'
[0.147s] DEBUG:colcon.colcon_core.package_identification:Package 'interbotix_ros_toolboxes/interbotix_xs_toolbox/interbotix_xs_ros_control' with type 'ros.ament_cmake' and name 'interbotix_xs_ros_control'
[0.147s] Level 1:colcon.colcon_core.package_identification:_identify(interbotix_ros_toolboxes/interbotix_xs_toolbox/interbotix_xs_rviz) by extensions ['ignore', 'ignore_ament_install']
[0.147s] Level 1:colcon.colcon_core.package_identification:_identify(interbotix_ros_toolboxes/interbotix_xs_toolbox/interbotix_xs_rviz) by extension 'ignore'
[0.147s] Level 1:colcon.colcon_core.package_identification:_identify(interbotix_ros_toolboxes/interbotix_xs_toolbox/interbotix_xs_rviz) by extension 'ignore_ament_install'
[0.147s] Level 1:colcon.colcon_core.package_identification:_identify(interbotix_ros_toolboxes/interbotix_xs_toolbox/interbotix_xs_rviz) by extensions ['colcon_pkg']
[0.147s] Level 1:colcon.colcon_core.package_identification:_identify(interbotix_ros_toolboxes/interbotix_xs_toolbox/interbotix_xs_rviz) by extension 'colcon_pkg'
[0.147s] Level 1:colcon.colcon_core.package_identification:_identify(interbotix_ros_toolboxes/interbotix_xs_toolbox/interbotix_xs_rviz) by extensions ['colcon_meta']
[0.147s] Level 1:colcon.colcon_core.package_identification:_identify(interbotix_ros_toolboxes/interbotix_xs_toolbox/interbotix_xs_rviz) by extension 'colcon_meta'
[0.147s] Level 1:colcon.colcon_core.package_identification:_identify(interbotix_ros_toolboxes/interbotix_xs_toolbox/interbotix_xs_rviz) by extensions ['ros']
[0.147s] Level 1:colcon.colcon_core.package_identification:_identify(interbotix_ros_toolboxes/interbotix_xs_toolbox/interbotix_xs_rviz) by extension 'ros'
[0.148s] DEBUG:colcon.colcon_core.package_identification:Package 'interbotix_ros_toolboxes/interbotix_xs_toolbox/interbotix_xs_rviz' with type 'ros.ament_cmake' and name 'interbotix_xs_rviz'
[0.148s] Level 1:colcon.colcon_core.package_identification:_identify(interbotix_ros_toolboxes/interbotix_xs_toolbox/interbotix_xs_toolbox) by extensions ['ignore', 'ignore_ament_install']
[0.148s] Level 1:colcon.colcon_core.package_identification:_identify(interbotix_ros_toolboxes/interbotix_xs_toolbox/interbotix_xs_toolbox) by extension 'ignore'
[0.148s] Level 1:colcon.colcon_core.package_identification:_identify(interbotix_ros_toolboxes/interbotix_xs_toolbox/interbotix_xs_toolbox) by extension 'ignore_ament_install'
[0.148s] Level 1:colcon.colcon_core.package_identification:_identify(interbotix_ros_toolboxes/interbotix_xs_toolbox/interbotix_xs_toolbox) by extensions ['colcon_pkg']
[0.148s] Level 1:colcon.colcon_core.package_identification:_identify(interbotix_ros_toolboxes/interbotix_xs_toolbox/interbotix_xs_toolbox) by extension 'colcon_pkg'
[0.148s] Level 1:colcon.colcon_core.package_identification:_identify(interbotix_ros_toolboxes/interbotix_xs_toolbox/interbotix_xs_toolbox) by extensions ['colcon_meta']
[0.148s] Level 1:colcon.colcon_core.package_identification:_identify(interbotix_ros_toolboxes/interbotix_xs_toolbox/interbotix_xs_toolbox) by extension 'colcon_meta'
[0.148s] Level 1:colcon.colcon_core.package_identification:_identify(interbotix_ros_toolboxes/interbotix_xs_toolbox/interbotix_xs_toolbox) by extensions ['ros']
[0.148s] Level 1:colcon.colcon_core.package_identification:_identify(interbotix_ros_toolboxes/interbotix_xs_toolbox/interbotix_xs_toolbox) by extension 'ros'
[0.148s] DEBUG:colcon.colcon_core.package_identification:Package 'interbotix_ros_toolboxes/interbotix_xs_toolbox/interbotix_xs_toolbox' with type 'ros.ament_cmake' and name 'interbotix_xs_toolbox'
[0.148s] Level 1:colcon.colcon_core.package_identification:_identify(interbotix_ros_toolboxes/third_party_libraries) by extensions ['ignore', 'ignore_ament_install']
[0.148s] Level 1:colcon.colcon_core.package_identification:_identify(interbotix_ros_toolboxes/third_party_libraries) by extension 'ignore'
[0.148s] Level 1:colcon.colcon_core.package_identification:_identify(interbotix_ros_toolboxes/third_party_libraries) by extension 'ignore_ament_install'
[0.148s] Level 1:colcon.colcon_core.package_identification:_identify(interbotix_ros_toolboxes/third_party_libraries) by extensions ['colcon_pkg']
[0.148s] Level 1:colcon.colcon_core.package_identification:_identify(interbotix_ros_toolboxes/third_party_libraries) by extension 'colcon_pkg'
[0.148s] Level 1:colcon.colcon_core.package_identification:_identify(interbotix_ros_toolboxes/third_party_libraries) by extensions ['colcon_meta']
[0.148s] Level 1:colcon.colcon_core.package_identification:_identify(interbotix_ros_toolboxes/third_party_libraries) by extension 'colcon_meta'
[0.148s] Level 1:colcon.colcon_core.package_identification:_identify(interbotix_ros_toolboxes/third_party_libraries) by extensions ['ros']
[0.148s] Level 1:colcon.colcon_core.package_identification:_identify(interbotix_ros_toolboxes/third_party_libraries) by extension 'ros'
[0.148s] Level 1:colcon.colcon_core.package_identification:_identify(interbotix_ros_toolboxes/third_party_libraries) by extensions ['cmake', 'python']
[0.148s] Level 1:colcon.colcon_core.package_identification:_identify(interbotix_ros_toolboxes/third_party_libraries) by extension 'cmake'
[0.148s] Level 1:colcon.colcon_core.package_identification:_identify(interbotix_ros_toolboxes/third_party_libraries) by extension 'python'
[0.148s] Level 1:colcon.colcon_core.package_identification:_identify(interbotix_ros_toolboxes/third_party_libraries) by extensions ['python_setup_py']
[0.148s] Level 1:colcon.colcon_core.package_identification:_identify(interbotix_ros_toolboxes/third_party_libraries) by extension 'python_setup_py'
[0.148s] Level 1:colcon.colcon_core.package_identification:_identify(log) by extensions ['ignore', 'ignore_ament_install']
[0.148s] Level 1:colcon.colcon_core.package_identification:_identify(log) by extension 'ignore'
[0.148s] Level 1:colcon.colcon_core.package_identification:_identify(log) ignored
[0.148s] Level 1:colcon.colcon_core.package_identification:_identify(moveit_visual_tools) by extensions ['ignore', 'ignore_ament_install']
[0.149s] Level 1:colcon.colcon_core.package_identification:_identify(moveit_visual_tools) by extension 'ignore'
[0.149s] Level 1:colcon.colcon_core.package_identification:_identify(moveit_visual_tools) by extension 'ignore_ament_install'
[0.149s] Level 1:colcon.colcon_core.package_identification:_identify(moveit_visual_tools) by extensions ['colcon_pkg']
[0.149s] Level 1:colcon.colcon_core.package_identification:_identify(moveit_visual_tools) by extension 'colcon_pkg'
[0.149s] Level 1:colcon.colcon_core.package_identification:_identify(moveit_visual_tools) by extensions ['colcon_meta']
[0.149s] Level 1:colcon.colcon_core.package_identification:_identify(moveit_visual_tools) by extension 'colcon_meta'
[0.149s] Level 1:colcon.colcon_core.package_identification:_identify(moveit_visual_tools) by extensions ['ros']
[0.149s] Level 1:colcon.colcon_core.package_identification:_identify(moveit_visual_tools) by extension 'ros'
[0.149s] DEBUG:colcon.colcon_core.package_identification:Package 'moveit_visual_tools' with type 'ros.ament_cmake' and name 'moveit_visual_tools'
[0.149s] Level 1:colcon.colcon_core.package_identification:_identify(rviz_visual_tools) by extensions ['ignore', 'ignore_ament_install']
[0.149s] Level 1:colcon.colcon_core.package_identification:_identify(rviz_visual_tools) by extension 'ignore'
[0.149s] Level 1:colcon.colcon_core.package_identification:_identify(rviz_visual_tools) by extension 'ignore_ament_install'
[0.149s] Level 1:colcon.colcon_core.package_identification:_identify(rviz_visual_tools) by extensions ['colcon_pkg']
[0.149s] Level 1:colcon.colcon_core.package_identification:_identify(rviz_visual_tools) by extension 'colcon_pkg'
[0.149s] Level 1:colcon.colcon_core.package_identification:_identify(rviz_visual_tools) by extensions ['colcon_meta']
[0.149s] Level 1:colcon.colcon_core.package_identification:_identify(rviz_visual_tools) by extension 'colcon_meta'
[0.149s] Level 1:colcon.colcon_core.package_identification:_identify(rviz_visual_tools) by extensions ['ros']
[0.149s] Level 1:colcon.colcon_core.package_identification:_identify(rviz_visual_tools) by extension 'ros'
[0.149s] Level 1:colcon.colcon_core.package_identification:_identify(rviz_visual_tools) by extensions ['cmake', 'python']
[0.149s] Level 1:colcon.colcon_core.package_identification:_identify(rviz_visual_tools) by extension 'cmake'
[0.149s] Level 1:colcon.colcon_core.package_identification:_identify(rviz_visual_tools) by extension 'python'
[0.149s] Level 1:colcon.colcon_core.package_identification:_identify(rviz_visual_tools) by extensions ['python_setup_py']
[0.149s] Level 1:colcon.colcon_core.package_identification:_identify(rviz_visual_tools) by extension 'python_setup_py'
[0.149s] Level 1:colcon.colcon_core.package_discovery:discover_packages(recursive) using defaults
[0.149s] Level 1:colcon.colcon_core.package_discovery:discover_packages(ignore) discover
[0.149s] Level 1:colcon.colcon_core.package_discovery:discover_packages(ignore) using defaults
[0.149s] Level 1:colcon.colcon_core.package_discovery:discover_packages(path) discover
[0.149s] Level 1:colcon.colcon_core.package_discovery:discover_packages(path) using defaults
[0.150s] WARNING:colcon.colcon_core.package_selection:ignoring unknown package 'rviz_visual_tools' in --packages-skip
[0.162s] INFO:colcon.colcon_core.package_selection:Skipping package 'interbotix_moveit_interface_msgs' in 'interbotix_ros_toolboxes/interbotix_common_toolbox/interbotix_moveit_interface_msgs'
[0.162s] INFO:colcon.colcon_core.package_selection:Skipping package 'moveit_visual_tools' in 'moveit_visual_tools'
[0.162s] INFO:colcon.colcon_core.package_selection:Skipping package 'interbotix_moveit_interface' in 'interbotix_ros_toolboxes/interbotix_common_toolbox/interbotix_moveit_interface'
[0.162s] INFO:colcon.colcon_core.package_selection:Skipping package 'interbotix_xsarm_moveit' in 'interbotix_ros_manipulators/interbotix_ros_xsarms/interbotix_xsarm_moveit'
[0.162s] Level 1:colcon.colcon_core.package_discovery:discover_packages(prefix_path) check parameters
[0.162s] Level 1:colcon.colcon_core.package_discovery:discover_packages(prefix_path) discover
[0.163s] DEBUG:colcon.colcon_installed_package_information.package_discovery:Found 315 installed packages in /opt/ros/humble
[0.164s] Level 1:colcon.colcon_core.package_discovery:discover_packages(prefix_path) using defaults
[0.178s] Level 5:colcon.colcon_core.verb:set package 'dynamixel_workbench_toolbox' build argument 'cmake_args' from command line to 'None'
[0.178s] Level 5:colcon.colcon_core.verb:set package 'dynamixel_workbench_toolbox' build argument 'cmake_target' from command line to 'None'
[0.178s] Level 5:colcon.colcon_core.verb:set package 'dynamixel_workbench_toolbox' build argument 'cmake_target_skip_unavailable' from command line to 'False'
[0.178s] Level 5:colcon.colcon_core.verb:set package 'dynamixel_workbench_toolbox' build argument 'cmake_clean_cache' from command line to 'False'
[0.178s] Level 5:colcon.colcon_core.verb:set package 'dynamixel_workbench_toolbox' build argument 'cmake_clean_first' from command line to 'False'
[0.178s] Level 5:colcon.colcon_core.verb:set package 'dynamixel_workbench_toolbox' build argument 'cmake_force_configure' from command line to 'False'
[0.178s] Level 5:colcon.colcon_core.verb:set package 'dynamixel_workbench_toolbox' build argument 'ament_cmake_args' from command line to 'None'
[0.178s] Level 5:colcon.colcon_core.verb:set package 'dynamixel_workbench_toolbox' build argument 'catkin_cmake_args' from command line to 'None'
[0.178s] Level 5:colcon.colcon_core.verb:set package 'dynamixel_workbench_toolbox' build argument 'catkin_skip_building_tests' from command line to 'False'
[0.178s] DEBUG:colcon.colcon_core.verb:Building package 'dynamixel_workbench_toolbox' with the following arguments: {'ament_cmake_args': None, 'build_base': '/workspace/koch_control/build/dynamixel_workbench_toolbox', 'catkin_cmake_args': None, 'catkin_skip_building_tests': False, 'cmake_args': None, 'cmake_clean_cache': False, 'cmake_clean_first': False, 'cmake_force_configure': False, 'cmake_target': None, 'cmake_target_skip_unavailable': False, 'install_base': '/workspace/koch_control/install/dynamixel_workbench_toolbox', 'merge_install': False, 'path': '/workspace/koch_control/interbotix_ros_core/interbotix_ros_xseries/dynamixel_workbench_toolbox', 'symlink_install': True, 'test_result_base': None}
[0.178s] Level 5:colcon.colcon_core.verb:set package 'interbotix_common_modules' build argument 'cmake_args' from command line to 'None'
[0.178s] Level 5:colcon.colcon_core.verb:set package 'interbotix_common_modules' build argument 'cmake_target' from command line to 'None'
[0.178s] Level 5:colcon.colcon_core.verb:set package 'interbotix_common_modules' build argument 'cmake_target_skip_unavailable' from command line to 'False'
[0.178s] Level 5:colcon.colcon_core.verb:set package 'interbotix_common_modules' build argument 'cmake_clean_cache' from command line to 'False'
[0.178s] Level 5:colcon.colcon_core.verb:set package 'interbotix_common_modules' build argument 'cmake_clean_first' from command line to 'False'
[0.178s] Level 5:colcon.colcon_core.verb:set package 'interbotix_common_modules' build argument 'cmake_force_configure' from command line to 'False'
[0.178s] Level 5:colcon.colcon_core.verb:set package 'interbotix_common_modules' build argument 'ament_cmake_args' from command line to 'None'
[0.178s] Level 5:colcon.colcon_core.verb:set package 'interbotix_common_modules' build argument 'catkin_cmake_args' from command line to 'None'
[0.178s] Level 5:colcon.colcon_core.verb:set package 'interbotix_common_modules' build argument 'catkin_skip_building_tests' from command line to 'False'
[0.178s] DEBUG:colcon.colcon_core.verb:Building package 'interbotix_common_modules' with the following arguments: {'ament_cmake_args': None, 'build_base': '/workspace/koch_control/build/interbotix_common_modules', 'catkin_cmake_args': None, 'catkin_skip_building_tests': False, 'cmake_args': None, 'cmake_clean_cache': False, 'cmake_clean_first': False, 'cmake_force_configure': False, 'cmake_target': None, 'cmake_target_skip_unavailable': False, 'install_base': '/workspace/koch_control/install/interbotix_common_modules', 'merge_install': False, 'path': '/workspace/koch_control/interbotix_ros_toolboxes/interbotix_common_toolbox/interbotix_common_modules', 'symlink_install': True, 'test_result_base': None}
[0.179s] Level 5:colcon.colcon_core.verb:set package 'interbotix_common_sim' build argument 'cmake_args' from command line to 'None'
[0.179s] Level 5:colcon.colcon_core.verb:set package 'interbotix_common_sim' build argument 'cmake_target' from command line to 'None'
[0.179s] Level 5:colcon.colcon_core.verb:set package 'interbotix_common_sim' build argument 'cmake_target_skip_unavailable' from command line to 'False'
[0.179s] Level 5:colcon.colcon_core.verb:set package 'interbotix_common_sim' build argument 'cmake_clean_cache' from command line to 'False'
[0.179s] Level 5:colcon.colcon_core.verb:set package 'interbotix_common_sim' build argument 'cmake_clean_first' from command line to 'False'
[0.179s] Level 5:colcon.colcon_core.verb:set package 'interbotix_common_sim' build argument 'cmake_force_configure' from command line to 'False'
[0.179s] Level 5:colcon.colcon_core.verb:set package 'interbotix_common_sim' build argument 'ament_cmake_args' from command line to 'None'
[0.179s] Level 5:colcon.colcon_core.verb:set package 'interbotix_common_sim' build argument 'catkin_cmake_args' from command line to 'None'
[0.179s] Level 5:colcon.colcon_core.verb:set package 'interbotix_common_sim' build argument 'catkin_skip_building_tests' from command line to 'False'
[0.179s] DEBUG:colcon.colcon_core.verb:Building package 'interbotix_common_sim' with the following arguments: {'ament_cmake_args': None, 'build_base': '/workspace/koch_control/build/interbotix_common_sim', 'catkin_cmake_args': None, 'catkin_skip_building_tests': False, 'cmake_args': None, 'cmake_clean_cache': False, 'cmake_clean_first': False, 'cmake_force_configure': False, 'cmake_target': None, 'cmake_target_skip_unavailable': False, 'install_base': '/workspace/koch_control/install/interbotix_common_sim', 'merge_install': False, 'path': '/workspace/koch_control/interbotix_ros_toolboxes/interbotix_common_toolbox/interbotix_common_sim', 'symlink_install': True, 'test_result_base': None}
[0.179s] Level 5:colcon.colcon_core.verb:set package 'interbotix_tf_tools' build argument 'cmake_args' from command line to 'None'
[0.179s] Level 5:colcon.colcon_core.verb:set package 'interbotix_tf_tools' build argument 'cmake_target' from command line to 'None'
[0.179s] Level 5:colcon.colcon_core.verb:set package 'interbotix_tf_tools' build argument 'cmake_target_skip_unavailable' from command line to 'False'
[0.179s] Level 5:colcon.colcon_core.verb:set package 'interbotix_tf_tools' build argument 'cmake_clean_cache' from command line to 'False'
[0.179s] Level 5:colcon.colcon_core.verb:set package 'interbotix_tf_tools' build argument 'cmake_clean_first' from command line to 'False'
[0.179s] Level 5:colcon.colcon_core.verb:set package 'interbotix_tf_tools' build argument 'cmake_force_configure' from command line to 'False'
[0.179s] Level 5:colcon.colcon_core.verb:set package 'interbotix_tf_tools' build argument 'ament_cmake_args' from command line to 'None'
[0.179s] Level 5:colcon.colcon_core.verb:set package 'interbotix_tf_tools' build argument 'catkin_cmake_args' from command line to 'None'
[0.179s] Level 5:colcon.colcon_core.verb:set package 'interbotix_tf_tools' build argument 'catkin_skip_building_tests' from command line to 'False'
[0.179s] DEBUG:colcon.colcon_core.verb:Building package 'interbotix_tf_tools' with the following arguments: {'ament_cmake_args': None, 'build_base': '/workspace/koch_control/build/interbotix_tf_tools', 'catkin_cmake_args': None, 'catkin_skip_building_tests': False, 'cmake_args': None, 'cmake_clean_cache': False, 'cmake_clean_first': False, 'cmake_force_configure': False, 'cmake_target': None, 'cmake_target_skip_unavailable': False, 'install_base': '/workspace/koch_control/install/interbotix_tf_tools', 'merge_install': False, 'path': '/workspace/koch_control/interbotix_ros_toolboxes/interbotix_common_toolbox/interbotix_tf_tools', 'symlink_install': True, 'test_result_base': None}
[0.179s] Level 5:colcon.colcon_core.verb:set package 'interbotix_xs_msgs' build argument 'cmake_args' from command line to 'None'
[0.179s] Level 5:colcon.colcon_core.verb:set package 'interbotix_xs_msgs' build argument 'cmake_target' from command line to 'None'
[0.179s] Level 5:colcon.colcon_core.verb:set package 'interbotix_xs_msgs' build argument 'cmake_target_skip_unavailable' from command line to 'False'
[0.179s] Level 5:colcon.colcon_core.verb:set package 'interbotix_xs_msgs' build argument 'cmake_clean_cache' from command line to 'False'
[0.179s] Level 5:colcon.colcon_core.verb:set package 'interbotix_xs_msgs' build argument 'cmake_clean_first' from command line to 'False'
[0.179s] Level 5:colcon.colcon_core.verb:set package 'interbotix_xs_msgs' build argument 'cmake_force_configure' from command line to 'False'
[0.179s] Level 5:colcon.colcon_core.verb:set package 'interbotix_xs_msgs' build argument 'ament_cmake_args' from command line to 'None'
[0.179s] Level 5:colcon.colcon_core.verb:set package 'interbotix_xs_msgs' build argument 'catkin_cmake_args' from command line to 'None'
[0.179s] Level 5:colcon.colcon_core.verb:set package 'interbotix_xs_msgs' build argument 'catkin_skip_building_tests' from command line to 'False'
[0.179s] DEBUG:colcon.colcon_core.verb:Building package 'interbotix_xs_msgs' with the following arguments: {'ament_cmake_args': None, 'build_base': '/workspace/koch_control/build/interbotix_xs_msgs', 'catkin_cmake_args': None, 'catkin_skip_building_tests': False, 'cmake_args': None, 'cmake_clean_cache': False, 'cmake_clean_first': False, 'cmake_force_configure': False, 'cmake_target': None, 'cmake_target_skip_unavailable': False, 'install_base': '/workspace/koch_control/install/interbotix_xs_msgs', 'merge_install': False, 'path': '/workspace/koch_control/interbotix_ros_core/interbotix_ros_xseries/interbotix_xs_msgs', 'symlink_install': True, 'test_result_base': None}
[0.179s] Level 5:colcon.colcon_core.verb:set package 'interbotix_gravity_compensation' build argument 'cmake_args' from command line to 'None'
[0.179s] Level 5:colcon.colcon_core.verb:set package 'interbotix_gravity_compensation' build argument 'cmake_target' from command line to 'None'
[0.179s] Level 5:colcon.colcon_core.verb:set package 'interbotix_gravity_compensation' build argument 'cmake_target_skip_unavailable' from command line to 'False'
[0.179s] Level 5:colcon.colcon_core.verb:set package 'interbotix_gravity_compensation' build argument 'cmake_clean_cache' from command line to 'False'
[0.179s] Level 5:colcon.colcon_core.verb:set package 'interbotix_gravity_compensation' build argument 'cmake_clean_first' from command line to 'False'
[0.179s] Level 5:colcon.colcon_core.verb:set package 'interbotix_gravity_compensation' build argument 'cmake_force_configure' from command line to 'False'
[0.179s] Level 5:colcon.colcon_core.verb:set package 'interbotix_gravity_compensation' build argument 'ament_cmake_args' from command line to 'None'
[0.179s] Level 5:colcon.colcon_core.verb:set package 'interbotix_gravity_compensation' build argument 'catkin_cmake_args' from command line to 'None'
[0.179s] Level 5:colcon.colcon_core.verb:set package 'interbotix_gravity_compensation' build argument 'catkin_skip_building_tests' from command line to 'False'
[0.179s] DEBUG:colcon.colcon_core.verb:Building package 'interbotix_gravity_compensation' with the following arguments: {'ament_cmake_args': None, 'build_base': '/workspace/koch_control/build/interbotix_gravity_compensation', 'catkin_cmake_args': None, 'catkin_skip_building_tests': False, 'cmake_args': None, 'cmake_clean_cache': False, 'cmake_clean_first': False, 'cmake_force_configure': False, 'cmake_target': None, 'cmake_target_skip_unavailable': False, 'install_base': '/workspace/koch_control/install/interbotix_gravity_compensation', 'merge_install': False, 'path': '/workspace/koch_control/interbotix_ros_toolboxes/interbotix_common_toolbox/interbotix_gravity_compensation', 'symlink_install': True, 'test_result_base': None}
[0.179s] Level 5:colcon.colcon_core.verb:set package 'interbotix_xs_driver' build argument 'cmake_args' from command line to 'None'
[0.179s] Level 5:colcon.colcon_core.verb:set package 'interbotix_xs_driver' build argument 'cmake_target' from command line to 'None'
[0.179s] Level 5:colcon.colcon_core.verb:set package 'interbotix_xs_driver' build argument 'cmake_target_skip_unavailable' from command line to 'False'
[0.179s] Level 5:colcon.colcon_core.verb:set package 'interbotix_xs_driver' build argument 'cmake_clean_cache' from command line to 'False'
[0.179s] Level 5:colcon.colcon_core.verb:set package 'interbotix_xs_driver' build argument 'cmake_clean_first' from command line to 'False'
[0.179s] Level 5:colcon.colcon_core.verb:set package 'interbotix_xs_driver' build argument 'cmake_force_configure' from command line to 'False'
[0.179s] Level 5:colcon.colcon_core.verb:set package 'interbotix_xs_driver' build argument 'ament_cmake_args' from command line to 'None'
[0.179s] Level 5:colcon.colcon_core.verb:set package 'interbotix_xs_driver' build argument 'catkin_cmake_args' from command line to 'None'
[0.179s] Level 5:colcon.colcon_core.verb:set package 'interbotix_xs_driver' build argument 'catkin_skip_building_tests' from command line to 'False'
[0.179s] DEBUG:colcon.colcon_core.verb:Building package 'interbotix_xs_driver' with the following arguments: {'ament_cmake_args': None, 'build_base': '/workspace/koch_control/build/interbotix_xs_driver', 'catkin_cmake_args': None, 'catkin_skip_building_tests': False, 'cmake_args': None, 'cmake_clean_cache': False, 'cmake_clean_first': False, 'cmake_force_configure': False, 'cmake_target': None, 'cmake_target_skip_unavailable': False, 'install_base': '/workspace/koch_control/install/interbotix_xs_driver', 'merge_install': False, 'path': '/workspace/koch_control/interbotix_ros_core/interbotix_ros_xseries/interbotix_xs_driver', 'symlink_install': True, 'test_result_base': None}
[0.179s] Level 5:colcon.colcon_core.verb:set package 'interbotix_xs_ros_control' build argument 'cmake_args' from command line to 'None'
[0.179s] Level 5:colcon.colcon_core.verb:set package 'interbotix_xs_ros_control' build argument 'cmake_target' from command line to 'None'
[0.179s] Level 5:colcon.colcon_core.verb:set package 'interbotix_xs_ros_control' build argument 'cmake_target_skip_unavailable' from command line to 'False'
[0.179s] Level 5:colcon.colcon_core.verb:set package 'interbotix_xs_ros_control' build argument 'cmake_clean_cache' from command line to 'False'
[0.180s] Level 5:colcon.colcon_core.verb:set package 'interbotix_xs_ros_control' build argument 'cmake_clean_first' from command line to 'False'
[0.180s] Level 5:colcon.colcon_core.verb:set package 'interbotix_xs_ros_control' build argument 'cmake_force_configure' from command line to 'False'
[0.180s] Level 5:colcon.colcon_core.verb:set package 'interbotix_xs_ros_control' build argument 'ament_cmake_args' from command line to 'None'
[0.180s] Level 5:colcon.colcon_core.verb:set package 'interbotix_xs_ros_control' build argument 'catkin_cmake_args' from command line to 'None'
[0.180s] Level 5:colcon.colcon_core.verb:set package 'interbotix_xs_ros_control' build argument 'catkin_skip_building_tests' from command line to 'False'
[0.180s] DEBUG:colcon.colcon_core.verb:Building package 'interbotix_xs_ros_control' with the following arguments: {'ament_cmake_args': None, 'build_base': '/workspace/koch_control/build/interbotix_xs_ros_control', 'catkin_cmake_args': None, 'catkin_skip_building_tests': False, 'cmake_args': None, 'cmake_clean_cache': False, 'cmake_clean_first': False, 'cmake_force_configure': False, 'cmake_target': None, 'cmake_target_skip_unavailable': False, 'install_base': '/workspace/koch_control/install/interbotix_xs_ros_control', 'merge_install': False, 'path': '/workspace/koch_control/interbotix_ros_toolboxes/interbotix_xs_toolbox/interbotix_xs_ros_control', 'symlink_install': True, 'test_result_base': None}
[0.180s] Level 5:colcon.colcon_core.verb:set package 'interbotix_common_toolbox' build argument 'cmake_args' from command line to 'None'
[0.180s] Level 5:colcon.colcon_core.verb:set package 'interbotix_common_toolbox' build argument 'cmake_target' from command line to 'None'
[0.180s] Level 5:colcon.colcon_core.verb:set package 'interbotix_common_toolbox' build argument 'cmake_target_skip_unavailable' from command line to 'False'
[0.180s] Level 5:colcon.colcon_core.verb:set package 'interbotix_common_toolbox' build argument 'cmake_clean_cache' from command line to 'False'
[0.180s] Level 5:colcon.colcon_core.verb:set package 'interbotix_common_toolbox' build argument 'cmake_clean_first' from command line to 'False'
[0.180s] Level 5:colcon.colcon_core.verb:set package 'interbotix_common_toolbox' build argument 'cmake_force_configure' from command line to 'False'
[0.180s] Level 5:colcon.colcon_core.verb:set package 'interbotix_common_toolbox' build argument 'ament_cmake_args' from command line to 'None'
[0.180s] Level 5:colcon.colcon_core.verb:set package 'interbotix_common_toolbox' build argument 'catkin_cmake_args' from command line to 'None'
[0.180s] Level 5:colcon.colcon_core.verb:set package 'interbotix_common_toolbox' build argument 'catkin_skip_building_tests' from command line to 'False'
[0.180s] DEBUG:colcon.colcon_core.verb:Building package 'interbotix_common_toolbox' with the following arguments: {'ament_cmake_args': None, 'build_base': '/workspace/koch_control/build/interbotix_common_toolbox', 'catkin_cmake_args': None, 'catkin_skip_building_tests': False, 'cmake_args': None, 'cmake_clean_cache': False, 'cmake_clean_first': False, 'cmake_force_configure': False, 'cmake_target': None, 'cmake_target_skip_unavailable': False, 'install_base': '/workspace/koch_control/install/interbotix_common_toolbox', 'merge_install': False, 'path': '/workspace/koch_control/interbotix_ros_toolboxes/interbotix_common_toolbox/interbotix_common_toolbox', 'symlink_install': True, 'test_result_base': None}
[0.180s] Level 5:colcon.colcon_core.verb:set package 'interbotix_xs_sdk' build argument 'cmake_args' from command line to 'None'
[0.180s] Level 5:colcon.colcon_core.verb:set package 'interbotix_xs_sdk' build argument 'cmake_target' from command line to 'None'
[0.180s] Level 5:colcon.colcon_core.verb:set package 'interbotix_xs_sdk' build argument 'cmake_target_skip_unavailable' from command line to 'False'
[0.180s] Level 5:colcon.colcon_core.verb:set package 'interbotix_xs_sdk' build argument 'cmake_clean_cache' from command line to 'False'
[0.180s] Level 5:colcon.colcon_core.verb:set package 'interbotix_xs_sdk' build argument 'cmake_clean_first' from command line to 'False'
[0.180s] Level 5:colcon.colcon_core.verb:set package 'interbotix_xs_sdk' build argument 'cmake_force_configure' from command line to 'False'
[0.180s] Level 5:colcon.colcon_core.verb:set package 'interbotix_xs_sdk' build argument 'ament_cmake_args' from command line to 'None'
[0.180s] Level 5:colcon.colcon_core.verb:set package 'interbotix_xs_sdk' build argument 'catkin_cmake_args' from command line to 'None'
[0.180s] Level 5:colcon.colcon_core.verb:set package 'interbotix_xs_sdk' build argument 'catkin_skip_building_tests' from command line to 'False'
[0.180s] DEBUG:colcon.colcon_core.verb:Building package 'interbotix_xs_sdk' with the following arguments: {'ament_cmake_args': None, 'build_base': '/workspace/koch_control/build/interbotix_xs_sdk', 'catkin_cmake_args': None, 'catkin_skip_building_tests': False, 'cmake_args': None, 'cmake_clean_cache': False, 'cmake_clean_first': False, 'cmake_force_configure': False, 'cmake_target': None, 'cmake_target_skip_unavailable': False, 'install_base': '/workspace/koch_control/install/interbotix_xs_sdk', 'merge_install': False, 'path': '/workspace/koch_control/interbotix_ros_core/interbotix_ros_xseries/interbotix_xs_sdk', 'symlink_install': True, 'test_result_base': None}
[0.180s] Level 5:colcon.colcon_core.verb:set package 'interbotix_ros_xseries' build argument 'cmake_args' from command line to 'None'
[0.180s] Level 5:colcon.colcon_core.verb:set package 'interbotix_ros_xseries' build argument 'cmake_target' from command line to 'None'
[0.180s] Level 5:colcon.colcon_core.verb:set package 'interbotix_ros_xseries' build argument 'cmake_target_skip_unavailable' from command line to 'False'
[0.180s] Level 5:colcon.colcon_core.verb:set package 'interbotix_ros_xseries' build argument 'cmake_clean_cache' from command line to 'False'
[0.180s] Level 5:colcon.colcon_core.verb:set package 'interbotix_ros_xseries' build argument 'cmake_clean_first' from command line to 'False'
[0.180s] Level 5:colcon.colcon_core.verb:set package 'interbotix_ros_xseries' build argument 'cmake_force_configure' from command line to 'False'
[0.180s] Level 5:colcon.colcon_core.verb:set package 'interbotix_ros_xseries' build argument 'ament_cmake_args' from command line to 'None'
[0.180s] Level 5:colcon.colcon_core.verb:set package 'interbotix_ros_xseries' build argument 'catkin_cmake_args' from command line to 'None'
[0.180s] Level 5:colcon.colcon_core.verb:set package 'interbotix_ros_xseries' build argument 'catkin_skip_building_tests' from command line to 'False'
[0.180s] DEBUG:colcon.colcon_core.verb:Building package 'interbotix_ros_xseries' with the following arguments: {'ament_cmake_args': None, 'build_base': '/workspace/koch_control/build/interbotix_ros_xseries', 'catkin_cmake_args': None, 'catkin_skip_building_tests': False, 'cmake_args': None, 'cmake_clean_cache': False, 'cmake_clean_first': False, 'cmake_force_configure': False, 'cmake_target': None, 'cmake_target_skip_unavailable': False, 'install_base': '/workspace/koch_control/install/interbotix_ros_xseries', 'merge_install': False, 'path': '/workspace/koch_control/interbotix_ros_core/interbotix_ros_xseries/interbotix_ros_xseries', 'symlink_install': True, 'test_result_base': None}
[0.180s] Level 5:colcon.colcon_core.verb:set package 'interbotix_xs_modules' build argument 'cmake_args' from command line to 'None'
[0.180s] Level 5:colcon.colcon_core.verb:set package 'interbotix_xs_modules' build argument 'cmake_target' from command line to 'None'
[0.180s] Level 5:colcon.colcon_core.verb:set package 'interbotix_xs_modules' build argument 'cmake_target_skip_unavailable' from command line to 'False'
[0.180s] Level 5:colcon.colcon_core.verb:set package 'interbotix_xs_modules' build argument 'cmake_clean_cache' from command line to 'False'
[0.180s] Level 5:colcon.colcon_core.verb:set package 'interbotix_xs_modules' build argument 'cmake_clean_first' from command line to 'False'
[0.180s] Level 5:colcon.colcon_core.verb:set package 'interbotix_xs_modules' build argument 'cmake_force_configure' from command line to 'False'
[0.180s] Level 5:colcon.colcon_core.verb:set package 'interbotix_xs_modules' build argument 'ament_cmake_args' from command line to 'None'
[0.180s] Level 5:colcon.colcon_core.verb:set package 'interbotix_xs_modules' build argument 'catkin_cmake_args' from command line to 'None'
[0.180s] Level 5:colcon.colcon_core.verb:set package 'interbotix_xs_modules' build argument 'catkin_skip_building_tests' from command line to 'False'
[0.180s] DEBUG:colcon.colcon_core.verb:Building package 'interbotix_xs_modules' with the following arguments: {'ament_cmake_args': None, 'build_base': '/workspace/koch_control/build/interbotix_xs_modules', 'catkin_cmake_args': None, 'catkin_skip_building_tests': False, 'cmake_args': None, 'cmake_clean_cache': False, 'cmake_clean_first': False, 'cmake_force_configure': False, 'cmake_target': None, 'cmake_target_skip_unavailable': False, 'install_base': '/workspace/koch_control/install/interbotix_xs_modules', 'merge_install': False, 'path': '/workspace/koch_control/interbotix_ros_toolboxes/interbotix_xs_toolbox/interbotix_xs_modules', 'symlink_install': True, 'test_result_base': None}
[0.180s] Level 5:colcon.colcon_core.verb:set package 'interbotix_xs_rviz' build argument 'cmake_args' from command line to 'None'
[0.180s] Level 5:colcon.colcon_core.verb:set package 'interbotix_xs_rviz' build argument 'cmake_target' from command line to 'None'
[0.180s] Level 5:colcon.colcon_core.verb:set package 'interbotix_xs_rviz' build argument 'cmake_target_skip_unavailable' from command line to 'False'
[0.180s] Level 5:colcon.colcon_core.verb:set package 'interbotix_xs_rviz' build argument 'cmake_clean_cache' from command line to 'False'
[0.180s] Level 5:colcon.colcon_core.verb:set package 'interbotix_xs_rviz' build argument 'cmake_clean_first' from command line to 'False'
[0.180s] Level 5:colcon.colcon_core.verb:set package 'interbotix_xs_rviz' build argument 'cmake_force_configure' from command line to 'False'
[0.180s] Level 5:colcon.colcon_core.verb:set package 'interbotix_xs_rviz' build argument 'ament_cmake_args' from command line to 'None'
[0.180s] Level 5:colcon.colcon_core.verb:set package 'interbotix_xs_rviz' build argument 'catkin_cmake_args' from command line to 'None'
[0.180s] Level 5:colcon.colcon_core.verb:set package 'interbotix_xs_rviz' build argument 'catkin_skip_building_tests' from command line to 'False'
[0.180s] DEBUG:colcon.colcon_core.verb:Building package 'interbotix_xs_rviz' with the following arguments: {'ament_cmake_args': None, 'build_base': '/workspace/koch_control/build/interbotix_xs_rviz', 'catkin_cmake_args': None, 'catkin_skip_building_tests': False, 'cmake_args': None, 'cmake_clean_cache': False, 'cmake_clean_first': False, 'cmake_force_configure': False, 'cmake_target': None, 'cmake_target_skip_unavailable': False, 'install_base': '/workspace/koch_control/install/interbotix_xs_rviz', 'merge_install': False, 'path': '/workspace/koch_control/interbotix_ros_toolboxes/interbotix_xs_toolbox/interbotix_xs_rviz', 'symlink_install': True, 'test_result_base': None}
[0.181s] Level 5:colcon.colcon_core.verb:set package 'interbotix_xs_toolbox' build argument 'cmake_args' from command line to 'None'
[0.181s] Level 5:colcon.colcon_core.verb:set package 'interbotix_xs_toolbox' build argument 'cmake_target' from command line to 'None'
[0.181s] Level 5:colcon.colcon_core.verb:set package 'interbotix_xs_toolbox' build argument 'cmake_target_skip_unavailable' from command line to 'False'
[0.181s] Level 5:colcon.colcon_core.verb:set package 'interbotix_xs_toolbox' build argument 'cmake_clean_cache' from command line to 'False'
[0.181s] Level 5:colcon.colcon_core.verb:set package 'interbotix_xs_toolbox' build argument 'cmake_clean_first' from command line to 'False'
[0.181s] Level 5:colcon.colcon_core.verb:set package 'interbotix_xs_toolbox' build argument 'cmake_force_configure' from command line to 'False'
[0.181s] Level 5:colcon.colcon_core.verb:set package 'interbotix_xs_toolbox' build argument 'ament_cmake_args' from command line to 'None'
[0.181s] Level 5:colcon.colcon_core.verb:set package 'interbotix_xs_toolbox' build argument 'catkin_cmake_args' from command line to 'None'
[0.181s] Level 5:colcon.colcon_core.verb:set package 'interbotix_xs_toolbox' build argument 'catkin_skip_building_tests' from command line to 'False'
[0.181s] DEBUG:colcon.colcon_core.verb:Building package 'interbotix_xs_toolbox' with the following arguments: {'ament_cmake_args': None, 'build_base': '/workspace/koch_control/build/interbotix_xs_toolbox', 'catkin_cmake_args': None, 'catkin_skip_building_tests': False, 'cmake_args': None, 'cmake_clean_cache': False, 'cmake_clean_first': False, 'cmake_force_configure': False, 'cmake_target': None, 'cmake_target_skip_unavailable': False, 'install_base': '/workspace/koch_control/install/interbotix_xs_toolbox', 'merge_install': False, 'path': '/workspace/koch_control/interbotix_ros_toolboxes/interbotix_xs_toolbox/interbotix_xs_toolbox', 'symlink_install': True, 'test_result_base': None}
[0.181s] Level 5:colcon.colcon_core.verb:set package 'interbotix_xsarm_descriptions' build argument 'cmake_args' from command line to 'None'
[0.181s] Level 5:colcon.colcon_core.verb:set package 'interbotix_xsarm_descriptions' build argument 'cmake_target' from command line to 'None'
[0.181s] Level 5:colcon.colcon_core.verb:set package 'interbotix_xsarm_descriptions' build argument 'cmake_target_skip_unavailable' from command line to 'False'
[0.181s] Level 5:colcon.colcon_core.verb:set package 'interbotix_xsarm_descriptions' build argument 'cmake_clean_cache' from command line to 'False'
[0.181s] Level 5:colcon.colcon_core.verb:set package 'interbotix_xsarm_descriptions' build argument 'cmake_clean_first' from command line to 'False'
[0.181s] Level 5:colcon.colcon_core.verb:set package 'interbotix_xsarm_descriptions' build argument 'cmake_force_configure' from command line to 'False'
[0.181s] Level 5:colcon.colcon_core.verb:set package 'interbotix_xsarm_descriptions' build argument 'ament_cmake_args' from command line to 'None'
[0.181s] Level 5:colcon.colcon_core.verb:set package 'interbotix_xsarm_descriptions' build argument 'catkin_cmake_args' from command line to 'None'
[0.181s] Level 5:colcon.colcon_core.verb:set package 'interbotix_xsarm_descriptions' build argument 'catkin_skip_building_tests' from command line to 'False'
[0.181s] DEBUG:colcon.colcon_core.verb:Building package 'interbotix_xsarm_descriptions' with the following arguments: {'ament_cmake_args': None, 'build_base': '/workspace/koch_control/build/interbotix_xsarm_descriptions', 'catkin_cmake_args': None, 'catkin_skip_building_tests': False, 'cmake_args': None, 'cmake_clean_cache': False, 'cmake_clean_first': False, 'cmake_force_configure': False, 'cmake_target': None, 'cmake_target_skip_unavailable': False, 'install_base': '/workspace/koch_control/install/interbotix_xsarm_descriptions', 'merge_install': False, 'path': '/workspace/koch_control/interbotix_ros_manipulators/interbotix_ros_xsarms/interbotix_xsarm_descriptions', 'symlink_install': True, 'test_result_base': None}
[0.181s] Level 5:colcon.colcon_core.verb:set package 'interbotix_xsarm_control' build argument 'cmake_args' from command line to 'None'
[0.181s] Level 5:colcon.colcon_core.verb:set package 'interbotix_xsarm_control' build argument 'cmake_target' from command line to 'None'
[0.181s] Level 5:colcon.colcon_core.verb:set package 'interbotix_xsarm_control' build argument 'cmake_target_skip_unavailable' from command line to 'False'
[0.181s] Level 5:colcon.colcon_core.verb:set package 'interbotix_xsarm_control' build argument 'cmake_clean_cache' from command line to 'False'
[0.181s] Level 5:colcon.colcon_core.verb:set package 'interbotix_xsarm_control' build argument 'cmake_clean_first' from command line to 'False'
[0.181s] Level 5:colcon.colcon_core.verb:set package 'interbotix_xsarm_control' build argument 'cmake_force_configure' from command line to 'False'
[0.181s] Level 5:colcon.colcon_core.verb:set package 'interbotix_xsarm_control' build argument 'ament_cmake_args' from command line to 'None'
[0.181s] Level 5:colcon.colcon_core.verb:set package 'interbotix_xsarm_control' build argument 'catkin_cmake_args' from command line to 'None'
[0.181s] Level 5:colcon.colcon_core.verb:set package 'interbotix_xsarm_control' build argument 'catkin_skip_building_tests' from command line to 'False'
[0.181s] DEBUG:colcon.colcon_core.verb:Building package 'interbotix_xsarm_control' with the following arguments: {'ament_cmake_args': None, 'build_base': '/workspace/koch_control/build/interbotix_xsarm_control', 'catkin_cmake_args': None, 'catkin_skip_building_tests': False, 'cmake_args': None, 'cmake_clean_cache': False, 'cmake_clean_first': False, 'cmake_force_configure': False, 'cmake_target': None, 'cmake_target_skip_unavailable': False, 'install_base': '/workspace/koch_control/install/interbotix_xsarm_control', 'merge_install': False, 'path': '/workspace/koch_control/interbotix_ros_manipulators/interbotix_ros_xsarms/interbotix_xsarm_control', 'symlink_install': True, 'test_result_base': None}
[0.181s] Level 5:colcon.colcon_core.verb:set package 'interbotix_xsarm_sim' build argument 'cmake_args' from command line to 'None'
[0.181s] Level 5:colcon.colcon_core.verb:set package 'interbotix_xsarm_sim' build argument 'cmake_target' from command line to 'None'
[0.181s] Level 5:colcon.colcon_core.verb:set package 'interbotix_xsarm_sim' build argument 'cmake_target_skip_unavailable' from command line to 'False'
[0.181s] Level 5:colcon.colcon_core.verb:set package 'interbotix_xsarm_sim' build argument 'cmake_clean_cache' from command line to 'False'
[0.181s] Level 5:colcon.colcon_core.verb:set package 'interbotix_xsarm_sim' build argument 'cmake_clean_first' from command line to 'False'
[0.181s] Level 5:colcon.colcon_core.verb:set package 'interbotix_xsarm_sim' build argument 'cmake_force_configure' from command line to 'False'
[0.181s] Level 5:colcon.colcon_core.verb:set package 'interbotix_xsarm_sim' build argument 'ament_cmake_args' from command line to 'None'
[0.181s] Level 5:colcon.colcon_core.verb:set package 'interbotix_xsarm_sim' build argument 'catkin_cmake_args' from command line to 'None'
[0.181s] Level 5:colcon.colcon_core.verb:set package 'interbotix_xsarm_sim' build argument 'catkin_skip_building_tests' from command line to 'False'
[0.181s] DEBUG:colcon.colcon_core.verb:Building package 'interbotix_xsarm_sim' with the following arguments: {'ament_cmake_args': None, 'build_base': '/workspace/koch_control/build/interbotix_xsarm_sim', 'catkin_cmake_args': None, 'catkin_skip_building_tests': False, 'cmake_args': None, 'cmake_clean_cache': False, 'cmake_clean_first': False, 'cmake_force_configure': False, 'cmake_target': None, 'cmake_target_skip_unavailable': False, 'install_base': '/workspace/koch_control/install/interbotix_xsarm_sim', 'merge_install': False, 'path': '/workspace/koch_control/interbotix_ros_manipulators/interbotix_ros_xsarms/interbotix_xsarm_sim', 'symlink_install': True, 'test_result_base': None}
[0.181s] Level 5:colcon.colcon_core.verb:set package 'interbotix_xsarm_dual' build argument 'cmake_args' from command line to 'None'
[0.181s] Level 5:colcon.colcon_core.verb:set package 'interbotix_xsarm_dual' build argument 'cmake_target' from command line to 'None'
[0.181s] Level 5:colcon.colcon_core.verb:set package 'interbotix_xsarm_dual' build argument 'cmake_target_skip_unavailable' from command line to 'False'
[0.181s] Level 5:colcon.colcon_core.verb:set package 'interbotix_xsarm_dual' build argument 'cmake_clean_cache' from command line to 'False'
[0.181s] Level 5:colcon.colcon_core.verb:set package 'interbotix_xsarm_dual' build argument 'cmake_clean_first' from command line to 'False'
[0.181s] Level 5:colcon.colcon_core.verb:set package 'interbotix_xsarm_dual' build argument 'cmake_force_configure' from command line to 'False'
[0.181s] Level 5:colcon.colcon_core.verb:set package 'interbotix_xsarm_dual' build argument 'ament_cmake_args' from command line to 'None'
[0.181s] Level 5:colcon.colcon_core.verb:set package 'interbotix_xsarm_dual' build argument 'catkin_cmake_args' from command line to 'None'
[0.181s] Level 5:colcon.colcon_core.verb:set package 'interbotix_xsarm_dual' build argument 'catkin_skip_building_tests' from command line to 'False'
[0.181s] DEBUG:colcon.colcon_core.verb:Building package 'interbotix_xsarm_dual' with the following arguments: {'ament_cmake_args': None, 'build_base': '/workspace/koch_control/build/interbotix_xsarm_dual', 'catkin_cmake_args': None, 'catkin_skip_building_tests': False, 'cmake_args': None, 'cmake_clean_cache': False, 'cmake_clean_first': False, 'cmake_force_configure': False, 'cmake_target': None, 'cmake_target_skip_unavailable': False, 'install_base': '/workspace/koch_control/install/interbotix_xsarm_dual', 'merge_install': False, 'path': '/workspace/koch_control/interbotix_ros_manipulators/interbotix_ros_xsarms/examples/interbotix_xsarm_dual', 'symlink_install': True, 'test_result_base': None}
[0.182s] Level 5:colcon.colcon_core.verb:set package 'interbotix_xsarm_gravity_compensation' build argument 'cmake_args' from command line to 'None'
[0.182s] Level 5:colcon.colcon_core.verb:set package 'interbotix_xsarm_gravity_compensation' build argument 'cmake_target' from command line to 'None'
[0.182s] Level 5:colcon.colcon_core.verb:set package 'interbotix_xsarm_gravity_compensation' build argument 'cmake_target_skip_unavailable' from command line to 'False'
[0.182s] Level 5:colcon.colcon_core.verb:set package 'interbotix_xsarm_gravity_compensation' build argument 'cmake_clean_cache' from command line to 'False'
[0.182s] Level 5:colcon.colcon_core.verb:set package 'interbotix_xsarm_gravity_compensation' build argument 'cmake_clean_first' from command line to 'False'
[0.182s] Level 5:colcon.colcon_core.verb:set package 'interbotix_xsarm_gravity_compensation' build argument 'cmake_force_configure' from command line to 'False'
[0.182s] Level 5:colcon.colcon_core.verb:set package 'interbotix_xsarm_gravity_compensation' build argument 'ament_cmake_args' from command line to 'None'
[0.182s] Level 5:colcon.colcon_core.verb:set package 'interbotix_xsarm_gravity_compensation' build argument 'catkin_cmake_args' from command line to 'None'
[0.182s] Level 5:colcon.colcon_core.verb:set package 'interbotix_xsarm_gravity_compensation' build argument 'catkin_skip_building_tests' from command line to 'False'
[0.182s] DEBUG:colcon.colcon_core.verb:Building package 'interbotix_xsarm_gravity_compensation' with the following arguments: {'ament_cmake_args': None, 'build_base': '/workspace/koch_control/build/interbotix_xsarm_gravity_compensation', 'catkin_cmake_args': None, 'catkin_skip_building_tests': False, 'cmake_args': None, 'cmake_clean_cache': False, 'cmake_clean_first': False, 'cmake_force_configure': False, 'cmake_target': None, 'cmake_target_skip_unavailable': False, 'install_base': '/workspace/koch_control/install/interbotix_xsarm_gravity_compensation', 'merge_install': False, 'path': '/workspace/koch_control/interbotix_ros_manipulators/interbotix_ros_xsarms/examples/interbotix_xsarm_gravity_compensation', 'symlink_install': True, 'test_result_base': None}
[0.182s] Level 5:colcon.colcon_core.verb:set package 'interbotix_xsarm_joy' build argument 'cmake_args' from command line to 'None'
[0.182s] Level 5:colcon.colcon_core.verb:set package 'interbotix_xsarm_joy' build argument 'cmake_target' from command line to 'None'
[0.182s] Level 5:colcon.colcon_core.verb:set package 'interbotix_xsarm_joy' build argument 'cmake_target_skip_unavailable' from command line to 'False'
[0.182s] Level 5:colcon.colcon_core.verb:set package 'interbotix_xsarm_joy' build argument 'cmake_clean_cache' from command line to 'False'
[0.182s] Level 5:colcon.colcon_core.verb:set package 'interbotix_xsarm_joy' build argument 'cmake_clean_first' from command line to 'False'
[0.182s] Level 5:colcon.colcon_core.verb:set package 'interbotix_xsarm_joy' build argument 'cmake_force_configure' from command line to 'False'
[0.182s] Level 5:colcon.colcon_core.verb:set package 'interbotix_xsarm_joy' build argument 'ament_cmake_args' from command line to 'None'
[0.182s] Level 5:colcon.colcon_core.verb:set package 'interbotix_xsarm_joy' build argument 'catkin_cmake_args' from command line to 'None'
[0.182s] Level 5:colcon.colcon_core.verb:set package 'interbotix_xsarm_joy' build argument 'catkin_skip_building_tests' from command line to 'False'
[0.182s] DEBUG:colcon.colcon_core.verb:Building package 'interbotix_xsarm_joy' with the following arguments: {'ament_cmake_args': None, 'build_base': '/workspace/koch_control/build/interbotix_xsarm_joy', 'catkin_cmake_args': None, 'catkin_skip_building_tests': False, 'cmake_args': None, 'cmake_clean_cache': False, 'cmake_clean_first': False, 'cmake_force_configure': False, 'cmake_target': None, 'cmake_target_skip_unavailable': False, 'install_base': '/workspace/koch_control/install/interbotix_xsarm_joy', 'merge_install': False, 'path': '/workspace/koch_control/interbotix_ros_manipulators/interbotix_ros_xsarms/examples/interbotix_xsarm_joy', 'symlink_install': True, 'test_result_base': None}
[0.182s] Level 5:colcon.colcon_core.verb:set package 'interbotix_xsarm_puppet' build argument 'cmake_args' from command line to 'None'
[0.182s] Level 5:colcon.colcon_core.verb:set package 'interbotix_xsarm_puppet' build argument 'cmake_target' from command line to 'None'
[0.182s] Level 5:colcon.colcon_core.verb:set package 'interbotix_xsarm_puppet' build argument 'cmake_target_skip_unavailable' from command line to 'False'
[0.182s] Level 5:colcon.colcon_core.verb:set package 'interbotix_xsarm_puppet' build argument 'cmake_clean_cache' from command line to 'False'
[0.182s] Level 5:colcon.colcon_core.verb:set package 'interbotix_xsarm_puppet' build argument 'cmake_clean_first' from command line to 'False'
[0.182s] Level 5:colcon.colcon_core.verb:set package 'interbotix_xsarm_puppet' build argument 'cmake_force_configure' from command line to 'False'
[0.182s] Level 5:colcon.colcon_core.verb:set package 'interbotix_xsarm_puppet' build argument 'ament_cmake_args' from command line to 'None'
[0.182s] Level 5:colcon.colcon_core.verb:set package 'interbotix_xsarm_puppet' build argument 'catkin_cmake_args' from command line to 'None'
[0.182s] Level 5:colcon.colcon_core.verb:set package 'interbotix_xsarm_puppet' build argument 'catkin_skip_building_tests' from command line to 'False'
[0.182s] DEBUG:colcon.colcon_core.verb:Building package 'interbotix_xsarm_puppet' with the following arguments: {'ament_cmake_args': None, 'build_base': '/workspace/koch_control/build/interbotix_xsarm_puppet', 'catkin_cmake_args': None, 'catkin_skip_building_tests': False, 'cmake_args': None, 'cmake_clean_cache': False, 'cmake_clean_first': False, 'cmake_force_configure': False, 'cmake_target': None, 'cmake_target_skip_unavailable': False, 'install_base': '/workspace/koch_control/install/interbotix_xsarm_puppet', 'merge_install': False, 'path': '/workspace/koch_control/interbotix_ros_manipulators/interbotix_ros_xsarms/examples/interbotix_xsarm_puppet', 'symlink_install': True, 'test_result_base': None}
[0.182s] Level 5:colcon.colcon_core.verb:set package 'interbotix_xsarm_ros_control' build argument 'cmake_args' from command line to 'None'
[0.182s] Level 5:colcon.colcon_core.verb:set package 'interbotix_xsarm_ros_control' build argument 'cmake_target' from command line to 'None'
[0.182s] Level 5:colcon.colcon_core.verb:set package 'interbotix_xsarm_ros_control' build argument 'cmake_target_skip_unavailable' from command line to 'False'
[0.182s] Level 5:colcon.colcon_core.verb:set package 'interbotix_xsarm_ros_control' build argument 'cmake_clean_cache' from command line to 'False'
[0.182s] Level 5:colcon.colcon_core.verb:set package 'interbotix_xsarm_ros_control' build argument 'cmake_clean_first' from command line to 'False'
[0.182s] Level 5:colcon.colcon_core.verb:set package 'interbotix_xsarm_ros_control' build argument 'cmake_force_configure' from command line to 'False'
[0.182s] Level 5:colcon.colcon_core.verb:set package 'interbotix_xsarm_ros_control' build argument 'ament_cmake_args' from command line to 'None'
[0.182s] Level 5:colcon.colcon_core.verb:set package 'interbotix_xsarm_ros_control' build argument 'catkin_cmake_args' from command line to 'None'
[0.182s] Level 5:colcon.colcon_core.verb:set package 'interbotix_xsarm_ros_control' build argument 'catkin_skip_building_tests' from command line to 'False'
[0.182s] DEBUG:colcon.colcon_core.verb:Building package 'interbotix_xsarm_ros_control' with the following arguments: {'ament_cmake_args': None, 'build_base': '/workspace/koch_control/build/interbotix_xsarm_ros_control', 'catkin_cmake_args': None, 'catkin_skip_building_tests': False, 'cmake_args': None, 'cmake_clean_cache': False, 'cmake_clean_first': False, 'cmake_force_configure': False, 'cmake_target': None, 'cmake_target_skip_unavailable': False, 'install_base': '/workspace/koch_control/install/interbotix_xsarm_ros_control', 'merge_install': False, 'path': '/workspace/koch_control/interbotix_ros_manipulators/interbotix_ros_xsarms/interbotix_xsarm_ros_control', 'symlink_install': True, 'test_result_base': None}
[0.182s] Level 5:colcon.colcon_core.verb:set package 'interbotix_ros_xsarms' build argument 'cmake_args' from command line to 'None'
[0.182s] Level 5:colcon.colcon_core.verb:set package 'interbotix_ros_xsarms' build argument 'cmake_target' from command line to 'None'
[0.182s] Level 5:colcon.colcon_core.verb:set package 'interbotix_ros_xsarms' build argument 'cmake_target_skip_unavailable' from command line to 'False'
[0.182s] Level 5:colcon.colcon_core.verb:set package 'interbotix_ros_xsarms' build argument 'cmake_clean_cache' from command line to 'False'
[0.182s] Level 5:colcon.colcon_core.verb:set package 'interbotix_ros_xsarms' build argument 'cmake_clean_first' from command line to 'False'
[0.182s] Level 5:colcon.colcon_core.verb:set package 'interbotix_ros_xsarms' build argument 'cmake_force_configure' from command line to 'False'
[0.182s] Level 5:colcon.colcon_core.verb:set package 'interbotix_ros_xsarms' build argument 'ament_cmake_args' from command line to 'None'
[0.182s] Level 5:colcon.colcon_core.verb:set package 'interbotix_ros_xsarms' build argument 'catkin_cmake_args' from command line to 'None'
[0.182s] Level 5:colcon.colcon_core.verb:set package 'interbotix_ros_xsarms' build argument 'catkin_skip_building_tests' from command line to 'False'
[0.182s] DEBUG:colcon.colcon_core.verb:Building package 'interbotix_ros_xsarms' with the following arguments: {'ament_cmake_args': None, 'build_base': '/workspace/koch_control/build/interbotix_ros_xsarms', 'catkin_cmake_args': None, 'catkin_skip_building_tests': False, 'cmake_args': None, 'cmake_clean_cache': False, 'cmake_clean_first': False, 'cmake_force_configure': False, 'cmake_target': None, 'cmake_target_skip_unavailable': False, 'install_base': '/workspace/koch_control/install/interbotix_ros_xsarms', 'merge_install': False, 'path': '/workspace/koch_control/interbotix_ros_manipulators/interbotix_ros_xsarms/interbotix_ros_xsarms', 'symlink_install': True, 'test_result_base': None}
[0.183s] Level 5:colcon.colcon_core.verb:set package 'interbotix_xsarm_moveit_interface' build argument 'cmake_args' from command line to 'None'
[0.183s] Level 5:colcon.colcon_core.verb:set package 'interbotix_xsarm_moveit_interface' build argument 'cmake_target' from command line to 'None'
[0.183s] Level 5:colcon.colcon_core.verb:set package 'interbotix_xsarm_moveit_interface' build argument 'cmake_target_skip_unavailable' from command line to 'False'
[0.183s] Level 5:colcon.colcon_core.verb:set package 'interbotix_xsarm_moveit_interface' build argument 'cmake_clean_cache' from command line to 'False'
[0.183s] Level 5:colcon.colcon_core.verb:set package 'interbotix_xsarm_moveit_interface' build argument 'cmake_clean_first' from command line to 'False'
[0.183s] Level 5:colcon.colcon_core.verb:set package 'interbotix_xsarm_moveit_interface' build argument 'cmake_force_configure' from command line to 'False'
[0.183s] Level 5:colcon.colcon_core.verb:set package 'interbotix_xsarm_moveit_interface' build argument 'ament_cmake_args' from command line to 'None'
[0.183s] Level 5:colcon.colcon_core.verb:set package 'interbotix_xsarm_moveit_interface' build argument 'catkin_cmake_args' from command line to 'None'
[0.183s] Level 5:colcon.colcon_core.verb:set package 'interbotix_xsarm_moveit_interface' build argument 'catkin_skip_building_tests' from command line to 'False'
[0.183s] DEBUG:colcon.colcon_core.verb:Building package 'interbotix_xsarm_moveit_interface' with the following arguments: {'ament_cmake_args': None, 'build_base': '/workspace/koch_control/build/interbotix_xsarm_moveit_interface', 'catkin_cmake_args': None, 'catkin_skip_building_tests': False, 'cmake_args': None, 'cmake_clean_cache': False, 'cmake_clean_first': False, 'cmake_force_configure': False, 'cmake_target': None, 'cmake_target_skip_unavailable': False, 'install_base': '/workspace/koch_control/install/interbotix_xsarm_moveit_interface', 'merge_install': False, 'path': '/workspace/koch_control/interbotix_ros_manipulators/interbotix_ros_xsarms/examples/interbotix_xsarm_moveit_interface', 'symlink_install': True, 'test_result_base': None}
[0.183s] Level 5:colcon.colcon_core.verb:set package 'interbotix_ros_xsarms_examples' build argument 'cmake_args' from command line to 'None'
[0.183s] Level 5:colcon.colcon_core.verb:set package 'interbotix_ros_xsarms_examples' build argument 'cmake_target' from command line to 'None'
[0.183s] Level 5:colcon.colcon_core.verb:set package 'interbotix_ros_xsarms_examples' build argument 'cmake_target_skip_unavailable' from command line to 'False'
[0.183s] Level 5:colcon.colcon_core.verb:set package 'interbotix_ros_xsarms_examples' build argument 'cmake_clean_cache' from command line to 'False'
[0.183s] Level 5:colcon.colcon_core.verb:set package 'interbotix_ros_xsarms_examples' build argument 'cmake_clean_first' from command line to 'False'
[0.183s] Level 5:colcon.colcon_core.verb:set package 'interbotix_ros_xsarms_examples' build argument 'cmake_force_configure' from command line to 'False'
[0.183s] Level 5:colcon.colcon_core.verb:set package 'interbotix_ros_xsarms_examples' build argument 'ament_cmake_args' from command line to 'None'
[0.183s] Level 5:colcon.colcon_core.verb:set package 'interbotix_ros_xsarms_examples' build argument 'catkin_cmake_args' from command line to 'None'
[0.183s] Level 5:colcon.colcon_core.verb:set package 'interbotix_ros_xsarms_examples' build argument 'catkin_skip_building_tests' from command line to 'False'
[0.183s] DEBUG:colcon.colcon_core.verb:Building package 'interbotix_ros_xsarms_examples' with the following arguments: {'ament_cmake_args': None, 'build_base': '/workspace/koch_control/build/interbotix_ros_xsarms_examples', 'catkin_cmake_args': None, 'catkin_skip_building_tests': False, 'cmake_args': None, 'cmake_clean_cache': False, 'cmake_clean_first': False, 'cmake_force_configure': False, 'cmake_target': None, 'cmake_target_skip_unavailable': False, 'install_base': '/workspace/koch_control/install/interbotix_ros_xsarms_examples', 'merge_install': False, 'path': '/workspace/koch_control/interbotix_ros_manipulators/interbotix_ros_xsarms/examples/interbotix_ros_xsarms_examples', 'symlink_install': True, 'test_result_base': None}
[0.183s] INFO:colcon.colcon_core.executor:Executing jobs using 'parallel' executor
[0.184s] DEBUG:colcon.colcon_parallel_executor.executor.parallel:run_until_complete
[0.184s] INFO:colcon.colcon_ros.task.ament_cmake.build:Building ROS package in '/workspace/koch_control/interbotix_ros_core/interbotix_ros_xseries/interbotix_xs_msgs' with build type 'ament_cmake'
[0.184s] INFO:colcon.colcon_cmake.task.cmake.build:Building CMake package in '/workspace/koch_control/interbotix_ros_core/interbotix_ros_xseries/interbotix_xs_msgs'
[0.185s] INFO:colcon.colcon_core.plugin_system:Skipping extension 'colcon_core.shell.bat': Not used on non-Windows systems
[0.185s] INFO:colcon.colcon_core.shell:Skip shell extension 'powershell' for command environment: Not usable outside of PowerShell
[0.185s] DEBUG:colcon.colcon_core.shell:Skip shell extension 'dsv' for command environment
[0.187s] INFO:colcon.colcon_ros.task.ament_cmake.build:Building ROS package in '/workspace/koch_control/interbotix_ros_core/interbotix_ros_xseries/dynamixel_workbench_toolbox' with build type 'ament_cmake'
[0.187s] INFO:colcon.colcon_cmake.task.cmake.build:Building CMake package in '/workspace/koch_control/interbotix_ros_core/interbotix_ros_xseries/dynamixel_workbench_toolbox'
[0.187s] INFO:colcon.colcon_core.shell:Skip shell extension 'powershell' for command environment: Not usable outside of PowerShell
[0.187s] DEBUG:colcon.colcon_core.shell:Skip shell extension 'dsv' for command environment
[0.188s] INFO:colcon.colcon_ros.task.ament_python.build:Building ROS package in '/workspace/koch_control/interbotix_ros_toolboxes/interbotix_common_toolbox/interbotix_common_modules' with build type 'ament_python'
[0.188s] Level 1:colcon.colcon_core.shell:create_environment_hook('interbotix_common_modules', 'ament_prefix_path')
[0.189s] INFO:colcon.colcon_core.shell:Creating environment hook '/workspace/koch_control/install/interbotix_common_modules/share/interbotix_common_modules/hook/ament_prefix_path.ps1'
[0.189s] INFO:colcon.colcon_core.shell:Creating environment descriptor '/workspace/koch_control/install/interbotix_common_modules/share/interbotix_common_modules/hook/ament_prefix_path.dsv'
[0.189s] INFO:colcon.colcon_core.shell:Creating environment hook '/workspace/koch_control/install/interbotix_common_modules/share/interbotix_common_modules/hook/ament_prefix_path.sh'
[0.189s] INFO:colcon.colcon_core.shell:Skip shell extension 'powershell' for command environment: Not usable outside of PowerShell
[0.189s] DEBUG:colcon.colcon_core.shell:Skip shell extension 'dsv' for command environment
[0.190s] INFO:colcon.colcon_ros.task.ament_cmake.build:Building ROS package in '/workspace/koch_control/interbotix_ros_toolboxes/interbotix_common_toolbox/interbotix_common_sim' with build type 'ament_cmake'
[0.190s] INFO:colcon.colcon_cmake.task.cmake.build:Building CMake package in '/workspace/koch_control/interbotix_ros_toolboxes/interbotix_common_toolbox/interbotix_common_sim'
[0.191s] INFO:colcon.colcon_core.shell:Skip shell extension 'powershell' for command environment: Not usable outside of PowerShell
[0.191s] DEBUG:colcon.colcon_core.shell:Skip shell extension 'dsv' for command environment
[0.192s] INFO:colcon.colcon_ros.task.ament_cmake.build:Building ROS package in '/workspace/koch_control/interbotix_ros_toolboxes/interbotix_common_toolbox/interbotix_tf_tools' with build type 'ament_cmake'
[0.192s] INFO:colcon.colcon_cmake.task.cmake.build:Building CMake package in '/workspace/koch_control/interbotix_ros_toolboxes/interbotix_common_toolbox/interbotix_tf_tools'
[0.192s] INFO:colcon.colcon_core.shell:Skip shell extension 'powershell' for command environment: Not usable outside of PowerShell
[0.192s] DEBUG:colcon.colcon_core.shell:Skip shell extension 'dsv' for command environment
[0.196s] DEBUG:colcon.colcon_core.event_handler.log_command:Invoking command in '/workspace/koch_control/build/interbotix_xs_msgs': CMAKE_PREFIX_PATH=/opt/ros/humble /usr/bin/cmake --build /workspace/koch_control/build/interbotix_xs_msgs -- -j32 -l32
[0.197s] DEBUG:colcon.colcon_core.event_handler.log_command:Invoking command in '/workspace/koch_control/build/dynamixel_workbench_toolbox': CMAKE_PREFIX_PATH=/opt/ros/humble /usr/bin/cmake --build /workspace/koch_control/build/dynamixel_workbench_toolbox -- -j32 -l32
[0.300s] INFO:colcon.colcon_core.task.python.build:Building Python package in '/workspace/koch_control/interbotix_ros_toolboxes/interbotix_common_toolbox/interbotix_common_modules'
[0.300s] INFO:colcon.colcon_core.shell:Skip shell extension 'powershell' for command environment: Not usable outside of PowerShell
[0.300s] DEBUG:colcon.colcon_core.shell:Skip shell extension 'dsv' for command environment
[0.303s] DEBUG:colcon.colcon_core.event_handler.log_command:Invoking command in '/workspace/koch_control/build/interbotix_common_sim': CMAKE_PREFIX_PATH=/opt/ros/humble /usr/bin/cmake --build /workspace/koch_control/build/interbotix_common_sim -- -j32 -l32
[0.306s] DEBUG:colcon.colcon_core.event_handler.log_command:Invoking command in '/workspace/koch_control/build/interbotix_tf_tools': CMAKE_PREFIX_PATH=/opt/ros/humble /usr/bin/cmake --build /workspace/koch_control/build/interbotix_tf_tools -- -j32 -l32
[0.319s] DEBUG:colcon.colcon_core.event_handler.log_command:Invoked command in '/workspace/koch_control/build/interbotix_common_sim' returned '0': CMAKE_PREFIX_PATH=/opt/ros/humble /usr/bin/cmake --build /workspace/koch_control/build/interbotix_common_sim -- -j32 -l32
[0.323s] DEBUG:colcon.colcon_core.event_handler.log_command:Invoking command in '/workspace/koch_control/build/interbotix_common_sim': CMAKE_PREFIX_PATH=/opt/ros/humble /usr/bin/cmake --install /workspace/koch_control/build/interbotix_common_sim
[0.410s] DEBUG:colcon.colcon_core.event_handler.log_command:Invoked command in '/workspace/koch_control/build/dynamixel_workbench_toolbox' returned '0': CMAKE_PREFIX_PATH=/opt/ros/humble /usr/bin/cmake --build /workspace/koch_control/build/dynamixel_workbench_toolbox -- -j32 -l32
[0.411s] DEBUG:colcon.colcon_core.event_handler.log_command:Invoking command in '/workspace/koch_control/build/dynamixel_workbench_toolbox': CMAKE_PREFIX_PATH=/opt/ros/humble /usr/bin/cmake --install /workspace/koch_control/build/dynamixel_workbench_toolbox
[0.428s] Level 1:colcon.colcon_core.environment:create_environment_scripts_only(interbotix_common_sim)
[0.429s] DEBUG:colcon.colcon_core.event_handler.log_command:Invoked command in '/workspace/koch_control/build/interbotix_common_sim' returned '0': CMAKE_PREFIX_PATH=/opt/ros/humble /usr/bin/cmake --install /workspace/koch_control/build/interbotix_common_sim
[0.430s] Level 1:colcon.colcon_core.environment:checking '/workspace/koch_control/install/interbotix_common_sim' for CMake module files
[0.430s] Level 1:colcon.colcon_core.environment:checking '/workspace/koch_control/install/interbotix_common_sim' for CMake config files
[0.430s] Level 1:colcon.colcon_core.shell:create_environment_hook('interbotix_common_sim', 'cmake_prefix_path')
[0.430s] INFO:colcon.colcon_core.shell:Creating environment hook '/workspace/koch_control/install/interbotix_common_sim/share/interbotix_common_sim/hook/cmake_prefix_path.ps1'
[0.431s] INFO:colcon.colcon_core.shell:Creating environment descriptor '/workspace/koch_control/install/interbotix_common_sim/share/interbotix_common_sim/hook/cmake_prefix_path.dsv'
[0.431s] INFO:colcon.colcon_core.shell:Creating environment hook '/workspace/koch_control/install/interbotix_common_sim/share/interbotix_common_sim/hook/cmake_prefix_path.sh'
[0.431s] Level 1:colcon.colcon_core.environment:checking '/workspace/koch_control/install/interbotix_common_sim/bin'
[0.431s] Level 1:colcon.colcon_core.environment:checking '/workspace/koch_control/install/interbotix_common_sim/lib/pkgconfig/interbotix_common_sim.pc'
[0.431s] Level 1:colcon.colcon_core.environment:checking '/workspace/koch_control/install/interbotix_common_sim/lib/python3.10/site-packages'
[0.432s] Level 1:colcon.colcon_core.environment:checking '/workspace/koch_control/install/interbotix_common_sim/bin'
[0.432s] INFO:colcon.colcon_core.shell:Creating package script '/workspace/koch_control/install/interbotix_common_sim/share/interbotix_common_sim/package.ps1'
[0.432s] INFO:colcon.colcon_core.shell:Creating package descriptor '/workspace/koch_control/install/interbotix_common_sim/share/interbotix_common_sim/package.dsv'
[0.433s] INFO:colcon.colcon_core.shell:Creating package script '/workspace/koch_control/install/interbotix_common_sim/share/interbotix_common_sim/package.sh'
[0.433s] INFO:colcon.colcon_core.shell:Creating package script '/workspace/koch_control/install/interbotix_common_sim/share/interbotix_common_sim/package.bash'
[0.433s] INFO:colcon.colcon_core.shell:Creating package script '/workspace/koch_control/install/interbotix_common_sim/share/interbotix_common_sim/package.zsh'
[0.433s] Level 1:colcon.colcon_core.environment:create_file_with_runtime_dependencies(/workspace/koch_control/install/interbotix_common_sim/share/colcon-core/packages/interbotix_common_sim)
[0.434s] Level 1:colcon.colcon_core.environment:create_environment_scripts_only(interbotix_common_sim)
[0.434s] Level 1:colcon.colcon_core.environment:checking '/workspace/koch_control/install/interbotix_common_sim' for CMake module files
[0.434s] Level 1:colcon.colcon_core.environment:checking '/workspace/koch_control/install/interbotix_common_sim' for CMake config files
[0.434s] Level 1:colcon.colcon_core.shell:create_environment_hook('interbotix_common_sim', 'cmake_prefix_path')
[0.434s] INFO:colcon.colcon_core.shell:Creating environment hook '/workspace/koch_control/install/interbotix_common_sim/share/interbotix_common_sim/hook/cmake_prefix_path.ps1'
[0.435s] INFO:colcon.colcon_core.shell:Creating environment descriptor '/workspace/koch_control/install/interbotix_common_sim/share/interbotix_common_sim/hook/cmake_prefix_path.dsv'
[0.435s] INFO:colcon.colcon_core.shell:Creating environment hook '/workspace/koch_control/install/interbotix_common_sim/share/interbotix_common_sim/hook/cmake_prefix_path.sh'
[0.435s] Level 1:colcon.colcon_core.environment:checking '/workspace/koch_control/install/interbotix_common_sim/bin'
[0.435s] Level 1:colcon.colcon_core.environment:checking '/workspace/koch_control/install/interbotix_common_sim/lib/pkgconfig/interbotix_common_sim.pc'
[0.435s] Level 1:colcon.colcon_core.environment:checking '/workspace/koch_control/install/interbotix_common_sim/lib/python3.10/site-packages'
[0.435s] Level 1:colcon.colcon_core.environment:checking '/workspace/koch_control/install/interbotix_common_sim/bin'
[0.435s] INFO:colcon.colcon_core.shell:Creating package script '/workspace/koch_control/install/interbotix_common_sim/share/interbotix_common_sim/package.ps1'
[0.436s] INFO:colcon.colcon_core.shell:Creating package descriptor '/workspace/koch_control/install/interbotix_common_sim/share/interbotix_common_sim/package.dsv'
[0.436s] INFO:colcon.colcon_core.shell:Creating package script '/workspace/koch_control/install/interbotix_common_sim/share/interbotix_common_sim/package.sh'
[0.436s] INFO:colcon.colcon_core.shell:Creating package script '/workspace/koch_control/install/interbotix_common_sim/share/interbotix_common_sim/package.bash'
[0.436s] INFO:colcon.colcon_core.shell:Creating package script '/workspace/koch_control/install/interbotix_common_sim/share/interbotix_common_sim/package.zsh'
[0.436s] Level 1:colcon.colcon_core.environment:create_file_with_runtime_dependencies(/workspace/koch_control/install/interbotix_common_sim/share/colcon-core/packages/interbotix_common_sim)
[0.453s] DEBUG:colcon.colcon_core.event_handler.log_command:Invoking command in '/workspace/koch_control/build/interbotix_common_modules': PYTHONPATH=/workspace/koch_control/build/interbotix_common_modules/prefix_override:/usr/lib/python3/dist-packages/colcon_core/task/python/colcon_distutils_commands:/workspace/koch_control/install/interbotix_common_modules/lib/python3.10/site-packages:${PYTHONPATH} /usr/bin/python3 -W ignore:setup.py install is deprecated -W ignore:easy_install command is deprecated setup.py develop --editable --build-directory /workspace/koch_control/build/interbotix_common_modules/build --no-deps symlink_data
[0.505s] Level 1:colcon.colcon_core.environment:create_environment_scripts_only(dynamixel_workbench_toolbox)
[0.505s] Level 1:colcon.colcon_core.environment:checking '/workspace/koch_control/install/dynamixel_workbench_toolbox' for CMake module files
[0.505s] DEBUG:colcon.colcon_core.event_handler.log_command:Invoked command in '/workspace/koch_control/build/dynamixel_workbench_toolbox' returned '0': CMAKE_PREFIX_PATH=/opt/ros/humble /usr/bin/cmake --install /workspace/koch_control/build/dynamixel_workbench_toolbox
[0.505s] Level 1:colcon.colcon_core.environment:checking '/workspace/koch_control/install/dynamixel_workbench_toolbox' for CMake config files
[0.506s] Level 1:colcon.colcon_core.shell:create_environment_hook('dynamixel_workbench_toolbox', 'cmake_prefix_path')
[0.506s] INFO:colcon.colcon_core.shell:Creating environment hook '/workspace/koch_control/install/dynamixel_workbench_toolbox/share/dynamixel_workbench_toolbox/hook/cmake_prefix_path.ps1'
[0.506s] INFO:colcon.colcon_core.shell:Creating environment descriptor '/workspace/koch_control/install/dynamixel_workbench_toolbox/share/dynamixel_workbench_toolbox/hook/cmake_prefix_path.dsv'
[0.506s] INFO:colcon.colcon_core.shell:Creating environment hook '/workspace/koch_control/install/dynamixel_workbench_toolbox/share/dynamixel_workbench_toolbox/hook/cmake_prefix_path.sh'
[0.506s] Level 1:colcon.colcon_core.environment:checking '/workspace/koch_control/install/dynamixel_workbench_toolbox/lib'
[0.507s] Level 1:colcon.colcon_core.shell:create_environment_hook('dynamixel_workbench_toolbox', 'ld_library_path_lib')
[0.507s] INFO:colcon.colcon_core.shell:Creating environment hook '/workspace/koch_control/install/dynamixel_workbench_toolbox/share/dynamixel_workbench_toolbox/hook/ld_library_path_lib.ps1'
[0.507s] INFO:colcon.colcon_core.shell:Creating environment descriptor '/workspace/koch_control/install/dynamixel_workbench_toolbox/share/dynamixel_workbench_toolbox/hook/ld_library_path_lib.dsv'
[0.507s] INFO:colcon.colcon_core.shell:Creating environment hook '/workspace/koch_control/install/dynamixel_workbench_toolbox/share/dynamixel_workbench_toolbox/hook/ld_library_path_lib.sh'
[0.507s] Level 1:colcon.colcon_core.environment:checking '/workspace/koch_control/install/dynamixel_workbench_toolbox/bin'
[0.507s] Level 1:colcon.colcon_core.environment:checking '/workspace/koch_control/install/dynamixel_workbench_toolbox/lib/pkgconfig/dynamixel_workbench_toolbox.pc'
[0.507s] Level 1:colcon.colcon_core.environment:checking '/workspace/koch_control/install/dynamixel_workbench_toolbox/lib/python3.10/site-packages'
[0.507s] Level 1:colcon.colcon_core.environment:checking '/workspace/koch_control/install/dynamixel_workbench_toolbox/bin'
[0.507s] INFO:colcon.colcon_core.shell:Creating package script '/workspace/koch_control/install/dynamixel_workbench_toolbox/share/dynamixel_workbench_toolbox/package.ps1'
[0.508s] INFO:colcon.colcon_core.shell:Creating package descriptor '/workspace/koch_control/install/dynamixel_workbench_toolbox/share/dynamixel_workbench_toolbox/package.dsv'
[0.508s] INFO:colcon.colcon_core.shell:Creating package script '/workspace/koch_control/install/dynamixel_workbench_toolbox/share/dynamixel_workbench_toolbox/package.sh'
[0.508s] INFO:colcon.colcon_core.shell:Creating package script '/workspace/koch_control/install/dynamixel_workbench_toolbox/share/dynamixel_workbench_toolbox/package.bash'
[0.508s] INFO:colcon.colcon_core.shell:Creating package script '/workspace/koch_control/install/dynamixel_workbench_toolbox/share/dynamixel_workbench_toolbox/package.zsh'
[0.508s] Level 1:colcon.colcon_core.environment:create_file_with_runtime_dependencies(/workspace/koch_control/install/dynamixel_workbench_toolbox/share/colcon-core/packages/dynamixel_workbench_toolbox)
[0.508s] Level 1:colcon.colcon_core.environment:create_environment_scripts_only(dynamixel_workbench_toolbox)
[0.509s] Level 1:colcon.colcon_core.environment:checking '/workspace/koch_control/install/dynamixel_workbench_toolbox' for CMake module files
[0.509s] Level 1:colcon.colcon_core.environment:checking '/workspace/koch_control/install/dynamixel_workbench_toolbox' for CMake config files
[0.509s] Level 1:colcon.colcon_core.shell:create_environment_hook('dynamixel_workbench_toolbox', 'cmake_prefix_path')
[0.509s] INFO:colcon.colcon_core.shell:Creating environment hook '/workspace/koch_control/install/dynamixel_workbench_toolbox/share/dynamixel_workbench_toolbox/hook/cmake_prefix_path.ps1'
[0.509s] INFO:colcon.colcon_core.shell:Creating environment descriptor '/workspace/koch_control/install/dynamixel_workbench_toolbox/share/dynamixel_workbench_toolbox/hook/cmake_prefix_path.dsv'
[0.509s] INFO:colcon.colcon_core.shell:Creating environment hook '/workspace/koch_control/install/dynamixel_workbench_toolbox/share/dynamixel_workbench_toolbox/hook/cmake_prefix_path.sh'
[0.509s] Level 1:colcon.colcon_core.environment:checking '/workspace/koch_control/install/dynamixel_workbench_toolbox/lib'
[0.509s] Level 1:colcon.colcon_core.shell:create_environment_hook('dynamixel_workbench_toolbox', 'ld_library_path_lib')
[0.509s] INFO:colcon.colcon_core.shell:Creating environment hook '/workspace/koch_control/install/dynamixel_workbench_toolbox/share/dynamixel_workbench_toolbox/hook/ld_library_path_lib.ps1'
[0.510s] INFO:colcon.colcon_core.shell:Creating environment descriptor '/workspace/koch_control/install/dynamixel_workbench_toolbox/share/dynamixel_workbench_toolbox/hook/ld_library_path_lib.dsv'
[0.510s] INFO:colcon.colcon_core.shell:Creating environment hook '/workspace/koch_control/install/dynamixel_workbench_toolbox/share/dynamixel_workbench_toolbox/hook/ld_library_path_lib.sh'
[0.510s] Level 1:colcon.colcon_core.environment:checking '/workspace/koch_control/install/dynamixel_workbench_toolbox/bin'
[0.510s] Level 1:colcon.colcon_core.environment:checking '/workspace/koch_control/install/dynamixel_workbench_toolbox/lib/pkgconfig/dynamixel_workbench_toolbox.pc'
[0.510s] Level 1:colcon.colcon_core.environment:checking '/workspace/koch_control/install/dynamixel_workbench_toolbox/lib/python3.10/site-packages'
[0.510s] Level 1:colcon.colcon_core.environment:checking '/workspace/koch_control/install/dynamixel_workbench_toolbox/bin'
[0.510s] INFO:colcon.colcon_core.shell:Creating package script '/workspace/koch_control/install/dynamixel_workbench_toolbox/share/dynamixel_workbench_toolbox/package.ps1'
[0.510s] INFO:colcon.colcon_core.shell:Creating package descriptor '/workspace/koch_control/install/dynamixel_workbench_toolbox/share/dynamixel_workbench_toolbox/package.dsv'
[0.511s] INFO:colcon.colcon_core.shell:Creating package script '/workspace/koch_control/install/dynamixel_workbench_toolbox/share/dynamixel_workbench_toolbox/package.sh'
[0.511s] INFO:colcon.colcon_core.shell:Creating package script '/workspace/koch_control/install/dynamixel_workbench_toolbox/share/dynamixel_workbench_toolbox/package.bash'
[0.511s] INFO:colcon.colcon_core.shell:Creating package script '/workspace/koch_control/install/dynamixel_workbench_toolbox/share/dynamixel_workbench_toolbox/package.zsh'
[0.511s] Level 1:colcon.colcon_core.environment:create_file_with_runtime_dependencies(/workspace/koch_control/install/dynamixel_workbench_toolbox/share/colcon-core/packages/dynamixel_workbench_toolbox)
[0.511s] INFO:colcon.colcon_ros.task.ament_cmake.build:Building ROS package in '/workspace/koch_control/interbotix_ros_core/interbotix_ros_xseries/interbotix_xs_driver' with build type 'ament_cmake'
[0.511s] INFO:colcon.colcon_cmake.task.cmake.build:Building CMake package in '/workspace/koch_control/interbotix_ros_core/interbotix_ros_xseries/interbotix_xs_driver'
[0.511s] INFO:colcon.colcon_core.shell:Skip shell extension 'powershell' for command environment: Not usable outside of PowerShell
[0.512s] DEBUG:colcon.colcon_core.shell:Skip shell extension 'dsv' for command environment
[0.516s] DEBUG:colcon.colcon_core.event_handler.log_command:Invoking command in '/workspace/koch_control/build/interbotix_xs_driver': AMENT_PREFIX_PATH=/workspace/koch_control/install/dynamixel_workbench_toolbox:${AMENT_PREFIX_PATH} CMAKE_PREFIX_PATH=/workspace/koch_control/install/dynamixel_workbench_toolbox:/opt/ros/humble LD_LIBRARY_PATH=/workspace/koch_control/install/dynamixel_workbench_toolbox/lib:${LD_LIBRARY_PATH} /usr/bin/cmake /workspace/koch_control/interbotix_ros_core/interbotix_ros_xseries/interbotix_xs_driver -DAMENT_CMAKE_SYMLINK_INSTALL=1 -DCMAKE_INSTALL_PREFIX=/workspace/koch_control/install/interbotix_xs_driver
[0.625s] Level 1:colcon.colcon_core.shell:create_environment_hook('interbotix_common_modules', 'pythonpath_develop')
[0.626s] INFO:colcon.colcon_core.shell:Creating environment hook '/workspace/koch_control/build/interbotix_common_modules/share/interbotix_common_modules/hook/pythonpath_develop.ps1'
[0.626s] DEBUG:colcon.colcon_core.event_handler.log_command:Invoked command in '/workspace/koch_control/build/interbotix_common_modules' returned '0': PYTHONPATH=/workspace/koch_control/build/interbotix_common_modules/prefix_override:/usr/lib/python3/dist-packages/colcon_core/task/python/colcon_distutils_commands:/workspace/koch_control/install/interbotix_common_modules/lib/python3.10/site-packages:${PYTHONPATH} /usr/bin/python3 -W ignore:setup.py install is deprecated -W ignore:easy_install command is deprecated setup.py develop --editable --build-directory /workspace/koch_control/build/interbotix_common_modules/build --no-deps symlink_data
[0.626s] INFO:colcon.colcon_core.shell:Creating environment descriptor '/workspace/koch_control/build/interbotix_common_modules/share/interbotix_common_modules/hook/pythonpath_develop.dsv'
[0.626s] INFO:colcon.colcon_core.shell:Creating environment hook '/workspace/koch_control/build/interbotix_common_modules/share/interbotix_common_modules/hook/pythonpath_develop.sh'
[0.626s] Level 1:colcon.colcon_core.environment:checking '/workspace/koch_control/install/interbotix_common_modules' for CMake module files
[0.627s] Level 1:colcon.colcon_core.environment:checking '/workspace/koch_control/install/interbotix_common_modules' for CMake config files
[0.627s] Level 1:colcon.colcon_core.environment:checking '/workspace/koch_control/install/interbotix_common_modules/lib'
[0.627s] Level 1:colcon.colcon_core.environment:checking '/workspace/koch_control/install/interbotix_common_modules/bin'
[0.627s] Level 1:colcon.colcon_core.environment:checking '/workspace/koch_control/install/interbotix_common_modules/lib/pkgconfig/interbotix_common_modules.pc'
[0.627s] Level 1:colcon.colcon_core.environment:checking '/workspace/koch_control/install/interbotix_common_modules/lib/python3.10/site-packages'
[0.627s] Level 1:colcon.colcon_core.shell:create_environment_hook('interbotix_common_modules', 'pythonpath')
[0.627s] INFO:colcon.colcon_core.shell:Creating environment hook '/workspace/koch_control/install/interbotix_common_modules/share/interbotix_common_modules/hook/pythonpath.ps1'
[0.627s] INFO:colcon.colcon_core.shell:Creating environment descriptor '/workspace/koch_control/install/interbotix_common_modules/share/interbotix_common_modules/hook/pythonpath.dsv'
[0.627s] INFO:colcon.colcon_core.shell:Creating environment hook '/workspace/koch_control/install/interbotix_common_modules/share/interbotix_common_modules/hook/pythonpath.sh'
[0.628s] Level 1:colcon.colcon_core.environment:checking '/workspace/koch_control/install/interbotix_common_modules/bin'
[0.628s] Level 1:colcon.colcon_core.environment:create_environment_scripts_only(interbotix_common_modules)
[0.628s] INFO:colcon.colcon_core.shell:Creating package script '/workspace/koch_control/install/interbotix_common_modules/share/interbotix_common_modules/package.ps1'
[0.628s] INFO:colcon.colcon_core.shell:Creating package descriptor '/workspace/koch_control/install/interbotix_common_modules/share/interbotix_common_modules/package.dsv'
[0.628s] INFO:colcon.colcon_core.shell:Creating package script '/workspace/koch_control/install/interbotix_common_modules/share/interbotix_common_modules/package.sh'
[0.628s] INFO:colcon.colcon_core.shell:Creating package script '/workspace/koch_control/install/interbotix_common_modules/share/interbotix_common_modules/package.bash'
[0.628s] INFO:colcon.colcon_core.shell:Creating package script '/workspace/koch_control/install/interbotix_common_modules/share/interbotix_common_modules/package.zsh'
[0.628s] Level 1:colcon.colcon_core.environment:create_file_with_runtime_dependencies(/workspace/koch_control/install/interbotix_common_modules/share/colcon-core/packages/interbotix_common_modules)
[0.990s] DEBUG:colcon.colcon_core.event_handler.log_command:Invoked command in '/workspace/koch_control/build/interbotix_xs_driver' returned '0': AMENT_PREFIX_PATH=/workspace/koch_control/install/dynamixel_workbench_toolbox:${AMENT_PREFIX_PATH} CMAKE_PREFIX_PATH=/workspace/koch_control/install/dynamixel_workbench_toolbox:/opt/ros/humble LD_LIBRARY_PATH=/workspace/koch_control/install/dynamixel_workbench_toolbox/lib:${LD_LIBRARY_PATH} /usr/bin/cmake /workspace/koch_control/interbotix_ros_core/interbotix_ros_xseries/interbotix_xs_driver -DAMENT_CMAKE_SYMLINK_INSTALL=1 -DCMAKE_INSTALL_PREFIX=/workspace/koch_control/install/interbotix_xs_driver
[0.990s] DEBUG:colcon.colcon_core.event_handler.log_command:Invoking command in '/workspace/koch_control/build/interbotix_xs_driver': AMENT_PREFIX_PATH=/workspace/koch_control/install/dynamixel_workbench_toolbox:${AMENT_PREFIX_PATH} CMAKE_PREFIX_PATH=/workspace/koch_control/install/dynamixel_workbench_toolbox:/opt/ros/humble LD_LIBRARY_PATH=/workspace/koch_control/install/dynamixel_workbench_toolbox/lib:${LD_LIBRARY_PATH} /usr/bin/cmake --build /workspace/koch_control/build/interbotix_xs_driver -- -j32 -l32
[2.324s] DEBUG:colcon.colcon_core.event_handler.log_command:Invoked command in '/workspace/koch_control/build/interbotix_xs_driver' returned '0': AMENT_PREFIX_PATH=/workspace/koch_control/install/dynamixel_workbench_toolbox:${AMENT_PREFIX_PATH} CMAKE_PREFIX_PATH=/workspace/koch_control/install/dynamixel_workbench_toolbox:/opt/ros/humble LD_LIBRARY_PATH=/workspace/koch_control/install/dynamixel_workbench_toolbox/lib:${LD_LIBRARY_PATH} /usr/bin/cmake --build /workspace/koch_control/build/interbotix_xs_driver -- -j32 -l32
[2.324s] DEBUG:colcon.colcon_core.event_handler.log_command:Invoking command in '/workspace/koch_control/build/interbotix_xs_driver': AMENT_PREFIX_PATH=/workspace/koch_control/install/dynamixel_workbench_toolbox:${AMENT_PREFIX_PATH} CMAKE_PREFIX_PATH=/workspace/koch_control/install/dynamixel_workbench_toolbox:/opt/ros/humble LD_LIBRARY_PATH=/workspace/koch_control/install/dynamixel_workbench_toolbox/lib:${LD_LIBRARY_PATH} /usr/bin/cmake --install /workspace/koch_control/build/interbotix_xs_driver
[2.602s] Level 1:colcon.colcon_core.environment:create_environment_scripts_only(interbotix_xs_driver)
[2.602s] Level 1:colcon.colcon_core.environment:checking '/workspace/koch_control/install/interbotix_xs_driver' for CMake module files
[2.602s] DEBUG:colcon.colcon_core.event_handler.log_command:Invoked command in '/workspace/koch_control/build/interbotix_xs_driver' returned '0': AMENT_PREFIX_PATH=/workspace/koch_control/install/dynamixel_workbench_toolbox:${AMENT_PREFIX_PATH} CMAKE_PREFIX_PATH=/workspace/koch_control/install/dynamixel_workbench_toolbox:/opt/ros/humble LD_LIBRARY_PATH=/workspace/koch_control/install/dynamixel_workbench_toolbox/lib:${LD_LIBRARY_PATH} /usr/bin/cmake --install /workspace/koch_control/build/interbotix_xs_driver
[2.603s] Level 1:colcon.colcon_core.environment:checking '/workspace/koch_control/install/interbotix_xs_driver' for CMake config files
[2.603s] Level 1:colcon.colcon_core.shell:create_environment_hook('interbotix_xs_driver', 'cmake_prefix_path')
[2.603s] INFO:colcon.colcon_core.shell:Creating environment hook '/workspace/koch_control/install/interbotix_xs_driver/share/interbotix_xs_driver/hook/cmake_prefix_path.ps1'
[2.604s] INFO:colcon.colcon_core.shell:Creating environment descriptor '/workspace/koch_control/install/interbotix_xs_driver/share/interbotix_xs_driver/hook/cmake_prefix_path.dsv'
[2.604s] INFO:colcon.colcon_core.shell:Creating environment hook '/workspace/koch_control/install/interbotix_xs_driver/share/interbotix_xs_driver/hook/cmake_prefix_path.sh'
[2.604s] Level 1:colcon.colcon_core.environment:checking '/workspace/koch_control/install/interbotix_xs_driver/lib'
[2.605s] Level 1:colcon.colcon_core.shell:create_environment_hook('interbotix_xs_driver', 'ld_library_path_lib')
[2.605s] INFO:colcon.colcon_core.shell:Creating environment hook '/workspace/koch_control/install/interbotix_xs_driver/share/interbotix_xs_driver/hook/ld_library_path_lib.ps1'
[2.605s] INFO:colcon.colcon_core.shell:Creating environment descriptor '/workspace/koch_control/install/interbotix_xs_driver/share/interbotix_xs_driver/hook/ld_library_path_lib.dsv'
[2.605s] INFO:colcon.colcon_core.shell:Creating environment hook '/workspace/koch_control/install/interbotix_xs_driver/share/interbotix_xs_driver/hook/ld_library_path_lib.sh'
[2.606s] Level 1:colcon.colcon_core.environment:checking '/workspace/koch_control/install/interbotix_xs_driver/bin'
[2.606s] Level 1:colcon.colcon_core.environment:checking '/workspace/koch_control/install/interbotix_xs_driver/lib/pkgconfig/interbotix_xs_driver.pc'
[2.606s] Level 1:colcon.colcon_core.environment:checking '/workspace/koch_control/install/interbotix_xs_driver/lib/python3.10/site-packages'
[2.606s] Level 1:colcon.colcon_core.environment:checking '/workspace/koch_control/install/interbotix_xs_driver/bin'
[2.607s] INFO:colcon.colcon_core.shell:Creating package script '/workspace/koch_control/install/interbotix_xs_driver/share/interbotix_xs_driver/package.ps1'
[2.607s] INFO:colcon.colcon_core.shell:Creating package descriptor '/workspace/koch_control/install/interbotix_xs_driver/share/interbotix_xs_driver/package.dsv'
[2.607s] INFO:colcon.colcon_core.shell:Creating package script '/workspace/koch_control/install/interbotix_xs_driver/share/interbotix_xs_driver/package.sh'
[2.608s] INFO:colcon.colcon_core.shell:Creating package script '/workspace/koch_control/install/interbotix_xs_driver/share/interbotix_xs_driver/package.bash'
[2.608s] INFO:colcon.colcon_core.shell:Creating package script '/workspace/koch_control/install/interbotix_xs_driver/share/interbotix_xs_driver/package.zsh'
[2.608s] Level 1:colcon.colcon_core.environment:create_file_with_runtime_dependencies(/workspace/koch_control/install/interbotix_xs_driver/share/colcon-core/packages/interbotix_xs_driver)
[2.609s] Level 1:colcon.colcon_core.environment:create_environment_scripts_only(interbotix_xs_driver)
[2.609s] Level 1:colcon.colcon_core.environment:checking '/workspace/koch_control/install/interbotix_xs_driver' for CMake module files
[2.609s] Level 1:colcon.colcon_core.environment:checking '/workspace/koch_control/install/interbotix_xs_driver' for CMake config files
[2.609s] Level 1:colcon.colcon_core.shell:create_environment_hook('interbotix_xs_driver', 'cmake_prefix_path')
[2.610s] INFO:colcon.colcon_core.shell:Creating environment hook '/workspace/koch_control/install/interbotix_xs_driver/share/interbotix_xs_driver/hook/cmake_prefix_path.ps1'
[2.610s] INFO:colcon.colcon_core.shell:Creating environment descriptor '/workspace/koch_control/install/interbotix_xs_driver/share/interbotix_xs_driver/hook/cmake_prefix_path.dsv'
[2.610s] INFO:colcon.colcon_core.shell:Creating environment hook '/workspace/koch_control/install/interbotix_xs_driver/share/interbotix_xs_driver/hook/cmake_prefix_path.sh'
[2.610s] Level 1:colcon.colcon_core.environment:checking '/workspace/koch_control/install/interbotix_xs_driver/lib'
[2.611s] Level 1:colcon.colcon_core.shell:create_environment_hook('interbotix_xs_driver', 'ld_library_path_lib')
[2.611s] INFO:colcon.colcon_core.shell:Creating environment hook '/workspace/koch_control/install/interbotix_xs_driver/share/interbotix_xs_driver/hook/ld_library_path_lib.ps1'
[2.611s] INFO:colcon.colcon_core.shell:Creating environment descriptor '/workspace/koch_control/install/interbotix_xs_driver/share/interbotix_xs_driver/hook/ld_library_path_lib.dsv'
[2.611s] INFO:colcon.colcon_core.shell:Creating environment hook '/workspace/koch_control/install/interbotix_xs_driver/share/interbotix_xs_driver/hook/ld_library_path_lib.sh'
[2.611s] Level 1:colcon.colcon_core.environment:checking '/workspace/koch_control/install/interbotix_xs_driver/bin'
[2.611s] Level 1:colcon.colcon_core.environment:checking '/workspace/koch_control/install/interbotix_xs_driver/lib/pkgconfig/interbotix_xs_driver.pc'
[2.612s] Level 1:colcon.colcon_core.environment:checking '/workspace/koch_control/install/interbotix_xs_driver/lib/python3.10/site-packages'
[2.612s] Level 1:colcon.colcon_core.environment:checking '/workspace/koch_control/install/interbotix_xs_driver/bin'
[2.612s] INFO:colcon.colcon_core.shell:Creating package script '/workspace/koch_control/install/interbotix_xs_driver/share/interbotix_xs_driver/package.ps1'
[2.612s] INFO:colcon.colcon_core.shell:Creating package descriptor '/workspace/koch_control/install/interbotix_xs_driver/share/interbotix_xs_driver/package.dsv'
[2.613s] INFO:colcon.colcon_core.shell:Creating package script '/workspace/koch_control/install/interbotix_xs_driver/share/interbotix_xs_driver/package.sh'
[2.613s] INFO:colcon.colcon_core.shell:Creating package script '/workspace/koch_control/install/interbotix_xs_driver/share/interbotix_xs_driver/package.bash'
[2.613s] INFO:colcon.colcon_core.shell:Creating package script '/workspace/koch_control/install/interbotix_xs_driver/share/interbotix_xs_driver/package.zsh'
[2.613s] Level 1:colcon.colcon_core.environment:create_file_with_runtime_dependencies(/workspace/koch_control/install/interbotix_xs_driver/share/colcon-core/packages/interbotix_xs_driver)
[4.796s] DEBUG:colcon.colcon_core.event_handler.log_command:Invoked command in '/workspace/koch_control/build/interbotix_xs_msgs' returned '0': CMAKE_PREFIX_PATH=/opt/ros/humble /usr/bin/cmake --build /workspace/koch_control/build/interbotix_xs_msgs -- -j32 -l32
[4.797s] DEBUG:colcon.colcon_core.event_handler.log_command:Invoking command in '/workspace/koch_control/build/interbotix_xs_msgs': CMAKE_PREFIX_PATH=/opt/ros/humble /usr/bin/cmake --install /workspace/koch_control/build/interbotix_xs_msgs
[4.972s] DEBUG:colcon.colcon_core.event_handler.log_command:Invoked command in '/workspace/koch_control/build/interbotix_tf_tools' returned '0': CMAKE_PREFIX_PATH=/opt/ros/humble /usr/bin/cmake --build /workspace/koch_control/build/interbotix_tf_tools -- -j32 -l32
[4.973s] DEBUG:colcon.colcon_core.event_handler.log_command:Invoking command in '/workspace/koch_control/build/interbotix_tf_tools': CMAKE_PREFIX_PATH=/opt/ros/humble /usr/bin/cmake --install /workspace/koch_control/build/interbotix_tf_tools
[5.047s] Level 1:colcon.colcon_core.environment:create_environment_scripts_only(interbotix_tf_tools)
[5.047s] Level 1:colcon.colcon_core.environment:checking '/workspace/koch_control/install/interbotix_tf_tools' for CMake module files
[5.047s] DEBUG:colcon.colcon_core.event_handler.log_command:Invoked command in '/workspace/koch_control/build/interbotix_tf_tools' returned '0': CMAKE_PREFIX_PATH=/opt/ros/humble /usr/bin/cmake --install /workspace/koch_control/build/interbotix_tf_tools
[5.047s] Level 1:colcon.colcon_core.environment:checking '/workspace/koch_control/install/interbotix_tf_tools' for CMake config files
[5.047s] Level 1:colcon.colcon_core.shell:create_environment_hook('interbotix_tf_tools', 'cmake_prefix_path')
[5.048s] INFO:colcon.colcon_core.shell:Creating environment hook '/workspace/koch_control/install/interbotix_tf_tools/share/interbotix_tf_tools/hook/cmake_prefix_path.ps1'
[5.048s] INFO:colcon.colcon_core.shell:Creating environment descriptor '/workspace/koch_control/install/interbotix_tf_tools/share/interbotix_tf_tools/hook/cmake_prefix_path.dsv'
[5.048s] INFO:colcon.colcon_core.shell:Creating environment hook '/workspace/koch_control/install/interbotix_tf_tools/share/interbotix_tf_tools/hook/cmake_prefix_path.sh'
[5.048s] Level 1:colcon.colcon_core.environment:checking '/workspace/koch_control/install/interbotix_tf_tools/lib'
[5.048s] Level 1:colcon.colcon_core.shell:create_environment_hook('interbotix_tf_tools', 'ld_library_path_lib')
[5.049s] INFO:colcon.colcon_core.shell:Creating environment hook '/workspace/koch_control/install/interbotix_tf_tools/share/interbotix_tf_tools/hook/ld_library_path_lib.ps1'
[5.049s] INFO:colcon.colcon_core.shell:Creating environment descriptor '/workspace/koch_control/install/interbotix_tf_tools/share/interbotix_tf_tools/hook/ld_library_path_lib.dsv'
[5.049s] INFO:colcon.colcon_core.shell:Creating environment hook '/workspace/koch_control/install/interbotix_tf_tools/share/interbotix_tf_tools/hook/ld_library_path_lib.sh'
[5.049s] Level 1:colcon.colcon_core.environment:checking '/workspace/koch_control/install/interbotix_tf_tools/bin'
[5.049s] Level 1:colcon.colcon_core.environment:checking '/workspace/koch_control/install/interbotix_tf_tools/lib/pkgconfig/interbotix_tf_tools.pc'
[5.049s] Level 1:colcon.colcon_core.environment:checking '/workspace/koch_control/install/interbotix_tf_tools/lib/python3.10/site-packages'
[5.049s] Level 1:colcon.colcon_core.environment:checking '/workspace/koch_control/install/interbotix_tf_tools/bin'
[5.049s] INFO:colcon.colcon_core.shell:Creating package script '/workspace/koch_control/install/interbotix_tf_tools/share/interbotix_tf_tools/package.ps1'
[5.050s] INFO:colcon.colcon_core.shell:Creating package descriptor '/workspace/koch_control/install/interbotix_tf_tools/share/interbotix_tf_tools/package.dsv'
[5.050s] INFO:colcon.colcon_core.shell:Creating package script '/workspace/koch_control/install/interbotix_tf_tools/share/interbotix_tf_tools/package.sh'
[5.050s] INFO:colcon.colcon_core.shell:Creating package script '/workspace/koch_control/install/interbotix_tf_tools/share/interbotix_tf_tools/package.bash'
[5.050s] INFO:colcon.colcon_core.shell:Creating package script '/workspace/koch_control/install/interbotix_tf_tools/share/interbotix_tf_tools/package.zsh'
[5.050s] Level 1:colcon.colcon_core.environment:create_file_with_runtime_dependencies(/workspace/koch_control/install/interbotix_tf_tools/share/colcon-core/packages/interbotix_tf_tools)
[5.050s] Level 1:colcon.colcon_core.environment:create_environment_scripts_only(interbotix_tf_tools)
[5.050s] Level 1:colcon.colcon_core.environment:checking '/workspace/koch_control/install/interbotix_tf_tools' for CMake module files
[5.050s] Level 1:colcon.colcon_core.environment:checking '/workspace/koch_control/install/interbotix_tf_tools' for CMake config files
[5.051s] Level 1:colcon.colcon_core.shell:create_environment_hook('interbotix_tf_tools', 'cmake_prefix_path')
[5.051s] INFO:colcon.colcon_core.shell:Creating environment hook '/workspace/koch_control/install/interbotix_tf_tools/share/interbotix_tf_tools/hook/cmake_prefix_path.ps1'
[5.051s] INFO:colcon.colcon_core.shell:Creating environment descriptor '/workspace/koch_control/install/interbotix_tf_tools/share/interbotix_tf_tools/hook/cmake_prefix_path.dsv'
[5.051s] INFO:colcon.colcon_core.shell:Creating environment hook '/workspace/koch_control/install/interbotix_tf_tools/share/interbotix_tf_tools/hook/cmake_prefix_path.sh'
[5.051s] Level 1:colcon.colcon_core.environment:checking '/workspace/koch_control/install/interbotix_tf_tools/lib'
[5.051s] Level 1:colcon.colcon_core.shell:create_environment_hook('interbotix_tf_tools', 'ld_library_path_lib')
[5.051s] INFO:colcon.colcon_core.shell:Creating environment hook '/workspace/koch_control/install/interbotix_tf_tools/share/interbotix_tf_tools/hook/ld_library_path_lib.ps1'
[5.052s] INFO:colcon.colcon_core.shell:Creating environment descriptor '/workspace/koch_control/install/interbotix_tf_tools/share/interbotix_tf_tools/hook/ld_library_path_lib.dsv'
[5.052s] INFO:colcon.colcon_core.shell:Creating environment hook '/workspace/koch_control/install/interbotix_tf_tools/share/interbotix_tf_tools/hook/ld_library_path_lib.sh'
[5.052s] Level 1:colcon.colcon_core.environment:checking '/workspace/koch_control/install/interbotix_tf_tools/bin'
[5.052s] Level 1:colcon.colcon_core.environment:checking '/workspace/koch_control/install/interbotix_tf_tools/lib/pkgconfig/interbotix_tf_tools.pc'
[5.052s] Level 1:colcon.colcon_core.environment:checking '/workspace/koch_control/install/interbotix_tf_tools/lib/python3.10/site-packages'
[5.052s] Level 1:colcon.colcon_core.environment:checking '/workspace/koch_control/install/interbotix_tf_tools/bin'
[5.052s] INFO:colcon.colcon_core.shell:Creating package script '/workspace/koch_control/install/interbotix_tf_tools/share/interbotix_tf_tools/package.ps1'
[5.052s] INFO:colcon.colcon_core.shell:Creating package descriptor '/workspace/koch_control/install/interbotix_tf_tools/share/interbotix_tf_tools/package.dsv'
[5.053s] INFO:colcon.colcon_core.shell:Creating package script '/workspace/koch_control/install/interbotix_tf_tools/share/interbotix_tf_tools/package.sh'
[5.053s] INFO:colcon.colcon_core.shell:Creating package script '/workspace/koch_control/install/interbotix_tf_tools/share/interbotix_tf_tools/package.bash'
[5.053s] INFO:colcon.colcon_core.shell:Creating package script '/workspace/koch_control/install/interbotix_tf_tools/share/interbotix_tf_tools/package.zsh'
[5.053s] Level 1:colcon.colcon_core.environment:create_file_with_runtime_dependencies(/workspace/koch_control/install/interbotix_tf_tools/share/colcon-core/packages/interbotix_tf_tools)
[5.785s] Level 1:colcon.colcon_core.environment:create_environment_scripts_only(interbotix_xs_msgs)
[5.785s] Level 1:colcon.colcon_core.environment:checking '/workspace/koch_control/install/interbotix_xs_msgs' for CMake module files
[5.785s] DEBUG:colcon.colcon_core.event_handler.log_command:Invoked command in '/workspace/koch_control/build/interbotix_xs_msgs' returned '0': CMAKE_PREFIX_PATH=/opt/ros/humble /usr/bin/cmake --install /workspace/koch_control/build/interbotix_xs_msgs
[5.786s] Level 1:colcon.colcon_core.environment:checking '/workspace/koch_control/install/interbotix_xs_msgs' for CMake config files
[5.786s] Level 1:colcon.colcon_core.shell:create_environment_hook('interbotix_xs_msgs', 'cmake_prefix_path')
[5.786s] INFO:colcon.colcon_core.shell:Creating environment hook '/workspace/koch_control/install/interbotix_xs_msgs/share/interbotix_xs_msgs/hook/cmake_prefix_path.ps1'
[5.786s] INFO:colcon.colcon_core.shell:Creating environment descriptor '/workspace/koch_control/install/interbotix_xs_msgs/share/interbotix_xs_msgs/hook/cmake_prefix_path.dsv'
[5.786s] INFO:colcon.colcon_core.shell:Creating environment hook '/workspace/koch_control/install/interbotix_xs_msgs/share/interbotix_xs_msgs/hook/cmake_prefix_path.sh'
[5.787s] Level 1:colcon.colcon_core.environment:checking '/workspace/koch_control/install/interbotix_xs_msgs/lib'
[5.787s] Level 1:colcon.colcon_core.shell:create_environment_hook('interbotix_xs_msgs', 'ld_library_path_lib')
[5.787s] INFO:colcon.colcon_core.shell:Creating environment hook '/workspace/koch_control/install/interbotix_xs_msgs/share/interbotix_xs_msgs/hook/ld_library_path_lib.ps1'
[5.787s] INFO:colcon.colcon_core.shell:Creating environment descriptor '/workspace/koch_control/install/interbotix_xs_msgs/share/interbotix_xs_msgs/hook/ld_library_path_lib.dsv'
[5.787s] INFO:colcon.colcon_core.shell:Creating environment hook '/workspace/koch_control/install/interbotix_xs_msgs/share/interbotix_xs_msgs/hook/ld_library_path_lib.sh'
[5.787s] Level 1:colcon.colcon_core.environment:checking '/workspace/koch_control/install/interbotix_xs_msgs/bin'
[5.787s] Level 1:colcon.colcon_core.environment:checking '/workspace/koch_control/install/interbotix_xs_msgs/lib/pkgconfig/interbotix_xs_msgs.pc'
[5.787s] Level 1:colcon.colcon_core.environment:checking '/workspace/koch_control/install/interbotix_xs_msgs/lib/python3.10/site-packages'
[5.787s] Level 1:colcon.colcon_core.environment:checking '/workspace/koch_control/install/interbotix_xs_msgs/bin'
[5.787s] INFO:colcon.colcon_core.shell:Creating package script '/workspace/koch_control/install/interbotix_xs_msgs/share/interbotix_xs_msgs/package.ps1'
[5.788s] INFO:colcon.colcon_core.shell:Creating package descriptor '/workspace/koch_control/install/interbotix_xs_msgs/share/interbotix_xs_msgs/package.dsv'
[5.788s] INFO:colcon.colcon_core.shell:Creating package script '/workspace/koch_control/install/interbotix_xs_msgs/share/interbotix_xs_msgs/package.sh'
[5.788s] INFO:colcon.colcon_core.shell:Creating package script '/workspace/koch_control/install/interbotix_xs_msgs/share/interbotix_xs_msgs/package.bash'
[5.788s] INFO:colcon.colcon_core.shell:Creating package script '/workspace/koch_control/install/interbotix_xs_msgs/share/interbotix_xs_msgs/package.zsh'
[5.788s] Level 1:colcon.colcon_core.environment:create_file_with_runtime_dependencies(/workspace/koch_control/install/interbotix_xs_msgs/share/colcon-core/packages/interbotix_xs_msgs)
[5.788s] Level 1:colcon.colcon_core.environment:create_environment_scripts_only(interbotix_xs_msgs)
[5.789s] Level 1:colcon.colcon_core.environment:checking '/workspace/koch_control/install/interbotix_xs_msgs' for CMake module files
[5.789s] Level 1:colcon.colcon_core.environment:checking '/workspace/koch_control/install/interbotix_xs_msgs' for CMake config files
[5.789s] Level 1:colcon.colcon_core.shell:create_environment_hook('interbotix_xs_msgs', 'cmake_prefix_path')
[5.789s] INFO:colcon.colcon_core.shell:Creating environment hook '/workspace/koch_control/install/interbotix_xs_msgs/share/interbotix_xs_msgs/hook/cmake_prefix_path.ps1'
[5.789s] INFO:colcon.colcon_core.shell:Creating environment descriptor '/workspace/koch_control/install/interbotix_xs_msgs/share/interbotix_xs_msgs/hook/cmake_prefix_path.dsv'
[5.789s] INFO:colcon.colcon_core.shell:Creating environment hook '/workspace/koch_control/install/interbotix_xs_msgs/share/interbotix_xs_msgs/hook/cmake_prefix_path.sh'
[5.789s] Level 1:colcon.colcon_core.environment:checking '/workspace/koch_control/install/interbotix_xs_msgs/lib'
[5.789s] Level 1:colcon.colcon_core.shell:create_environment_hook('interbotix_xs_msgs', 'ld_library_path_lib')
[5.790s] INFO:colcon.colcon_core.shell:Creating environment hook '/workspace/koch_control/install/interbotix_xs_msgs/share/interbotix_xs_msgs/hook/ld_library_path_lib.ps1'
[5.790s] INFO:colcon.colcon_core.shell:Creating environment descriptor '/workspace/koch_control/install/interbotix_xs_msgs/share/interbotix_xs_msgs/hook/ld_library_path_lib.dsv'
[5.790s] INFO:colcon.colcon_core.shell:Creating environment hook '/workspace/koch_control/install/interbotix_xs_msgs/share/interbotix_xs_msgs/hook/ld_library_path_lib.sh'
[5.790s] Level 1:colcon.colcon_core.environment:checking '/workspace/koch_control/install/interbotix_xs_msgs/bin'
[5.790s] Level 1:colcon.colcon_core.environment:checking '/workspace/koch_control/install/interbotix_xs_msgs/lib/pkgconfig/interbotix_xs_msgs.pc'
[5.790s] Level 1:colcon.colcon_core.environment:checking '/workspace/koch_control/install/interbotix_xs_msgs/lib/python3.10/site-packages'
[5.790s] Level 1:colcon.colcon_core.environment:checking '/workspace/koch_control/install/interbotix_xs_msgs/bin'
[5.790s] INFO:colcon.colcon_core.shell:Creating package script '/workspace/koch_control/install/interbotix_xs_msgs/share/interbotix_xs_msgs/package.ps1'
[5.791s] INFO:colcon.colcon_core.shell:Creating package descriptor '/workspace/koch_control/install/interbotix_xs_msgs/share/interbotix_xs_msgs/package.dsv'
[5.791s] INFO:colcon.colcon_core.shell:Creating package script '/workspace/koch_control/install/interbotix_xs_msgs/share/interbotix_xs_msgs/package.sh'
[5.791s] INFO:colcon.colcon_core.shell:Creating package script '/workspace/koch_control/install/interbotix_xs_msgs/share/interbotix_xs_msgs/package.bash'
[5.791s] INFO:colcon.colcon_core.shell:Creating package script '/workspace/koch_control/install/interbotix_xs_msgs/share/interbotix_xs_msgs/package.zsh'
[5.791s] Level 1:colcon.colcon_core.environment:create_file_with_runtime_dependencies(/workspace/koch_control/install/interbotix_xs_msgs/share/colcon-core/packages/interbotix_xs_msgs)
[5.791s] INFO:colcon.colcon_ros.task.ament_cmake.build:Building ROS package in '/workspace/koch_control/interbotix_ros_core/interbotix_ros_xseries/interbotix_xs_sdk' with build type 'ament_cmake'
[5.791s] INFO:colcon.colcon_cmake.task.cmake.build:Building CMake package in '/workspace/koch_control/interbotix_ros_core/interbotix_ros_xseries/interbotix_xs_sdk'
[5.792s] INFO:colcon.colcon_core.shell:Skip shell extension 'powershell' for command environment: Not usable outside of PowerShell
[5.792s] DEBUG:colcon.colcon_core.shell:Skip shell extension 'dsv' for command environment
[5.793s] INFO:colcon.colcon_ros.task.ament_cmake.build:Building ROS package in '/workspace/koch_control/interbotix_ros_toolboxes/interbotix_xs_toolbox/interbotix_xs_ros_control' with build type 'ament_cmake'
[5.793s] INFO:colcon.colcon_cmake.task.cmake.build:Building CMake package in '/workspace/koch_control/interbotix_ros_toolboxes/interbotix_xs_toolbox/interbotix_xs_ros_control'
[5.793s] INFO:colcon.colcon_core.shell:Skip shell extension 'powershell' for command environment: Not usable outside of PowerShell
[5.793s] DEBUG:colcon.colcon_core.shell:Skip shell extension 'dsv' for command environment
[5.794s] INFO:colcon.colcon_ros.task.ament_cmake.build:Building ROS package in '/workspace/koch_control/interbotix_ros_toolboxes/interbotix_common_toolbox/interbotix_gravity_compensation' with build type 'ament_cmake'
[5.794s] INFO:colcon.colcon_cmake.task.cmake.build:Building CMake package in '/workspace/koch_control/interbotix_ros_toolboxes/interbotix_common_toolbox/interbotix_gravity_compensation'
[5.794s] INFO:colcon.colcon_core.shell:Skip shell extension 'powershell' for command environment: Not usable outside of PowerShell
[5.794s] DEBUG:colcon.colcon_core.shell:Skip shell extension 'dsv' for command environment
[5.797s] DEBUG:colcon.colcon_core.event_handler.log_command:Invoking command in '/workspace/koch_control/build/interbotix_xs_ros_control': AMENT_PREFIX_PATH=/workspace/koch_control/install/interbotix_xs_msgs:${AMENT_PREFIX_PATH} CMAKE_PREFIX_PATH=/workspace/koch_control/install/interbotix_xs_msgs:/opt/ros/humble LD_LIBRARY_PATH=/workspace/koch_control/install/interbotix_xs_msgs/lib:${LD_LIBRARY_PATH} PYTHONPATH=/workspace/koch_control/install/interbotix_xs_msgs/local/lib/python3.10/dist-packages:${PYTHONPATH} /usr/bin/cmake /workspace/koch_control/interbotix_ros_toolboxes/interbotix_xs_toolbox/interbotix_xs_ros_control -DAMENT_CMAKE_SYMLINK_INSTALL=1 -DCMAKE_INSTALL_PREFIX=/workspace/koch_control/install/interbotix_xs_ros_control
[5.798s] DEBUG:colcon.colcon_core.event_handler.log_command:Invoking command in '/workspace/koch_control/build/interbotix_xs_sdk': AMENT_PREFIX_PATH=/workspace/koch_control/install/interbotix_xs_driver:/workspace/koch_control/install/interbotix_xs_msgs:/workspace/koch_control/install/dynamixel_workbench_toolbox:${AMENT_PREFIX_PATH} CMAKE_PREFIX_PATH=/workspace/koch_control/install/interbotix_xs_driver:/workspace/koch_control/install/interbotix_xs_msgs:/workspace/koch_control/install/dynamixel_workbench_toolbox:/opt/ros/humble LD_LIBRARY_PATH=/workspace/koch_control/install/interbotix_xs_driver/lib:/workspace/koch_control/install/interbotix_xs_msgs/lib:/workspace/koch_control/install/dynamixel_workbench_toolbox/lib:${LD_LIBRARY_PATH} PYTHONPATH=/workspace/koch_control/install/interbotix_xs_msgs/local/lib/python3.10/dist-packages:${PYTHONPATH} /usr/bin/cmake /workspace/koch_control/interbotix_ros_core/interbotix_ros_xseries/interbotix_xs_sdk -DAMENT_CMAKE_SYMLINK_INSTALL=1 -DCMAKE_INSTALL_PREFIX=/workspace/koch_control/install/interbotix_xs_sdk
[5.799s] DEBUG:colcon.colcon_core.event_handler.log_command:Invoking command in '/workspace/koch_control/build/interbotix_gravity_compensation': AMENT_PREFIX_PATH=/workspace/koch_control/install/interbotix_xs_msgs:${AMENT_PREFIX_PATH} CMAKE_PREFIX_PATH=/workspace/koch_control/install/interbotix_xs_msgs:/opt/ros/humble LD_LIBRARY_PATH=/workspace/koch_control/install/interbotix_xs_msgs/lib:${LD_LIBRARY_PATH} PYTHONPATH=/workspace/koch_control/install/interbotix_xs_msgs/local/lib/python3.10/dist-packages:${PYTHONPATH} /usr/bin/cmake /workspace/koch_control/interbotix_ros_toolboxes/interbotix_common_toolbox/interbotix_gravity_compensation -DAMENT_CMAKE_SYMLINK_INSTALL=1 -DCMAKE_INSTALL_PREFIX=/workspace/koch_control/install/interbotix_gravity_compensation
[6.347s] DEBUG:colcon.colcon_core.event_handler.log_command:Invoked command in '/workspace/koch_control/build/interbotix_gravity_compensation' returned '0': AMENT_PREFIX_PATH=/workspace/koch_control/install/interbotix_xs_msgs:${AMENT_PREFIX_PATH} CMAKE_PREFIX_PATH=/workspace/koch_control/install/interbotix_xs_msgs:/opt/ros/humble LD_LIBRARY_PATH=/workspace/koch_control/install/interbotix_xs_msgs/lib:${LD_LIBRARY_PATH} PYTHONPATH=/workspace/koch_control/install/interbotix_xs_msgs/local/lib/python3.10/dist-packages:${PYTHONPATH} /usr/bin/cmake /workspace/koch_control/interbotix_ros_toolboxes/interbotix_common_toolbox/interbotix_gravity_compensation -DAMENT_CMAKE_SYMLINK_INSTALL=1 -DCMAKE_INSTALL_PREFIX=/workspace/koch_control/install/interbotix_gravity_compensation
[6.348s] DEBUG:colcon.colcon_core.event_handler.log_command:Invoking command in '/workspace/koch_control/build/interbotix_gravity_compensation': AMENT_PREFIX_PATH=/workspace/koch_control/install/interbotix_xs_msgs:${AMENT_PREFIX_PATH} CMAKE_PREFIX_PATH=/workspace/koch_control/install/interbotix_xs_msgs:/opt/ros/humble LD_LIBRARY_PATH=/workspace/koch_control/install/interbotix_xs_msgs/lib:${LD_LIBRARY_PATH} PYTHONPATH=/workspace/koch_control/install/interbotix_xs_msgs/local/lib/python3.10/dist-packages:${PYTHONPATH} /usr/bin/cmake --build /workspace/koch_control/build/interbotix_gravity_compensation -- -j32 -l32
[6.367s] DEBUG:colcon.colcon_core.event_handler.log_command:Invoked command in '/workspace/koch_control/build/interbotix_xs_sdk' returned '0': AMENT_PREFIX_PATH=/workspace/koch_control/install/interbotix_xs_driver:/workspace/koch_control/install/interbotix_xs_msgs:/workspace/koch_control/install/dynamixel_workbench_toolbox:${AMENT_PREFIX_PATH} CMAKE_PREFIX_PATH=/workspace/koch_control/install/interbotix_xs_driver:/workspace/koch_control/install/interbotix_xs_msgs:/workspace/koch_control/install/dynamixel_workbench_toolbox:/opt/ros/humble LD_LIBRARY_PATH=/workspace/koch_control/install/interbotix_xs_driver/lib:/workspace/koch_control/install/interbotix_xs_msgs/lib:/workspace/koch_control/install/dynamixel_workbench_toolbox/lib:${LD_LIBRARY_PATH} PYTHONPATH=/workspace/koch_control/install/interbotix_xs_msgs/local/lib/python3.10/dist-packages:${PYTHONPATH} /usr/bin/cmake /workspace/koch_control/interbotix_ros_core/interbotix_ros_xseries/interbotix_xs_sdk -DAMENT_CMAKE_SYMLINK_INSTALL=1 -DCMAKE_INSTALL_PREFIX=/workspace/koch_control/install/interbotix_xs_sdk
[6.367s] DEBUG:colcon.colcon_core.event_handler.log_command:Invoking command in '/workspace/koch_control/build/interbotix_xs_sdk': AMENT_PREFIX_PATH=/workspace/koch_control/install/interbotix_xs_driver:/workspace/koch_control/install/interbotix_xs_msgs:/workspace/koch_control/install/dynamixel_workbench_toolbox:${AMENT_PREFIX_PATH} CMAKE_PREFIX_PATH=/workspace/koch_control/install/interbotix_xs_driver:/workspace/koch_control/install/interbotix_xs_msgs:/workspace/koch_control/install/dynamixel_workbench_toolbox:/opt/ros/humble LD_LIBRARY_PATH=/workspace/koch_control/install/interbotix_xs_driver/lib:/workspace/koch_control/install/interbotix_xs_msgs/lib:/workspace/koch_control/install/dynamixel_workbench_toolbox/lib:${LD_LIBRARY_PATH} PYTHONPATH=/workspace/koch_control/install/interbotix_xs_msgs/local/lib/python3.10/dist-packages:${PYTHONPATH} /usr/bin/cmake --build /workspace/koch_control/build/interbotix_xs_sdk -- -j32 -l32
[6.379s] DEBUG:colcon.colcon_core.event_handler.log_command:Invoked command in '/workspace/koch_control/build/interbotix_xs_ros_control' returned '0': AMENT_PREFIX_PATH=/workspace/koch_control/install/interbotix_xs_msgs:${AMENT_PREFIX_PATH} CMAKE_PREFIX_PATH=/workspace/koch_control/install/interbotix_xs_msgs:/opt/ros/humble LD_LIBRARY_PATH=/workspace/koch_control/install/interbotix_xs_msgs/lib:${LD_LIBRARY_PATH} PYTHONPATH=/workspace/koch_control/install/interbotix_xs_msgs/local/lib/python3.10/dist-packages:${PYTHONPATH} /usr/bin/cmake /workspace/koch_control/interbotix_ros_toolboxes/interbotix_xs_toolbox/interbotix_xs_ros_control -DAMENT_CMAKE_SYMLINK_INSTALL=1 -DCMAKE_INSTALL_PREFIX=/workspace/koch_control/install/interbotix_xs_ros_control
[6.380s] DEBUG:colcon.colcon_core.event_handler.log_command:Invoking command in '/workspace/koch_control/build/interbotix_xs_ros_control': AMENT_PREFIX_PATH=/workspace/koch_control/install/interbotix_xs_msgs:${AMENT_PREFIX_PATH} CMAKE_PREFIX_PATH=/workspace/koch_control/install/interbotix_xs_msgs:/opt/ros/humble LD_LIBRARY_PATH=/workspace/koch_control/install/interbotix_xs_msgs/lib:${LD_LIBRARY_PATH} PYTHONPATH=/workspace/koch_control/install/interbotix_xs_msgs/local/lib/python3.10/dist-packages:${PYTHONPATH} /usr/bin/cmake --build /workspace/koch_control/build/interbotix_xs_ros_control -- -j32 -l32
[11.495s] DEBUG:colcon.colcon_core.event_handler.log_command:Invoked command in '/workspace/koch_control/build/interbotix_xs_ros_control' returned '0': AMENT_PREFIX_PATH=/workspace/koch_control/install/interbotix_xs_msgs:${AMENT_PREFIX_PATH} CMAKE_PREFIX_PATH=/workspace/koch_control/install/interbotix_xs_msgs:/opt/ros/humble LD_LIBRARY_PATH=/workspace/koch_control/install/interbotix_xs_msgs/lib:${LD_LIBRARY_PATH} PYTHONPATH=/workspace/koch_control/install/interbotix_xs_msgs/local/lib/python3.10/dist-packages:${PYTHONPATH} /usr/bin/cmake --build /workspace/koch_control/build/interbotix_xs_ros_control -- -j32 -l32
[11.496s] DEBUG:colcon.colcon_core.event_handler.log_command:Invoking command in '/workspace/koch_control/build/interbotix_xs_ros_control': AMENT_PREFIX_PATH=/workspace/koch_control/install/interbotix_xs_msgs:${AMENT_PREFIX_PATH} CMAKE_PREFIX_PATH=/workspace/koch_control/install/interbotix_xs_msgs:/opt/ros/humble LD_LIBRARY_PATH=/workspace/koch_control/install/interbotix_xs_msgs/lib:${LD_LIBRARY_PATH} PYTHONPATH=/workspace/koch_control/install/interbotix_xs_msgs/local/lib/python3.10/dist-packages:${PYTHONPATH} /usr/bin/cmake --install /workspace/koch_control/build/interbotix_xs_ros_control
[11.586s] Level 1:colcon.colcon_core.environment:create_environment_scripts_only(interbotix_xs_ros_control)
[11.586s] Level 1:colcon.colcon_core.environment:checking '/workspace/koch_control/install/interbotix_xs_ros_control' for CMake module files
[11.586s] DEBUG:colcon.colcon_core.event_handler.log_command:Invoked command in '/workspace/koch_control/build/interbotix_xs_ros_control' returned '0': AMENT_PREFIX_PATH=/workspace/koch_control/install/interbotix_xs_msgs:${AMENT_PREFIX_PATH} CMAKE_PREFIX_PATH=/workspace/koch_control/install/interbotix_xs_msgs:/opt/ros/humble LD_LIBRARY_PATH=/workspace/koch_control/install/interbotix_xs_msgs/lib:${LD_LIBRARY_PATH} PYTHONPATH=/workspace/koch_control/install/interbotix_xs_msgs/local/lib/python3.10/dist-packages:${PYTHONPATH} /usr/bin/cmake --install /workspace/koch_control/build/interbotix_xs_ros_control
[11.586s] Level 1:colcon.colcon_core.environment:checking '/workspace/koch_control/install/interbotix_xs_ros_control' for CMake config files
[11.587s] Level 1:colcon.colcon_core.shell:create_environment_hook('interbotix_xs_ros_control', 'cmake_prefix_path')
[11.587s] INFO:colcon.colcon_core.shell:Creating environment hook '/workspace/koch_control/install/interbotix_xs_ros_control/share/interbotix_xs_ros_control/hook/cmake_prefix_path.ps1'
[11.588s] INFO:colcon.colcon_core.shell:Creating environment descriptor '/workspace/koch_control/install/interbotix_xs_ros_control/share/interbotix_xs_ros_control/hook/cmake_prefix_path.dsv'
[11.589s] INFO:colcon.colcon_core.shell:Creating environment hook '/workspace/koch_control/install/interbotix_xs_ros_control/share/interbotix_xs_ros_control/hook/cmake_prefix_path.sh'
[11.590s] Level 1:colcon.colcon_core.environment:checking '/workspace/koch_control/install/interbotix_xs_ros_control/lib'
[11.590s] Level 1:colcon.colcon_core.shell:create_environment_hook('interbotix_xs_ros_control', 'ld_library_path_lib')
[11.590s] INFO:colcon.colcon_core.shell:Creating environment hook '/workspace/koch_control/install/interbotix_xs_ros_control/share/interbotix_xs_ros_control/hook/ld_library_path_lib.ps1'
[11.590s] INFO:colcon.colcon_core.shell:Creating environment descriptor '/workspace/koch_control/install/interbotix_xs_ros_control/share/interbotix_xs_ros_control/hook/ld_library_path_lib.dsv'
[11.590s] INFO:colcon.colcon_core.shell:Creating environment hook '/workspace/koch_control/install/interbotix_xs_ros_control/share/interbotix_xs_ros_control/hook/ld_library_path_lib.sh'
[11.590s] Level 1:colcon.colcon_core.environment:checking '/workspace/koch_control/install/interbotix_xs_ros_control/bin'
[11.590s] Level 1:colcon.colcon_core.environment:checking '/workspace/koch_control/install/interbotix_xs_ros_control/lib/pkgconfig/interbotix_xs_ros_control.pc'
[11.590s] Level 1:colcon.colcon_core.environment:checking '/workspace/koch_control/install/interbotix_xs_ros_control/lib/python3.10/site-packages'
[11.590s] Level 1:colcon.colcon_core.environment:checking '/workspace/koch_control/install/interbotix_xs_ros_control/bin'
[11.590s] INFO:colcon.colcon_core.shell:Creating package script '/workspace/koch_control/install/interbotix_xs_ros_control/share/interbotix_xs_ros_control/package.ps1'
[11.591s] INFO:colcon.colcon_core.shell:Creating package descriptor '/workspace/koch_control/install/interbotix_xs_ros_control/share/interbotix_xs_ros_control/package.dsv'
[11.591s] INFO:colcon.colcon_core.shell:Creating package script '/workspace/koch_control/install/interbotix_xs_ros_control/share/interbotix_xs_ros_control/package.sh'
[11.592s] INFO:colcon.colcon_core.shell:Creating package script '/workspace/koch_control/install/interbotix_xs_ros_control/share/interbotix_xs_ros_control/package.bash'
[11.592s] INFO:colcon.colcon_core.shell:Creating package script '/workspace/koch_control/install/interbotix_xs_ros_control/share/interbotix_xs_ros_control/package.zsh'
[11.593s] Level 1:colcon.colcon_core.environment:create_file_with_runtime_dependencies(/workspace/koch_control/install/interbotix_xs_ros_control/share/colcon-core/packages/interbotix_xs_ros_control)
[11.593s] Level 1:colcon.colcon_core.environment:create_environment_scripts_only(interbotix_xs_ros_control)
[11.593s] Level 1:colcon.colcon_core.environment:checking '/workspace/koch_control/install/interbotix_xs_ros_control' for CMake module files
[11.593s] Level 1:colcon.colcon_core.environment:checking '/workspace/koch_control/install/interbotix_xs_ros_control' for CMake config files
[11.593s] Level 1:colcon.colcon_core.shell:create_environment_hook('interbotix_xs_ros_control', 'cmake_prefix_path')
[11.593s] INFO:colcon.colcon_core.shell:Creating environment hook '/workspace/koch_control/install/interbotix_xs_ros_control/share/interbotix_xs_ros_control/hook/cmake_prefix_path.ps1'
[11.594s] INFO:colcon.colcon_core.shell:Creating environment descriptor '/workspace/koch_control/install/interbotix_xs_ros_control/share/interbotix_xs_ros_control/hook/cmake_prefix_path.dsv'
[11.594s] INFO:colcon.colcon_core.shell:Creating environment hook '/workspace/koch_control/install/interbotix_xs_ros_control/share/interbotix_xs_ros_control/hook/cmake_prefix_path.sh'
[11.594s] Level 1:colcon.colcon_core.environment:checking '/workspace/koch_control/install/interbotix_xs_ros_control/lib'
[11.594s] Level 1:colcon.colcon_core.shell:create_environment_hook('interbotix_xs_ros_control', 'ld_library_path_lib')
[11.594s] INFO:colcon.colcon_core.shell:Creating environment hook '/workspace/koch_control/install/interbotix_xs_ros_control/share/interbotix_xs_ros_control/hook/ld_library_path_lib.ps1'
[11.594s] INFO:colcon.colcon_core.shell:Creating environment descriptor '/workspace/koch_control/install/interbotix_xs_ros_control/share/interbotix_xs_ros_control/hook/ld_library_path_lib.dsv'
[11.594s] INFO:colcon.colcon_core.shell:Creating environment hook '/workspace/koch_control/install/interbotix_xs_ros_control/share/interbotix_xs_ros_control/hook/ld_library_path_lib.sh'
[11.594s] Level 1:colcon.colcon_core.environment:checking '/workspace/koch_control/install/interbotix_xs_ros_control/bin'
[11.594s] Level 1:colcon.colcon_core.environment:checking '/workspace/koch_control/install/interbotix_xs_ros_control/lib/pkgconfig/interbotix_xs_ros_control.pc'
[11.594s] Level 1:colcon.colcon_core.environment:checking '/workspace/koch_control/install/interbotix_xs_ros_control/lib/python3.10/site-packages'
[11.594s] Level 1:colcon.colcon_core.environment:checking '/workspace/koch_control/install/interbotix_xs_ros_control/bin'
[11.595s] INFO:colcon.colcon_core.shell:Creating package script '/workspace/koch_control/install/interbotix_xs_ros_control/share/interbotix_xs_ros_control/package.ps1'
[11.595s] INFO:colcon.colcon_core.shell:Creating package descriptor '/workspace/koch_control/install/interbotix_xs_ros_control/share/interbotix_xs_ros_control/package.dsv'
[11.595s] INFO:colcon.colcon_core.shell:Creating package script '/workspace/koch_control/install/interbotix_xs_ros_control/share/interbotix_xs_ros_control/package.sh'
[11.595s] INFO:colcon.colcon_core.shell:Creating package script '/workspace/koch_control/install/interbotix_xs_ros_control/share/interbotix_xs_ros_control/package.bash'
[11.595s] INFO:colcon.colcon_core.shell:Creating package script '/workspace/koch_control/install/interbotix_xs_ros_control/share/interbotix_xs_ros_control/package.zsh'
[11.595s] Level 1:colcon.colcon_core.environment:create_file_with_runtime_dependencies(/workspace/koch_control/install/interbotix_xs_ros_control/share/colcon-core/packages/interbotix_xs_ros_control)
[12.674s] DEBUG:colcon.colcon_core.event_handler.log_command:Invoked command in '/workspace/koch_control/build/interbotix_gravity_compensation' returned '0': AMENT_PREFIX_PATH=/workspace/koch_control/install/interbotix_xs_msgs:${AMENT_PREFIX_PATH} CMAKE_PREFIX_PATH=/workspace/koch_control/install/interbotix_xs_msgs:/opt/ros/humble LD_LIBRARY_PATH=/workspace/koch_control/install/interbotix_xs_msgs/lib:${LD_LIBRARY_PATH} PYTHONPATH=/workspace/koch_control/install/interbotix_xs_msgs/local/lib/python3.10/dist-packages:${PYTHONPATH} /usr/bin/cmake --build /workspace/koch_control/build/interbotix_gravity_compensation -- -j32 -l32
[12.675s] DEBUG:colcon.colcon_core.event_handler.log_command:Invoking command in '/workspace/koch_control/build/interbotix_gravity_compensation': AMENT_PREFIX_PATH=/workspace/koch_control/install/interbotix_xs_msgs:${AMENT_PREFIX_PATH} CMAKE_PREFIX_PATH=/workspace/koch_control/install/interbotix_xs_msgs:/opt/ros/humble LD_LIBRARY_PATH=/workspace/koch_control/install/interbotix_xs_msgs/lib:${LD_LIBRARY_PATH} PYTHONPATH=/workspace/koch_control/install/interbotix_xs_msgs/local/lib/python3.10/dist-packages:${PYTHONPATH} /usr/bin/cmake --install /workspace/koch_control/build/interbotix_gravity_compensation
[12.739s] Level 1:colcon.colcon_core.environment:create_environment_scripts_only(interbotix_gravity_compensation)
[12.739s] Level 1:colcon.colcon_core.environment:checking '/workspace/koch_control/install/interbotix_gravity_compensation' for CMake module files
[12.740s] DEBUG:colcon.colcon_core.event_handler.log_command:Invoked command in '/workspace/koch_control/build/interbotix_gravity_compensation' returned '0': AMENT_PREFIX_PATH=/workspace/koch_control/install/interbotix_xs_msgs:${AMENT_PREFIX_PATH} CMAKE_PREFIX_PATH=/workspace/koch_control/install/interbotix_xs_msgs:/opt/ros/humble LD_LIBRARY_PATH=/workspace/koch_control/install/interbotix_xs_msgs/lib:${LD_LIBRARY_PATH} PYTHONPATH=/workspace/koch_control/install/interbotix_xs_msgs/local/lib/python3.10/dist-packages:${PYTHONPATH} /usr/bin/cmake --install /workspace/koch_control/build/interbotix_gravity_compensation
[12.740s] Level 1:colcon.colcon_core.environment:checking '/workspace/koch_control/install/interbotix_gravity_compensation' for CMake config files
[12.740s] Level 1:colcon.colcon_core.shell:create_environment_hook('interbotix_gravity_compensation', 'cmake_prefix_path')
[12.740s] INFO:colcon.colcon_core.shell:Creating environment hook '/workspace/koch_control/install/interbotix_gravity_compensation/share/interbotix_gravity_compensation/hook/cmake_prefix_path.ps1'
[12.741s] INFO:colcon.colcon_core.shell:Creating environment descriptor '/workspace/koch_control/install/interbotix_gravity_compensation/share/interbotix_gravity_compensation/hook/cmake_prefix_path.dsv'
[12.741s] INFO:colcon.colcon_core.shell:Creating environment hook '/workspace/koch_control/install/interbotix_gravity_compensation/share/interbotix_gravity_compensation/hook/cmake_prefix_path.sh'
[12.741s] Level 1:colcon.colcon_core.environment:checking '/workspace/koch_control/install/interbotix_gravity_compensation/lib'
[12.741s] Level 1:colcon.colcon_core.environment:checking '/workspace/koch_control/install/interbotix_gravity_compensation/bin'
[12.741s] Level 1:colcon.colcon_core.environment:checking '/workspace/koch_control/install/interbotix_gravity_compensation/lib/pkgconfig/interbotix_gravity_compensation.pc'
[12.741s] Level 1:colcon.colcon_core.environment:checking '/workspace/koch_control/install/interbotix_gravity_compensation/lib/python3.10/site-packages'
[12.741s] Level 1:colcon.colcon_core.environment:checking '/workspace/koch_control/install/interbotix_gravity_compensation/bin'
[12.741s] INFO:colcon.colcon_core.shell:Creating package script '/workspace/koch_control/install/interbotix_gravity_compensation/share/interbotix_gravity_compensation/package.ps1'
[12.742s] INFO:colcon.colcon_core.shell:Creating package descriptor '/workspace/koch_control/install/interbotix_gravity_compensation/share/interbotix_gravity_compensation/package.dsv'
[12.742s] INFO:colcon.colcon_core.shell:Creating package script '/workspace/koch_control/install/interbotix_gravity_compensation/share/interbotix_gravity_compensation/package.sh'
[12.742s] INFO:colcon.colcon_core.shell:Creating package script '/workspace/koch_control/install/interbotix_gravity_compensation/share/interbotix_gravity_compensation/package.bash'
[12.742s] INFO:colcon.colcon_core.shell:Creating package script '/workspace/koch_control/install/interbotix_gravity_compensation/share/interbotix_gravity_compensation/package.zsh'
[12.742s] Level 1:colcon.colcon_core.environment:create_file_with_runtime_dependencies(/workspace/koch_control/install/interbotix_gravity_compensation/share/colcon-core/packages/interbotix_gravity_compensation)
[12.742s] Level 1:colcon.colcon_core.environment:create_environment_scripts_only(interbotix_gravity_compensation)
[12.742s] Level 1:colcon.colcon_core.environment:checking '/workspace/koch_control/install/interbotix_gravity_compensation' for CMake module files
[12.743s] Level 1:colcon.colcon_core.environment:checking '/workspace/koch_control/install/interbotix_gravity_compensation' for CMake config files
[12.743s] Level 1:colcon.colcon_core.shell:create_environment_hook('interbotix_gravity_compensation', 'cmake_prefix_path')
[12.743s] INFO:colcon.colcon_core.shell:Creating environment hook '/workspace/koch_control/install/interbotix_gravity_compensation/share/interbotix_gravity_compensation/hook/cmake_prefix_path.ps1'
[12.743s] INFO:colcon.colcon_core.shell:Creating environment descriptor '/workspace/koch_control/install/interbotix_gravity_compensation/share/interbotix_gravity_compensation/hook/cmake_prefix_path.dsv'
[12.743s] INFO:colcon.colcon_core.shell:Creating environment hook '/workspace/koch_control/install/interbotix_gravity_compensation/share/interbotix_gravity_compensation/hook/cmake_prefix_path.sh'
[12.743s] Level 1:colcon.colcon_core.environment:checking '/workspace/koch_control/install/interbotix_gravity_compensation/lib'
[12.743s] Level 1:colcon.colcon_core.environment:checking '/workspace/koch_control/install/interbotix_gravity_compensation/bin'
[12.743s] Level 1:colcon.colcon_core.environment:checking '/workspace/koch_control/install/interbotix_gravity_compensation/lib/pkgconfig/interbotix_gravity_compensation.pc'
[12.743s] Level 1:colcon.colcon_core.environment:checking '/workspace/koch_control/install/interbotix_gravity_compensation/lib/python3.10/site-packages'
[12.743s] Level 1:colcon.colcon_core.environment:checking '/workspace/koch_control/install/interbotix_gravity_compensation/bin'
[12.744s] INFO:colcon.colcon_core.shell:Creating package script '/workspace/koch_control/install/interbotix_gravity_compensation/share/interbotix_gravity_compensation/package.ps1'
[12.744s] INFO:colcon.colcon_core.shell:Creating package descriptor '/workspace/koch_control/install/interbotix_gravity_compensation/share/interbotix_gravity_compensation/package.dsv'
[12.744s] INFO:colcon.colcon_core.shell:Creating package script '/workspace/koch_control/install/interbotix_gravity_compensation/share/interbotix_gravity_compensation/package.sh'
[12.744s] INFO:colcon.colcon_core.shell:Creating package script '/workspace/koch_control/install/interbotix_gravity_compensation/share/interbotix_gravity_compensation/package.bash'
[12.744s] INFO:colcon.colcon_core.shell:Creating package script '/workspace/koch_control/install/interbotix_gravity_compensation/share/interbotix_gravity_compensation/package.zsh'
[12.744s] Level 1:colcon.colcon_core.environment:create_file_with_runtime_dependencies(/workspace/koch_control/install/interbotix_gravity_compensation/share/colcon-core/packages/interbotix_gravity_compensation)
[12.744s] INFO:colcon.colcon_ros.task.ament_cmake.build:Building ROS package in '/workspace/koch_control/interbotix_ros_toolboxes/interbotix_common_toolbox/interbotix_common_toolbox' with build type 'ament_cmake'
[12.744s] INFO:colcon.colcon_cmake.task.cmake.build:Building CMake package in '/workspace/koch_control/interbotix_ros_toolboxes/interbotix_common_toolbox/interbotix_common_toolbox'
[12.745s] INFO:colcon.colcon_core.shell:Skip shell extension 'powershell' for command environment: Not usable outside of PowerShell
[12.745s] DEBUG:colcon.colcon_core.shell:Skip shell extension 'dsv' for command environment
[12.757s] DEBUG:colcon.colcon_core.event_handler.log_command:Invoking command in '/workspace/koch_control/build/interbotix_common_toolbox': AMENT_PREFIX_PATH=/workspace/koch_control/install/interbotix_gravity_compensation:/workspace/koch_control/install/interbotix_xs_msgs:/workspace/koch_control/install/interbotix_common_sim:/workspace/koch_control/install/interbotix_common_modules:${AMENT_PREFIX_PATH} CMAKE_PREFIX_PATH=/workspace/koch_control/install/interbotix_gravity_compensation:/workspace/koch_control/install/interbotix_xs_msgs:/workspace/koch_control/install/interbotix_common_sim:/opt/ros/humble LD_LIBRARY_PATH=/workspace/koch_control/install/interbotix_xs_msgs/lib:${LD_LIBRARY_PATH} PYTHONPATH=/workspace/koch_control/install/interbotix_xs_msgs/local/lib/python3.10/dist-packages:/workspace/koch_control/build/interbotix_common_modules:/workspace/koch_control/install/interbotix_common_modules/lib/python3.10/site-packages:${PYTHONPATH} /usr/bin/cmake /workspace/koch_control/interbotix_ros_toolboxes/interbotix_common_toolbox/interbotix_common_toolbox -DAMENT_CMAKE_SYMLINK_INSTALL=1 -DCMAKE_INSTALL_PREFIX=/workspace/koch_control/install/interbotix_common_toolbox
[13.095s] DEBUG:colcon.colcon_core.event_handler.log_command:Invoked command in '/workspace/koch_control/build/interbotix_common_toolbox' returned '0': AMENT_PREFIX_PATH=/workspace/koch_control/install/interbotix_gravity_compensation:/workspace/koch_control/install/interbotix_xs_msgs:/workspace/koch_control/install/interbotix_common_sim:/workspace/koch_control/install/interbotix_common_modules:${AMENT_PREFIX_PATH} CMAKE_PREFIX_PATH=/workspace/koch_control/install/interbotix_gravity_compensation:/workspace/koch_control/install/interbotix_xs_msgs:/workspace/koch_control/install/interbotix_common_sim:/opt/ros/humble LD_LIBRARY_PATH=/workspace/koch_control/install/interbotix_xs_msgs/lib:${LD_LIBRARY_PATH} PYTHONPATH=/workspace/koch_control/install/interbotix_xs_msgs/local/lib/python3.10/dist-packages:/workspace/koch_control/build/interbotix_common_modules:/workspace/koch_control/install/interbotix_common_modules/lib/python3.10/site-packages:${PYTHONPATH} /usr/bin/cmake /workspace/koch_control/interbotix_ros_toolboxes/interbotix_common_toolbox/interbotix_common_toolbox -DAMENT_CMAKE_SYMLINK_INSTALL=1 -DCMAKE_INSTALL_PREFIX=/workspace/koch_control/install/interbotix_common_toolbox
[13.096s] DEBUG:colcon.colcon_core.event_handler.log_command:Invoking command in '/workspace/koch_control/build/interbotix_common_toolbox': AMENT_PREFIX_PATH=/workspace/koch_control/install/interbotix_gravity_compensation:/workspace/koch_control/install/interbotix_xs_msgs:/workspace/koch_control/install/interbotix_common_sim:/workspace/koch_control/install/interbotix_common_modules:${AMENT_PREFIX_PATH} CMAKE_PREFIX_PATH=/workspace/koch_control/install/interbotix_gravity_compensation:/workspace/koch_control/install/interbotix_xs_msgs:/workspace/koch_control/install/interbotix_common_sim:/opt/ros/humble LD_LIBRARY_PATH=/workspace/koch_control/install/interbotix_xs_msgs/lib:${LD_LIBRARY_PATH} PYTHONPATH=/workspace/koch_control/install/interbotix_xs_msgs/local/lib/python3.10/dist-packages:/workspace/koch_control/build/interbotix_common_modules:/workspace/koch_control/install/interbotix_common_modules/lib/python3.10/site-packages:${PYTHONPATH} /usr/bin/cmake --build /workspace/koch_control/build/interbotix_common_toolbox -- -j32 -l32
[13.111s] DEBUG:colcon.colcon_core.event_handler.log_command:Invoked command in '/workspace/koch_control/build/interbotix_common_toolbox' returned '0': AMENT_PREFIX_PATH=/workspace/koch_control/install/interbotix_gravity_compensation:/workspace/koch_control/install/interbotix_xs_msgs:/workspace/koch_control/install/interbotix_common_sim:/workspace/koch_control/install/interbotix_common_modules:${AMENT_PREFIX_PATH} CMAKE_PREFIX_PATH=/workspace/koch_control/install/interbotix_gravity_compensation:/workspace/koch_control/install/interbotix_xs_msgs:/workspace/koch_control/install/interbotix_common_sim:/opt/ros/humble LD_LIBRARY_PATH=/workspace/koch_control/install/interbotix_xs_msgs/lib:${LD_LIBRARY_PATH} PYTHONPATH=/workspace/koch_control/install/interbotix_xs_msgs/local/lib/python3.10/dist-packages:/workspace/koch_control/build/interbotix_common_modules:/workspace/koch_control/install/interbotix_common_modules/lib/python3.10/site-packages:${PYTHONPATH} /usr/bin/cmake --build /workspace/koch_control/build/interbotix_common_toolbox -- -j32 -l32
[13.111s] DEBUG:colcon.colcon_core.event_handler.log_command:Invoking command in '/workspace/koch_control/build/interbotix_common_toolbox': AMENT_PREFIX_PATH=/workspace/koch_control/install/interbotix_gravity_compensation:/workspace/koch_control/install/interbotix_xs_msgs:/workspace/koch_control/install/interbotix_common_sim:/workspace/koch_control/install/interbotix_common_modules:${AMENT_PREFIX_PATH} CMAKE_PREFIX_PATH=/workspace/koch_control/install/interbotix_gravity_compensation:/workspace/koch_control/install/interbotix_xs_msgs:/workspace/koch_control/install/interbotix_common_sim:/opt/ros/humble LD_LIBRARY_PATH=/workspace/koch_control/install/interbotix_xs_msgs/lib:${LD_LIBRARY_PATH} PYTHONPATH=/workspace/koch_control/install/interbotix_xs_msgs/local/lib/python3.10/dist-packages:/workspace/koch_control/build/interbotix_common_modules:/workspace/koch_control/install/interbotix_common_modules/lib/python3.10/site-packages:${PYTHONPATH} /usr/bin/cmake --install /workspace/koch_control/build/interbotix_common_toolbox
[13.163s] Level 1:colcon.colcon_core.environment:create_environment_scripts_only(interbotix_common_toolbox)
[13.163s] Level 1:colcon.colcon_core.environment:checking '/workspace/koch_control/install/interbotix_common_toolbox' for CMake module files
[13.163s] DEBUG:colcon.colcon_core.event_handler.log_command:Invoked command in '/workspace/koch_control/build/interbotix_common_toolbox' returned '0': AMENT_PREFIX_PATH=/workspace/koch_control/install/interbotix_gravity_compensation:/workspace/koch_control/install/interbotix_xs_msgs:/workspace/koch_control/install/interbotix_common_sim:/workspace/koch_control/install/interbotix_common_modules:${AMENT_PREFIX_PATH} CMAKE_PREFIX_PATH=/workspace/koch_control/install/interbotix_gravity_compensation:/workspace/koch_control/install/interbotix_xs_msgs:/workspace/koch_control/install/interbotix_common_sim:/opt/ros/humble LD_LIBRARY_PATH=/workspace/koch_control/install/interbotix_xs_msgs/lib:${LD_LIBRARY_PATH} PYTHONPATH=/workspace/koch_control/install/interbotix_xs_msgs/local/lib/python3.10/dist-packages:/workspace/koch_control/build/interbotix_common_modules:/workspace/koch_control/install/interbotix_common_modules/lib/python3.10/site-packages:${PYTHONPATH} /usr/bin/cmake --install /workspace/koch_control/build/interbotix_common_toolbox
[13.163s] Level 1:colcon.colcon_core.environment:checking '/workspace/koch_control/install/interbotix_common_toolbox' for CMake config files
[13.163s] Level 1:colcon.colcon_core.shell:create_environment_hook('interbotix_common_toolbox', 'cmake_prefix_path')
[13.164s] INFO:colcon.colcon_core.shell:Creating environment hook '/workspace/koch_control/install/interbotix_common_toolbox/share/interbotix_common_toolbox/hook/cmake_prefix_path.ps1'
[13.164s] INFO:colcon.colcon_core.shell:Creating environment descriptor '/workspace/koch_control/install/interbotix_common_toolbox/share/interbotix_common_toolbox/hook/cmake_prefix_path.dsv'
[13.164s] INFO:colcon.colcon_core.shell:Creating environment hook '/workspace/koch_control/install/interbotix_common_toolbox/share/interbotix_common_toolbox/hook/cmake_prefix_path.sh'
[13.164s] Level 1:colcon.colcon_core.environment:checking '/workspace/koch_control/install/interbotix_common_toolbox/bin'
[13.164s] Level 1:colcon.colcon_core.environment:checking '/workspace/koch_control/install/interbotix_common_toolbox/lib/pkgconfig/interbotix_common_toolbox.pc'
[13.164s] Level 1:colcon.colcon_core.environment:checking '/workspace/koch_control/install/interbotix_common_toolbox/lib/python3.10/site-packages'
[13.164s] Level 1:colcon.colcon_core.environment:checking '/workspace/koch_control/install/interbotix_common_toolbox/bin'
[13.165s] INFO:colcon.colcon_core.shell:Creating package script '/workspace/koch_control/install/interbotix_common_toolbox/share/interbotix_common_toolbox/package.ps1'
[13.165s] INFO:colcon.colcon_core.shell:Creating package descriptor '/workspace/koch_control/install/interbotix_common_toolbox/share/interbotix_common_toolbox/package.dsv'
[13.165s] INFO:colcon.colcon_core.shell:Creating package script '/workspace/koch_control/install/interbotix_common_toolbox/share/interbotix_common_toolbox/package.sh'
[13.165s] INFO:colcon.colcon_core.shell:Creating package script '/workspace/koch_control/install/interbotix_common_toolbox/share/interbotix_common_toolbox/package.bash'
[13.165s] INFO:colcon.colcon_core.shell:Creating package script '/workspace/koch_control/install/interbotix_common_toolbox/share/interbotix_common_toolbox/package.zsh'
[13.165s] Level 1:colcon.colcon_core.environment:create_file_with_runtime_dependencies(/workspace/koch_control/install/interbotix_common_toolbox/share/colcon-core/packages/interbotix_common_toolbox)
[13.165s] Level 1:colcon.colcon_core.environment:create_environment_scripts_only(interbotix_common_toolbox)
[13.166s] Level 1:colcon.colcon_core.environment:checking '/workspace/koch_control/install/interbotix_common_toolbox' for CMake module files
[13.166s] Level 1:colcon.colcon_core.environment:checking '/workspace/koch_control/install/interbotix_common_toolbox' for CMake config files
[13.166s] Level 1:colcon.colcon_core.shell:create_environment_hook('interbotix_common_toolbox', 'cmake_prefix_path')
[13.166s] INFO:colcon.colcon_core.shell:Creating environment hook '/workspace/koch_control/install/interbotix_common_toolbox/share/interbotix_common_toolbox/hook/cmake_prefix_path.ps1'
[13.166s] INFO:colcon.colcon_core.shell:Creating environment descriptor '/workspace/koch_control/install/interbotix_common_toolbox/share/interbotix_common_toolbox/hook/cmake_prefix_path.dsv'
[13.166s] INFO:colcon.colcon_core.shell:Creating environment hook '/workspace/koch_control/install/interbotix_common_toolbox/share/interbotix_common_toolbox/hook/cmake_prefix_path.sh'
[13.166s] Level 1:colcon.colcon_core.environment:checking '/workspace/koch_control/install/interbotix_common_toolbox/bin'
[13.166s] Level 1:colcon.colcon_core.environment:checking '/workspace/koch_control/install/interbotix_common_toolbox/lib/pkgconfig/interbotix_common_toolbox.pc'
[13.167s] Level 1:colcon.colcon_core.environment:checking '/workspace/koch_control/install/interbotix_common_toolbox/lib/python3.10/site-packages'
[13.167s] Level 1:colcon.colcon_core.environment:checking '/workspace/koch_control/install/interbotix_common_toolbox/bin'
[13.167s] INFO:colcon.colcon_core.shell:Creating package script '/workspace/koch_control/install/interbotix_common_toolbox/share/interbotix_common_toolbox/package.ps1'
[13.167s] INFO:colcon.colcon_core.shell:Creating package descriptor '/workspace/koch_control/install/interbotix_common_toolbox/share/interbotix_common_toolbox/package.dsv'
[13.167s] INFO:colcon.colcon_core.shell:Creating package script '/workspace/koch_control/install/interbotix_common_toolbox/share/interbotix_common_toolbox/package.sh'
[13.167s] INFO:colcon.colcon_core.shell:Creating package script '/workspace/koch_control/install/interbotix_common_toolbox/share/interbotix_common_toolbox/package.bash'
[13.167s] INFO:colcon.colcon_core.shell:Creating package script '/workspace/koch_control/install/interbotix_common_toolbox/share/interbotix_common_toolbox/package.zsh'
[13.167s] Level 1:colcon.colcon_core.environment:create_file_with_runtime_dependencies(/workspace/koch_control/install/interbotix_common_toolbox/share/colcon-core/packages/interbotix_common_toolbox)
[15.693s] DEBUG:colcon.colcon_core.event_handler.log_command:Invoked command in '/workspace/koch_control/build/interbotix_xs_sdk' returned '0': AMENT_PREFIX_PATH=/workspace/koch_control/install/interbotix_xs_driver:/workspace/koch_control/install/interbotix_xs_msgs:/workspace/koch_control/install/dynamixel_workbench_toolbox:${AMENT_PREFIX_PATH} CMAKE_PREFIX_PATH=/workspace/koch_control/install/interbotix_xs_driver:/workspace/koch_control/install/interbotix_xs_msgs:/workspace/koch_control/install/dynamixel_workbench_toolbox:/opt/ros/humble LD_LIBRARY_PATH=/workspace/koch_control/install/interbotix_xs_driver/lib:/workspace/koch_control/install/interbotix_xs_msgs/lib:/workspace/koch_control/install/dynamixel_workbench_toolbox/lib:${LD_LIBRARY_PATH} PYTHONPATH=/workspace/koch_control/install/interbotix_xs_msgs/local/lib/python3.10/dist-packages:${PYTHONPATH} /usr/bin/cmake --build /workspace/koch_control/build/interbotix_xs_sdk -- -j32 -l32
[15.694s] DEBUG:colcon.colcon_core.event_handler.log_command:Invoking command in '/workspace/koch_control/build/interbotix_xs_sdk': AMENT_PREFIX_PATH=/workspace/koch_control/install/interbotix_xs_driver:/workspace/koch_control/install/interbotix_xs_msgs:/workspace/koch_control/install/dynamixel_workbench_toolbox:${AMENT_PREFIX_PATH} CMAKE_PREFIX_PATH=/workspace/koch_control/install/interbotix_xs_driver:/workspace/koch_control/install/interbotix_xs_msgs:/workspace/koch_control/install/dynamixel_workbench_toolbox:/opt/ros/humble LD_LIBRARY_PATH=/workspace/koch_control/install/interbotix_xs_driver/lib:/workspace/koch_control/install/interbotix_xs_msgs/lib:/workspace/koch_control/install/dynamixel_workbench_toolbox/lib:${LD_LIBRARY_PATH} PYTHONPATH=/workspace/koch_control/install/interbotix_xs_msgs/local/lib/python3.10/dist-packages:${PYTHONPATH} /usr/bin/cmake --install /workspace/koch_control/build/interbotix_xs_sdk
[15.762s] Level 1:colcon.colcon_core.environment:create_environment_scripts_only(interbotix_xs_sdk)
[15.762s] Level 1:colcon.colcon_core.environment:checking '/workspace/koch_control/install/interbotix_xs_sdk' for CMake module files
[15.762s] DEBUG:colcon.colcon_core.event_handler.log_command:Invoked command in '/workspace/koch_control/build/interbotix_xs_sdk' returned '0': AMENT_PREFIX_PATH=/workspace/koch_control/install/interbotix_xs_driver:/workspace/koch_control/install/interbotix_xs_msgs:/workspace/koch_control/install/dynamixel_workbench_toolbox:${AMENT_PREFIX_PATH} CMAKE_PREFIX_PATH=/workspace/koch_control/install/interbotix_xs_driver:/workspace/koch_control/install/interbotix_xs_msgs:/workspace/koch_control/install/dynamixel_workbench_toolbox:/opt/ros/humble LD_LIBRARY_PATH=/workspace/koch_control/install/interbotix_xs_driver/lib:/workspace/koch_control/install/interbotix_xs_msgs/lib:/workspace/koch_control/install/dynamixel_workbench_toolbox/lib:${LD_LIBRARY_PATH} PYTHONPATH=/workspace/koch_control/install/interbotix_xs_msgs/local/lib/python3.10/dist-packages:${PYTHONPATH} /usr/bin/cmake --install /workspace/koch_control/build/interbotix_xs_sdk
[15.762s] Level 1:colcon.colcon_core.environment:checking '/workspace/koch_control/install/interbotix_xs_sdk' for CMake config files
[15.762s] Level 1:colcon.colcon_core.shell:create_environment_hook('interbotix_xs_sdk', 'cmake_prefix_path')
[15.763s] INFO:colcon.colcon_core.shell:Creating environment hook '/workspace/koch_control/install/interbotix_xs_sdk/share/interbotix_xs_sdk/hook/cmake_prefix_path.ps1'
[15.763s] INFO:colcon.colcon_core.shell:Creating environment descriptor '/workspace/koch_control/install/interbotix_xs_sdk/share/interbotix_xs_sdk/hook/cmake_prefix_path.dsv'
[15.763s] INFO:colcon.colcon_core.shell:Creating environment hook '/workspace/koch_control/install/interbotix_xs_sdk/share/interbotix_xs_sdk/hook/cmake_prefix_path.sh'
[15.763s] Level 1:colcon.colcon_core.environment:checking '/workspace/koch_control/install/interbotix_xs_sdk/lib'
[15.763s] Level 1:colcon.colcon_core.environment:checking '/workspace/koch_control/install/interbotix_xs_sdk/bin'
[15.763s] Level 1:colcon.colcon_core.environment:checking '/workspace/koch_control/install/interbotix_xs_sdk/lib/pkgconfig/interbotix_xs_sdk.pc'
[15.763s] Level 1:colcon.colcon_core.environment:checking '/workspace/koch_control/install/interbotix_xs_sdk/lib/python3.10/site-packages'
[15.763s] Level 1:colcon.colcon_core.environment:checking '/workspace/koch_control/install/interbotix_xs_sdk/bin'
[15.764s] INFO:colcon.colcon_core.shell:Creating package script '/workspace/koch_control/install/interbotix_xs_sdk/share/interbotix_xs_sdk/package.ps1'
[15.764s] INFO:colcon.colcon_core.shell:Creating package descriptor '/workspace/koch_control/install/interbotix_xs_sdk/share/interbotix_xs_sdk/package.dsv'
[15.764s] INFO:colcon.colcon_core.shell:Creating package script '/workspace/koch_control/install/interbotix_xs_sdk/share/interbotix_xs_sdk/package.sh'
[15.764s] INFO:colcon.colcon_core.shell:Creating package script '/workspace/koch_control/install/interbotix_xs_sdk/share/interbotix_xs_sdk/package.bash'
[15.764s] INFO:colcon.colcon_core.shell:Creating package script '/workspace/koch_control/install/interbotix_xs_sdk/share/interbotix_xs_sdk/package.zsh'
[15.764s] Level 1:colcon.colcon_core.environment:create_file_with_runtime_dependencies(/workspace/koch_control/install/interbotix_xs_sdk/share/colcon-core/packages/interbotix_xs_sdk)
[15.764s] Level 1:colcon.colcon_core.environment:create_environment_scripts_only(interbotix_xs_sdk)
[15.765s] Level 1:colcon.colcon_core.environment:checking '/workspace/koch_control/install/interbotix_xs_sdk' for CMake module files
[15.765s] Level 1:colcon.colcon_core.environment:checking '/workspace/koch_control/install/interbotix_xs_sdk' for CMake config files
[15.765s] Level 1:colcon.colcon_core.shell:create_environment_hook('interbotix_xs_sdk', 'cmake_prefix_path')
[15.765s] INFO:colcon.colcon_core.shell:Creating environment hook '/workspace/koch_control/install/interbotix_xs_sdk/share/interbotix_xs_sdk/hook/cmake_prefix_path.ps1'
[15.765s] INFO:colcon.colcon_core.shell:Creating environment descriptor '/workspace/koch_control/install/interbotix_xs_sdk/share/interbotix_xs_sdk/hook/cmake_prefix_path.dsv'
[15.765s] INFO:colcon.colcon_core.shell:Creating environment hook '/workspace/koch_control/install/interbotix_xs_sdk/share/interbotix_xs_sdk/hook/cmake_prefix_path.sh'
[15.765s] Level 1:colcon.colcon_core.environment:checking '/workspace/koch_control/install/interbotix_xs_sdk/lib'
[15.765s] Level 1:colcon.colcon_core.environment:checking '/workspace/koch_control/install/interbotix_xs_sdk/bin'
[15.765s] Level 1:colcon.colcon_core.environment:checking '/workspace/koch_control/install/interbotix_xs_sdk/lib/pkgconfig/interbotix_xs_sdk.pc'
[15.765s] Level 1:colcon.colcon_core.environment:checking '/workspace/koch_control/install/interbotix_xs_sdk/lib/python3.10/site-packages'
[15.766s] Level 1:colcon.colcon_core.environment:checking '/workspace/koch_control/install/interbotix_xs_sdk/bin'
[15.766s] INFO:colcon.colcon_core.shell:Creating package script '/workspace/koch_control/install/interbotix_xs_sdk/share/interbotix_xs_sdk/package.ps1'
[15.766s] INFO:colcon.colcon_core.shell:Creating package descriptor '/workspace/koch_control/install/interbotix_xs_sdk/share/interbotix_xs_sdk/package.dsv'
[15.766s] INFO:colcon.colcon_core.shell:Creating package script '/workspace/koch_control/install/interbotix_xs_sdk/share/interbotix_xs_sdk/package.sh'
[15.766s] INFO:colcon.colcon_core.shell:Creating package script '/workspace/koch_control/install/interbotix_xs_sdk/share/interbotix_xs_sdk/package.bash'
[15.766s] INFO:colcon.colcon_core.shell:Creating package script '/workspace/koch_control/install/interbotix_xs_sdk/share/interbotix_xs_sdk/package.zsh'
[15.766s] Level 1:colcon.colcon_core.environment:create_file_with_runtime_dependencies(/workspace/koch_control/install/interbotix_xs_sdk/share/colcon-core/packages/interbotix_xs_sdk)
[15.767s] INFO:colcon.colcon_ros.task.ament_python.build:Building ROS package in '/workspace/koch_control/interbotix_ros_toolboxes/interbotix_xs_toolbox/interbotix_xs_modules' with build type 'ament_python'
[15.767s] Level 1:colcon.colcon_core.shell:create_environment_hook('interbotix_xs_modules', 'ament_prefix_path')
[15.767s] INFO:colcon.colcon_core.shell:Creating environment hook '/workspace/koch_control/install/interbotix_xs_modules/share/interbotix_xs_modules/hook/ament_prefix_path.ps1'
[15.767s] INFO:colcon.colcon_core.shell:Creating environment descriptor '/workspace/koch_control/install/interbotix_xs_modules/share/interbotix_xs_modules/hook/ament_prefix_path.dsv'
[15.767s] INFO:colcon.colcon_core.shell:Creating environment hook '/workspace/koch_control/install/interbotix_xs_modules/share/interbotix_xs_modules/hook/ament_prefix_path.sh'
[15.767s] INFO:colcon.colcon_core.shell:Skip shell extension 'powershell' for command environment: Not usable outside of PowerShell
[15.767s] DEBUG:colcon.colcon_core.shell:Skip shell extension 'dsv' for command environment
[15.770s] INFO:colcon.colcon_ros.task.ament_cmake.build:Building ROS package in '/workspace/koch_control/interbotix_ros_toolboxes/interbotix_xs_toolbox/interbotix_xs_rviz' with build type 'ament_cmake'
[15.770s] INFO:colcon.colcon_cmake.task.cmake.build:Building CMake package in '/workspace/koch_control/interbotix_ros_toolboxes/interbotix_xs_toolbox/interbotix_xs_rviz'
[15.770s] INFO:colcon.colcon_core.shell:Skip shell extension 'powershell' for command environment: Not usable outside of PowerShell
[15.770s] DEBUG:colcon.colcon_core.shell:Skip shell extension 'dsv' for command environment
[15.771s] INFO:colcon.colcon_ros.task.ament_cmake.build:Building ROS package in '/workspace/koch_control/interbotix_ros_core/interbotix_ros_xseries/interbotix_ros_xseries' with build type 'ament_cmake'
[15.771s] INFO:colcon.colcon_cmake.task.cmake.build:Building CMake package in '/workspace/koch_control/interbotix_ros_core/interbotix_ros_xseries/interbotix_ros_xseries'
[15.771s] INFO:colcon.colcon_core.shell:Skip shell extension 'powershell' for command environment: Not usable outside of PowerShell
[15.771s] DEBUG:colcon.colcon_core.shell:Skip shell extension 'dsv' for command environment
[15.956s] INFO:colcon.colcon_core.task.python.build:Building Python package in '/workspace/koch_control/interbotix_ros_toolboxes/interbotix_xs_toolbox/interbotix_xs_modules'
[15.956s] INFO:colcon.colcon_core.shell:Skip shell extension 'powershell' for command environment: Not usable outside of PowerShell
[15.956s] DEBUG:colcon.colcon_core.shell:Skip shell extension 'dsv' for command environment
[15.959s] DEBUG:colcon.colcon_core.event_handler.log_command:Invoking command in '/workspace/koch_control/build/interbotix_xs_rviz': AMENT_PREFIX_PATH=/workspace/koch_control/install/interbotix_xs_sdk:/workspace/koch_control/install/interbotix_xs_driver:/workspace/koch_control/install/interbotix_xs_msgs:/workspace/koch_control/install/dynamixel_workbench_toolbox:${AMENT_PREFIX_PATH} CMAKE_PREFIX_PATH=/workspace/koch_control/install/interbotix_xs_sdk:/workspace/koch_control/install/interbotix_xs_driver:/workspace/koch_control/install/interbotix_xs_msgs:/workspace/koch_control/install/dynamixel_workbench_toolbox:/opt/ros/humble LD_LIBRARY_PATH=/workspace/koch_control/install/interbotix_xs_driver/lib:/workspace/koch_control/install/interbotix_xs_msgs/lib:/workspace/koch_control/install/dynamixel_workbench_toolbox/lib:${LD_LIBRARY_PATH} PYTHONPATH=/workspace/koch_control/install/interbotix_xs_msgs/local/lib/python3.10/dist-packages:${PYTHONPATH} /usr/bin/cmake /workspace/koch_control/interbotix_ros_toolboxes/interbotix_xs_toolbox/interbotix_xs_rviz -DAMENT_CMAKE_SYMLINK_INSTALL=1 -DCMAKE_INSTALL_PREFIX=/workspace/koch_control/install/interbotix_xs_rviz
[15.961s] DEBUG:colcon.colcon_core.event_handler.log_command:Invoking command in '/workspace/koch_control/build/interbotix_ros_xseries': AMENT_PREFIX_PATH=/workspace/koch_control/install/interbotix_xs_sdk:/workspace/koch_control/install/interbotix_xs_driver:/workspace/koch_control/install/interbotix_xs_msgs:/workspace/koch_control/install/dynamixel_workbench_toolbox:${AMENT_PREFIX_PATH} CMAKE_PREFIX_PATH=/workspace/koch_control/install/interbotix_xs_sdk:/workspace/koch_control/install/interbotix_xs_driver:/workspace/koch_control/install/interbotix_xs_msgs:/workspace/koch_control/install/dynamixel_workbench_toolbox:/opt/ros/humble LD_LIBRARY_PATH=/workspace/koch_control/install/interbotix_xs_driver/lib:/workspace/koch_control/install/interbotix_xs_msgs/lib:/workspace/koch_control/install/dynamixel_workbench_toolbox/lib:${LD_LIBRARY_PATH} PYTHONPATH=/workspace/koch_control/install/interbotix_xs_msgs/local/lib/python3.10/dist-packages:${PYTHONPATH} /usr/bin/cmake /workspace/koch_control/interbotix_ros_core/interbotix_ros_xseries/interbotix_ros_xseries -DAMENT_CMAKE_SYMLINK_INSTALL=1 -DCMAKE_INSTALL_PREFIX=/workspace/koch_control/install/interbotix_ros_xseries
[16.160s] DEBUG:colcon.colcon_core.event_handler.log_command:Invoking command in '/workspace/koch_control/build/interbotix_xs_modules': AMENT_PREFIX_PATH=/workspace/koch_control/install/interbotix_xs_sdk:/workspace/koch_control/install/interbotix_xs_driver:/workspace/koch_control/install/interbotix_xs_msgs:/workspace/koch_control/install/interbotix_common_modules:/workspace/koch_control/install/dynamixel_workbench_toolbox:${AMENT_PREFIX_PATH} CMAKE_PREFIX_PATH=/workspace/koch_control/install/interbotix_xs_sdk:/workspace/koch_control/install/interbotix_xs_driver:/workspace/koch_control/install/interbotix_xs_msgs:/workspace/koch_control/install/dynamixel_workbench_toolbox LD_LIBRARY_PATH=/workspace/koch_control/install/interbotix_xs_driver/lib:/workspace/koch_control/install/interbotix_xs_msgs/lib:/workspace/koch_control/install/dynamixel_workbench_toolbox/lib:${LD_LIBRARY_PATH} PYTHONPATH=/workspace/koch_control/build/interbotix_xs_modules/prefix_override:/usr/lib/python3/dist-packages/colcon_core/task/python/colcon_distutils_commands:/workspace/koch_control/install/interbotix_xs_modules/lib/python3.10/site-packages:/workspace/koch_control/install/interbotix_xs_msgs/local/lib/python3.10/dist-packages:/workspace/koch_control/build/interbotix_common_modules:/workspace/koch_control/install/interbotix_common_modules/lib/python3.10/site-packages:${PYTHONPATH} /usr/bin/python3 -W ignore:setup.py install is deprecated -W ignore:easy_install command is deprecated setup.py develop --editable --build-directory /workspace/koch_control/build/interbotix_xs_modules/build --no-deps symlink_data
[16.244s] DEBUG:colcon.colcon_core.event_handler.log_command:Invoked command in '/workspace/koch_control/build/interbotix_ros_xseries' returned '0': AMENT_PREFIX_PATH=/workspace/koch_control/install/interbotix_xs_sdk:/workspace/koch_control/install/interbotix_xs_driver:/workspace/koch_control/install/interbotix_xs_msgs:/workspace/koch_control/install/dynamixel_workbench_toolbox:${AMENT_PREFIX_PATH} CMAKE_PREFIX_PATH=/workspace/koch_control/install/interbotix_xs_sdk:/workspace/koch_control/install/interbotix_xs_driver:/workspace/koch_control/install/interbotix_xs_msgs:/workspace/koch_control/install/dynamixel_workbench_toolbox:/opt/ros/humble LD_LIBRARY_PATH=/workspace/koch_control/install/interbotix_xs_driver/lib:/workspace/koch_control/install/interbotix_xs_msgs/lib:/workspace/koch_control/install/dynamixel_workbench_toolbox/lib:${LD_LIBRARY_PATH} PYTHONPATH=/workspace/koch_control/install/interbotix_xs_msgs/local/lib/python3.10/dist-packages:${PYTHONPATH} /usr/bin/cmake /workspace/koch_control/interbotix_ros_core/interbotix_ros_xseries/interbotix_ros_xseries -DAMENT_CMAKE_SYMLINK_INSTALL=1 -DCMAKE_INSTALL_PREFIX=/workspace/koch_control/install/interbotix_ros_xseries
[16.244s] DEBUG:colcon.colcon_core.event_handler.log_command:Invoking command in '/workspace/koch_control/build/interbotix_ros_xseries': AMENT_PREFIX_PATH=/workspace/koch_control/install/interbotix_xs_sdk:/workspace/koch_control/install/interbotix_xs_driver:/workspace/koch_control/install/interbotix_xs_msgs:/workspace/koch_control/install/dynamixel_workbench_toolbox:${AMENT_PREFIX_PATH} CMAKE_PREFIX_PATH=/workspace/koch_control/install/interbotix_xs_sdk:/workspace/koch_control/install/interbotix_xs_driver:/workspace/koch_control/install/interbotix_xs_msgs:/workspace/koch_control/install/dynamixel_workbench_toolbox:/opt/ros/humble LD_LIBRARY_PATH=/workspace/koch_control/install/interbotix_xs_driver/lib:/workspace/koch_control/install/interbotix_xs_msgs/lib:/workspace/koch_control/install/dynamixel_workbench_toolbox/lib:${LD_LIBRARY_PATH} PYTHONPATH=/workspace/koch_control/install/interbotix_xs_msgs/local/lib/python3.10/dist-packages:${PYTHONPATH} /usr/bin/cmake --build /workspace/koch_control/build/interbotix_ros_xseries -- -j32 -l32
[16.262s] DEBUG:colcon.colcon_core.event_handler.log_command:Invoked command in '/workspace/koch_control/build/interbotix_ros_xseries' returned '0': AMENT_PREFIX_PATH=/workspace/koch_control/install/interbotix_xs_sdk:/workspace/koch_control/install/interbotix_xs_driver:/workspace/koch_control/install/interbotix_xs_msgs:/workspace/koch_control/install/dynamixel_workbench_toolbox:${AMENT_PREFIX_PATH} CMAKE_PREFIX_PATH=/workspace/koch_control/install/interbotix_xs_sdk:/workspace/koch_control/install/interbotix_xs_driver:/workspace/koch_control/install/interbotix_xs_msgs:/workspace/koch_control/install/dynamixel_workbench_toolbox:/opt/ros/humble LD_LIBRARY_PATH=/workspace/koch_control/install/interbotix_xs_driver/lib:/workspace/koch_control/install/interbotix_xs_msgs/lib:/workspace/koch_control/install/dynamixel_workbench_toolbox/lib:${LD_LIBRARY_PATH} PYTHONPATH=/workspace/koch_control/install/interbotix_xs_msgs/local/lib/python3.10/dist-packages:${PYTHONPATH} /usr/bin/cmake --build /workspace/koch_control/build/interbotix_ros_xseries -- -j32 -l32
[16.263s] DEBUG:colcon.colcon_core.event_handler.log_command:Invoking command in '/workspace/koch_control/build/interbotix_ros_xseries': AMENT_PREFIX_PATH=/workspace/koch_control/install/interbotix_xs_sdk:/workspace/koch_control/install/interbotix_xs_driver:/workspace/koch_control/install/interbotix_xs_msgs:/workspace/koch_control/install/dynamixel_workbench_toolbox:${AMENT_PREFIX_PATH} CMAKE_PREFIX_PATH=/workspace/koch_control/install/interbotix_xs_sdk:/workspace/koch_control/install/interbotix_xs_driver:/workspace/koch_control/install/interbotix_xs_msgs:/workspace/koch_control/install/dynamixel_workbench_toolbox:/opt/ros/humble LD_LIBRARY_PATH=/workspace/koch_control/install/interbotix_xs_driver/lib:/workspace/koch_control/install/interbotix_xs_msgs/lib:/workspace/koch_control/install/dynamixel_workbench_toolbox/lib:${LD_LIBRARY_PATH} PYTHONPATH=/workspace/koch_control/install/interbotix_xs_msgs/local/lib/python3.10/dist-packages:${PYTHONPATH} /usr/bin/cmake --install /workspace/koch_control/build/interbotix_ros_xseries
[16.318s] Level 1:colcon.colcon_core.environment:create_environment_scripts_only(interbotix_ros_xseries)
[16.319s] Level 1:colcon.colcon_core.environment:checking '/workspace/koch_control/install/interbotix_ros_xseries' for CMake module files
[16.319s] DEBUG:colcon.colcon_core.event_handler.log_command:Invoked command in '/workspace/koch_control/build/interbotix_ros_xseries' returned '0': AMENT_PREFIX_PATH=/workspace/koch_control/install/interbotix_xs_sdk:/workspace/koch_control/install/interbotix_xs_driver:/workspace/koch_control/install/interbotix_xs_msgs:/workspace/koch_control/install/dynamixel_workbench_toolbox:${AMENT_PREFIX_PATH} CMAKE_PREFIX_PATH=/workspace/koch_control/install/interbotix_xs_sdk:/workspace/koch_control/install/interbotix_xs_driver:/workspace/koch_control/install/interbotix_xs_msgs:/workspace/koch_control/install/dynamixel_workbench_toolbox:/opt/ros/humble LD_LIBRARY_PATH=/workspace/koch_control/install/interbotix_xs_driver/lib:/workspace/koch_control/install/interbotix_xs_msgs/lib:/workspace/koch_control/install/dynamixel_workbench_toolbox/lib:${LD_LIBRARY_PATH} PYTHONPATH=/workspace/koch_control/install/interbotix_xs_msgs/local/lib/python3.10/dist-packages:${PYTHONPATH} /usr/bin/cmake --install /workspace/koch_control/build/interbotix_ros_xseries
[16.319s] Level 1:colcon.colcon_core.environment:checking '/workspace/koch_control/install/interbotix_ros_xseries' for CMake config files
[16.319s] Level 1:colcon.colcon_core.shell:create_environment_hook('interbotix_ros_xseries', 'cmake_prefix_path')
[16.319s] INFO:colcon.colcon_core.shell:Creating environment hook '/workspace/koch_control/install/interbotix_ros_xseries/share/interbotix_ros_xseries/hook/cmake_prefix_path.ps1'
[16.320s] INFO:colcon.colcon_core.shell:Creating environment descriptor '/workspace/koch_control/install/interbotix_ros_xseries/share/interbotix_ros_xseries/hook/cmake_prefix_path.dsv'
[16.320s] INFO:colcon.colcon_core.shell:Creating environment hook '/workspace/koch_control/install/interbotix_ros_xseries/share/interbotix_ros_xseries/hook/cmake_prefix_path.sh'
[16.320s] Level 1:colcon.colcon_core.environment:checking '/workspace/koch_control/install/interbotix_ros_xseries/bin'
[16.320s] Level 1:colcon.colcon_core.environment:checking '/workspace/koch_control/install/interbotix_ros_xseries/lib/pkgconfig/interbotix_ros_xseries.pc'
[16.320s] Level 1:colcon.colcon_core.environment:checking '/workspace/koch_control/install/interbotix_ros_xseries/lib/python3.10/site-packages'
[16.321s] Level 1:colcon.colcon_core.environment:checking '/workspace/koch_control/install/interbotix_ros_xseries/bin'
[16.321s] INFO:colcon.colcon_core.shell:Creating package script '/workspace/koch_control/install/interbotix_ros_xseries/share/interbotix_ros_xseries/package.ps1'
[16.321s] INFO:colcon.colcon_core.shell:Creating package descriptor '/workspace/koch_control/install/interbotix_ros_xseries/share/interbotix_ros_xseries/package.dsv'
[16.321s] INFO:colcon.colcon_core.shell:Creating package script '/workspace/koch_control/install/interbotix_ros_xseries/share/interbotix_ros_xseries/package.sh'
[16.322s] INFO:colcon.colcon_core.shell:Creating package script '/workspace/koch_control/install/interbotix_ros_xseries/share/interbotix_ros_xseries/package.bash'
[16.322s] INFO:colcon.colcon_core.shell:Creating package script '/workspace/koch_control/install/interbotix_ros_xseries/share/interbotix_ros_xseries/package.zsh'
[16.322s] Level 1:colcon.colcon_core.environment:create_file_with_runtime_dependencies(/workspace/koch_control/install/interbotix_ros_xseries/share/colcon-core/packages/interbotix_ros_xseries)
[16.322s] Level 1:colcon.colcon_core.environment:create_environment_scripts_only(interbotix_ros_xseries)
[16.322s] Level 1:colcon.colcon_core.environment:checking '/workspace/koch_control/install/interbotix_ros_xseries' for CMake module files
[16.323s] Level 1:colcon.colcon_core.environment:checking '/workspace/koch_control/install/interbotix_ros_xseries' for CMake config files
[16.323s] Level 1:colcon.colcon_core.shell:create_environment_hook('interbotix_ros_xseries', 'cmake_prefix_path')
[16.323s] INFO:colcon.colcon_core.shell:Creating environment hook '/workspace/koch_control/install/interbotix_ros_xseries/share/interbotix_ros_xseries/hook/cmake_prefix_path.ps1'
[16.323s] INFO:colcon.colcon_core.shell:Creating environment descriptor '/workspace/koch_control/install/interbotix_ros_xseries/share/interbotix_ros_xseries/hook/cmake_prefix_path.dsv'
[16.323s] INFO:colcon.colcon_core.shell:Creating environment hook '/workspace/koch_control/install/interbotix_ros_xseries/share/interbotix_ros_xseries/hook/cmake_prefix_path.sh'
[16.324s] Level 1:colcon.colcon_core.environment:checking '/workspace/koch_control/install/interbotix_ros_xseries/bin'
[16.324s] Level 1:colcon.colcon_core.environment:checking '/workspace/koch_control/install/interbotix_ros_xseries/lib/pkgconfig/interbotix_ros_xseries.pc'
[16.324s] Level 1:colcon.colcon_core.environment:checking '/workspace/koch_control/install/interbotix_ros_xseries/lib/python3.10/site-packages'
[16.324s] Level 1:colcon.colcon_core.environment:checking '/workspace/koch_control/install/interbotix_ros_xseries/bin'
[16.324s] INFO:colcon.colcon_core.shell:Creating package script '/workspace/koch_control/install/interbotix_ros_xseries/share/interbotix_ros_xseries/package.ps1'
[16.324s] INFO:colcon.colcon_core.shell:Creating package descriptor '/workspace/koch_control/install/interbotix_ros_xseries/share/interbotix_ros_xseries/package.dsv'
[16.324s] INFO:colcon.colcon_core.shell:Creating package script '/workspace/koch_control/install/interbotix_ros_xseries/share/interbotix_ros_xseries/package.sh'
[16.325s] INFO:colcon.colcon_core.shell:Creating package script '/workspace/koch_control/install/interbotix_ros_xseries/share/interbotix_ros_xseries/package.bash'
[16.325s] INFO:colcon.colcon_core.shell:Creating package script '/workspace/koch_control/install/interbotix_ros_xseries/share/interbotix_ros_xseries/package.zsh'
[16.325s] Level 1:colcon.colcon_core.environment:create_file_with_runtime_dependencies(/workspace/koch_control/install/interbotix_ros_xseries/share/colcon-core/packages/interbotix_ros_xseries)
[16.328s] Level 1:colcon.colcon_core.shell:create_environment_hook('interbotix_xs_modules', 'pythonpath_develop')
[16.328s] INFO:colcon.colcon_core.shell:Creating environment hook '/workspace/koch_control/build/interbotix_xs_modules/share/interbotix_xs_modules/hook/pythonpath_develop.ps1'
[16.328s] DEBUG:colcon.colcon_core.event_handler.log_command:Invoked command in '/workspace/koch_control/build/interbotix_xs_modules' returned '0': AMENT_PREFIX_PATH=/workspace/koch_control/install/interbotix_xs_sdk:/workspace/koch_control/install/interbotix_xs_driver:/workspace/koch_control/install/interbotix_xs_msgs:/workspace/koch_control/install/interbotix_common_modules:/workspace/koch_control/install/dynamixel_workbench_toolbox:${AMENT_PREFIX_PATH} CMAKE_PREFIX_PATH=/workspace/koch_control/install/interbotix_xs_sdk:/workspace/koch_control/install/interbotix_xs_driver:/workspace/koch_control/install/interbotix_xs_msgs:/workspace/koch_control/install/dynamixel_workbench_toolbox LD_LIBRARY_PATH=/workspace/koch_control/install/interbotix_xs_driver/lib:/workspace/koch_control/install/interbotix_xs_msgs/lib:/workspace/koch_control/install/dynamixel_workbench_toolbox/lib:${LD_LIBRARY_PATH} PYTHONPATH=/workspace/koch_control/build/interbotix_xs_modules/prefix_override:/usr/lib/python3/dist-packages/colcon_core/task/python/colcon_distutils_commands:/workspace/koch_control/install/interbotix_xs_modules/lib/python3.10/site-packages:/workspace/koch_control/install/interbotix_xs_msgs/local/lib/python3.10/dist-packages:/workspace/koch_control/build/interbotix_common_modules:/workspace/koch_control/install/interbotix_common_modules/lib/python3.10/site-packages:${PYTHONPATH} /usr/bin/python3 -W ignore:setup.py install is deprecated -W ignore:easy_install command is deprecated setup.py develop --editable --build-directory /workspace/koch_control/build/interbotix_xs_modules/build --no-deps symlink_data
[16.328s] INFO:colcon.colcon_core.shell:Creating environment descriptor '/workspace/koch_control/build/interbotix_xs_modules/share/interbotix_xs_modules/hook/pythonpath_develop.dsv'
[16.328s] INFO:colcon.colcon_core.shell:Creating environment hook '/workspace/koch_control/build/interbotix_xs_modules/share/interbotix_xs_modules/hook/pythonpath_develop.sh'
[16.329s] Level 1:colcon.colcon_core.environment:checking '/workspace/koch_control/install/interbotix_xs_modules' for CMake module files
[16.329s] Level 1:colcon.colcon_core.environment:checking '/workspace/koch_control/install/interbotix_xs_modules' for CMake config files
[16.329s] Level 1:colcon.colcon_core.environment:checking '/workspace/koch_control/install/interbotix_xs_modules/lib'
[16.329s] Level 1:colcon.colcon_core.environment:checking '/workspace/koch_control/install/interbotix_xs_modules/bin'
[16.329s] Level 1:colcon.colcon_core.environment:checking '/workspace/koch_control/install/interbotix_xs_modules/lib/pkgconfig/interbotix_xs_modules.pc'
[16.329s] Level 1:colcon.colcon_core.environment:checking '/workspace/koch_control/install/interbotix_xs_modules/lib/python3.10/site-packages'
[16.329s] Level 1:colcon.colcon_core.shell:create_environment_hook('interbotix_xs_modules', 'pythonpath')
[16.329s] INFO:colcon.colcon_core.shell:Creating environment hook '/workspace/koch_control/install/interbotix_xs_modules/share/interbotix_xs_modules/hook/pythonpath.ps1'
[16.329s] INFO:colcon.colcon_core.shell:Creating environment descriptor '/workspace/koch_control/install/interbotix_xs_modules/share/interbotix_xs_modules/hook/pythonpath.dsv'
[16.329s] INFO:colcon.colcon_core.shell:Creating environment hook '/workspace/koch_control/install/interbotix_xs_modules/share/interbotix_xs_modules/hook/pythonpath.sh'
[16.330s] Level 1:colcon.colcon_core.environment:checking '/workspace/koch_control/install/interbotix_xs_modules/bin'
[16.330s] Level 1:colcon.colcon_core.environment:create_environment_scripts_only(interbotix_xs_modules)
[16.330s] INFO:colcon.colcon_core.shell:Creating package script '/workspace/koch_control/install/interbotix_xs_modules/share/interbotix_xs_modules/package.ps1'
[16.330s] INFO:colcon.colcon_core.shell:Creating package descriptor '/workspace/koch_control/install/interbotix_xs_modules/share/interbotix_xs_modules/package.dsv'
[16.330s] INFO:colcon.colcon_core.shell:Creating package script '/workspace/koch_control/install/interbotix_xs_modules/share/interbotix_xs_modules/package.sh'
[16.330s] INFO:colcon.colcon_core.shell:Creating package script '/workspace/koch_control/install/interbotix_xs_modules/share/interbotix_xs_modules/package.bash'
[16.330s] INFO:colcon.colcon_core.shell:Creating package script '/workspace/koch_control/install/interbotix_xs_modules/share/interbotix_xs_modules/package.zsh'
[16.331s] Level 1:colcon.colcon_core.environment:create_file_with_runtime_dependencies(/workspace/koch_control/install/interbotix_xs_modules/share/colcon-core/packages/interbotix_xs_modules)
[16.331s] INFO:colcon.colcon_ros.task.ament_cmake.build:Building ROS package in '/workspace/koch_control/interbotix_ros_manipulators/interbotix_ros_xsarms/interbotix_xsarm_descriptions' with build type 'ament_cmake'
[16.331s] INFO:colcon.colcon_cmake.task.cmake.build:Building CMake package in '/workspace/koch_control/interbotix_ros_manipulators/interbotix_ros_xsarms/interbotix_xsarm_descriptions'
[16.331s] INFO:colcon.colcon_core.shell:Skip shell extension 'powershell' for command environment: Not usable outside of PowerShell
[16.331s] DEBUG:colcon.colcon_core.shell:Skip shell extension 'dsv' for command environment
[16.337s] DEBUG:colcon.colcon_core.event_handler.log_command:Invoking command in '/workspace/koch_control/build/interbotix_xsarm_descriptions': AMENT_PREFIX_PATH=/workspace/koch_control/install/interbotix_xs_modules:/workspace/koch_control/install/interbotix_xs_sdk:/workspace/koch_control/install/interbotix_xs_driver:/workspace/koch_control/install/interbotix_xs_msgs:/workspace/koch_control/install/interbotix_common_modules:/workspace/koch_control/install/dynamixel_workbench_toolbox:${AMENT_PREFIX_PATH} CMAKE_PREFIX_PATH=/workspace/koch_control/install/interbotix_xs_sdk:/workspace/koch_control/install/interbotix_xs_driver:/workspace/koch_control/install/interbotix_xs_msgs:/workspace/koch_control/install/dynamixel_workbench_toolbox:/opt/ros/humble LD_LIBRARY_PATH=/workspace/koch_control/install/interbotix_xs_driver/lib:/workspace/koch_control/install/interbotix_xs_msgs/lib:/workspace/koch_control/install/dynamixel_workbench_toolbox/lib:${LD_LIBRARY_PATH} PYTHONPATH=/workspace/koch_control/build/interbotix_xs_modules:/workspace/koch_control/install/interbotix_xs_modules/lib/python3.10/site-packages:/workspace/koch_control/install/interbotix_xs_msgs/local/lib/python3.10/dist-packages:/workspace/koch_control/build/interbotix_common_modules:/workspace/koch_control/install/interbotix_common_modules/lib/python3.10/site-packages:${PYTHONPATH} /usr/bin/cmake /workspace/koch_control/interbotix_ros_manipulators/interbotix_ros_xsarms/interbotix_xsarm_descriptions -DAMENT_CMAKE_SYMLINK_INSTALL=1 -DCMAKE_INSTALL_PREFIX=/workspace/koch_control/install/interbotix_xsarm_descriptions
[16.924s] DEBUG:colcon.colcon_core.event_handler.log_command:Invoked command in '/workspace/koch_control/build/interbotix_xsarm_descriptions' returned '0': AMENT_PREFIX_PATH=/workspace/koch_control/install/interbotix_xs_modules:/workspace/koch_control/install/interbotix_xs_sdk:/workspace/koch_control/install/interbotix_xs_driver:/workspace/koch_control/install/interbotix_xs_msgs:/workspace/koch_control/install/interbotix_common_modules:/workspace/koch_control/install/dynamixel_workbench_toolbox:${AMENT_PREFIX_PATH} CMAKE_PREFIX_PATH=/workspace/koch_control/install/interbotix_xs_sdk:/workspace/koch_control/install/interbotix_xs_driver:/workspace/koch_control/install/interbotix_xs_msgs:/workspace/koch_control/install/dynamixel_workbench_toolbox:/opt/ros/humble LD_LIBRARY_PATH=/workspace/koch_control/install/interbotix_xs_driver/lib:/workspace/koch_control/install/interbotix_xs_msgs/lib:/workspace/koch_control/install/dynamixel_workbench_toolbox/lib:${LD_LIBRARY_PATH} PYTHONPATH=/workspace/koch_control/build/interbotix_xs_modules:/workspace/koch_control/install/interbotix_xs_modules/lib/python3.10/site-packages:/workspace/koch_control/install/interbotix_xs_msgs/local/lib/python3.10/dist-packages:/workspace/koch_control/build/interbotix_common_modules:/workspace/koch_control/install/interbotix_common_modules/lib/python3.10/site-packages:${PYTHONPATH} /usr/bin/cmake /workspace/koch_control/interbotix_ros_manipulators/interbotix_ros_xsarms/interbotix_xsarm_descriptions -DAMENT_CMAKE_SYMLINK_INSTALL=1 -DCMAKE_INSTALL_PREFIX=/workspace/koch_control/install/interbotix_xsarm_descriptions
[16.925s] DEBUG:colcon.colcon_core.event_handler.log_command:Invoking command in '/workspace/koch_control/build/interbotix_xsarm_descriptions': AMENT_PREFIX_PATH=/workspace/koch_control/install/interbotix_xs_modules:/workspace/koch_control/install/interbotix_xs_sdk:/workspace/koch_control/install/interbotix_xs_driver:/workspace/koch_control/install/interbotix_xs_msgs:/workspace/koch_control/install/interbotix_common_modules:/workspace/koch_control/install/dynamixel_workbench_toolbox:${AMENT_PREFIX_PATH} CMAKE_PREFIX_PATH=/workspace/koch_control/install/interbotix_xs_sdk:/workspace/koch_control/install/interbotix_xs_driver:/workspace/koch_control/install/interbotix_xs_msgs:/workspace/koch_control/install/dynamixel_workbench_toolbox:/opt/ros/humble LD_LIBRARY_PATH=/workspace/koch_control/install/interbotix_xs_driver/lib:/workspace/koch_control/install/interbotix_xs_msgs/lib:/workspace/koch_control/install/dynamixel_workbench_toolbox/lib:${LD_LIBRARY_PATH} PYTHONPATH=/workspace/koch_control/build/interbotix_xs_modules:/workspace/koch_control/install/interbotix_xs_modules/lib/python3.10/site-packages:/workspace/koch_control/install/interbotix_xs_msgs/local/lib/python3.10/dist-packages:/workspace/koch_control/build/interbotix_common_modules:/workspace/koch_control/install/interbotix_common_modules/lib/python3.10/site-packages:${PYTHONPATH} /usr/bin/cmake --build /workspace/koch_control/build/interbotix_xsarm_descriptions -- -j32 -l32
[16.935s] DEBUG:colcon.colcon_core.event_handler.log_command:Invoked command in '/workspace/koch_control/build/interbotix_xs_rviz' returned '0': AMENT_PREFIX_PATH=/workspace/koch_control/install/interbotix_xs_sdk:/workspace/koch_control/install/interbotix_xs_driver:/workspace/koch_control/install/interbotix_xs_msgs:/workspace/koch_control/install/dynamixel_workbench_toolbox:${AMENT_PREFIX_PATH} CMAKE_PREFIX_PATH=/workspace/koch_control/install/interbotix_xs_sdk:/workspace/koch_control/install/interbotix_xs_driver:/workspace/koch_control/install/interbotix_xs_msgs:/workspace/koch_control/install/dynamixel_workbench_toolbox:/opt/ros/humble LD_LIBRARY_PATH=/workspace/koch_control/install/interbotix_xs_driver/lib:/workspace/koch_control/install/interbotix_xs_msgs/lib:/workspace/koch_control/install/dynamixel_workbench_toolbox/lib:${LD_LIBRARY_PATH} PYTHONPATH=/workspace/koch_control/install/interbotix_xs_msgs/local/lib/python3.10/dist-packages:${PYTHONPATH} /usr/bin/cmake /workspace/koch_control/interbotix_ros_toolboxes/interbotix_xs_toolbox/interbotix_xs_rviz -DAMENT_CMAKE_SYMLINK_INSTALL=1 -DCMAKE_INSTALL_PREFIX=/workspace/koch_control/install/interbotix_xs_rviz
[16.936s] DEBUG:colcon.colcon_core.event_handler.log_command:Invoking command in '/workspace/koch_control/build/interbotix_xs_rviz': AMENT_PREFIX_PATH=/workspace/koch_control/install/interbotix_xs_sdk:/workspace/koch_control/install/interbotix_xs_driver:/workspace/koch_control/install/interbotix_xs_msgs:/workspace/koch_control/install/dynamixel_workbench_toolbox:${AMENT_PREFIX_PATH} CMAKE_PREFIX_PATH=/workspace/koch_control/install/interbotix_xs_sdk:/workspace/koch_control/install/interbotix_xs_driver:/workspace/koch_control/install/interbotix_xs_msgs:/workspace/koch_control/install/dynamixel_workbench_toolbox:/opt/ros/humble LD_LIBRARY_PATH=/workspace/koch_control/install/interbotix_xs_driver/lib:/workspace/koch_control/install/interbotix_xs_msgs/lib:/workspace/koch_control/install/dynamixel_workbench_toolbox/lib:${LD_LIBRARY_PATH} PYTHONPATH=/workspace/koch_control/install/interbotix_xs_msgs/local/lib/python3.10/dist-packages:${PYTHONPATH} /usr/bin/cmake --build /workspace/koch_control/build/interbotix_xs_rviz -- -j32 -l32
[16.944s] DEBUG:colcon.colcon_core.event_handler.log_command:Invoked command in '/workspace/koch_control/build/interbotix_xsarm_descriptions' returned '0': AMENT_PREFIX_PATH=/workspace/koch_control/install/interbotix_xs_modules:/workspace/koch_control/install/interbotix_xs_sdk:/workspace/koch_control/install/interbotix_xs_driver:/workspace/koch_control/install/interbotix_xs_msgs:/workspace/koch_control/install/interbotix_common_modules:/workspace/koch_control/install/dynamixel_workbench_toolbox:${AMENT_PREFIX_PATH} CMAKE_PREFIX_PATH=/workspace/koch_control/install/interbotix_xs_sdk:/workspace/koch_control/install/interbotix_xs_driver:/workspace/koch_control/install/interbotix_xs_msgs:/workspace/koch_control/install/dynamixel_workbench_toolbox:/opt/ros/humble LD_LIBRARY_PATH=/workspace/koch_control/install/interbotix_xs_driver/lib:/workspace/koch_control/install/interbotix_xs_msgs/lib:/workspace/koch_control/install/dynamixel_workbench_toolbox/lib:${LD_LIBRARY_PATH} PYTHONPATH=/workspace/koch_control/build/interbotix_xs_modules:/workspace/koch_control/install/interbotix_xs_modules/lib/python3.10/site-packages:/workspace/koch_control/install/interbotix_xs_msgs/local/lib/python3.10/dist-packages:/workspace/koch_control/build/interbotix_common_modules:/workspace/koch_control/install/interbotix_common_modules/lib/python3.10/site-packages:${PYTHONPATH} /usr/bin/cmake --build /workspace/koch_control/build/interbotix_xsarm_descriptions -- -j32 -l32
[16.945s] DEBUG:colcon.colcon_core.event_handler.log_command:Invoking command in '/workspace/koch_control/build/interbotix_xsarm_descriptions': AMENT_PREFIX_PATH=/workspace/koch_control/install/interbotix_xs_modules:/workspace/koch_control/install/interbotix_xs_sdk:/workspace/koch_control/install/interbotix_xs_driver:/workspace/koch_control/install/interbotix_xs_msgs:/workspace/koch_control/install/interbotix_common_modules:/workspace/koch_control/install/dynamixel_workbench_toolbox:${AMENT_PREFIX_PATH} CMAKE_PREFIX_PATH=/workspace/koch_control/install/interbotix_xs_sdk:/workspace/koch_control/install/interbotix_xs_driver:/workspace/koch_control/install/interbotix_xs_msgs:/workspace/koch_control/install/dynamixel_workbench_toolbox:/opt/ros/humble LD_LIBRARY_PATH=/workspace/koch_control/install/interbotix_xs_driver/lib:/workspace/koch_control/install/interbotix_xs_msgs/lib:/workspace/koch_control/install/dynamixel_workbench_toolbox/lib:${LD_LIBRARY_PATH} PYTHONPATH=/workspace/koch_control/build/interbotix_xs_modules:/workspace/koch_control/install/interbotix_xs_modules/lib/python3.10/site-packages:/workspace/koch_control/install/interbotix_xs_msgs/local/lib/python3.10/dist-packages:/workspace/koch_control/build/interbotix_common_modules:/workspace/koch_control/install/interbotix_common_modules/lib/python3.10/site-packages:${PYTHONPATH} /usr/bin/cmake --install /workspace/koch_control/build/interbotix_xsarm_descriptions
[17.586s] Level 1:colcon.colcon_core.environment:create_environment_scripts_only(interbotix_xsarm_descriptions)
[17.586s] Level 1:colcon.colcon_core.environment:checking '/workspace/koch_control/install/interbotix_xsarm_descriptions' for CMake module files
[17.587s] DEBUG:colcon.colcon_core.event_handler.log_command:Invoked command in '/workspace/koch_control/build/interbotix_xsarm_descriptions' returned '0': AMENT_PREFIX_PATH=/workspace/koch_control/install/interbotix_xs_modules:/workspace/koch_control/install/interbotix_xs_sdk:/workspace/koch_control/install/interbotix_xs_driver:/workspace/koch_control/install/interbotix_xs_msgs:/workspace/koch_control/install/interbotix_common_modules:/workspace/koch_control/install/dynamixel_workbench_toolbox:${AMENT_PREFIX_PATH} CMAKE_PREFIX_PATH=/workspace/koch_control/install/interbotix_xs_sdk:/workspace/koch_control/install/interbotix_xs_driver:/workspace/koch_control/install/interbotix_xs_msgs:/workspace/koch_control/install/dynamixel_workbench_toolbox:/opt/ros/humble LD_LIBRARY_PATH=/workspace/koch_control/install/interbotix_xs_driver/lib:/workspace/koch_control/install/interbotix_xs_msgs/lib:/workspace/koch_control/install/dynamixel_workbench_toolbox/lib:${LD_LIBRARY_PATH} PYTHONPATH=/workspace/koch_control/build/interbotix_xs_modules:/workspace/koch_control/install/interbotix_xs_modules/lib/python3.10/site-packages:/workspace/koch_control/install/interbotix_xs_msgs/local/lib/python3.10/dist-packages:/workspace/koch_control/build/interbotix_common_modules:/workspace/koch_control/install/interbotix_common_modules/lib/python3.10/site-packages:${PYTHONPATH} /usr/bin/cmake --install /workspace/koch_control/build/interbotix_xsarm_descriptions
[17.587s] Level 1:colcon.colcon_core.environment:checking '/workspace/koch_control/install/interbotix_xsarm_descriptions' for CMake config files
[17.588s] Level 1:colcon.colcon_core.shell:create_environment_hook('interbotix_xsarm_descriptions', 'cmake_prefix_path')
[17.588s] INFO:colcon.colcon_core.shell:Creating environment hook '/workspace/koch_control/install/interbotix_xsarm_descriptions/share/interbotix_xsarm_descriptions/hook/cmake_prefix_path.ps1'
[17.588s] INFO:colcon.colcon_core.shell:Creating environment descriptor '/workspace/koch_control/install/interbotix_xsarm_descriptions/share/interbotix_xsarm_descriptions/hook/cmake_prefix_path.dsv'
[17.588s] INFO:colcon.colcon_core.shell:Creating environment hook '/workspace/koch_control/install/interbotix_xsarm_descriptions/share/interbotix_xsarm_descriptions/hook/cmake_prefix_path.sh'
[17.589s] Level 1:colcon.colcon_core.environment:checking '/workspace/koch_control/install/interbotix_xsarm_descriptions/bin'
[17.589s] Level 1:colcon.colcon_core.environment:checking '/workspace/koch_control/install/interbotix_xsarm_descriptions/lib/pkgconfig/interbotix_xsarm_descriptions.pc'
[17.589s] Level 1:colcon.colcon_core.environment:checking '/workspace/koch_control/install/interbotix_xsarm_descriptions/lib/python3.10/site-packages'
[17.589s] Level 1:colcon.colcon_core.environment:checking '/workspace/koch_control/install/interbotix_xsarm_descriptions/bin'
[17.589s] INFO:colcon.colcon_core.shell:Creating package script '/workspace/koch_control/install/interbotix_xsarm_descriptions/share/interbotix_xsarm_descriptions/package.ps1'
[17.589s] INFO:colcon.colcon_core.shell:Creating package descriptor '/workspace/koch_control/install/interbotix_xsarm_descriptions/share/interbotix_xsarm_descriptions/package.dsv'
[17.590s] INFO:colcon.colcon_core.shell:Creating package script '/workspace/koch_control/install/interbotix_xsarm_descriptions/share/interbotix_xsarm_descriptions/package.sh'
[17.590s] INFO:colcon.colcon_core.shell:Creating package script '/workspace/koch_control/install/interbotix_xsarm_descriptions/share/interbotix_xsarm_descriptions/package.bash'
[17.590s] INFO:colcon.colcon_core.shell:Creating package script '/workspace/koch_control/install/interbotix_xsarm_descriptions/share/interbotix_xsarm_descriptions/package.zsh'
[17.590s] Level 1:colcon.colcon_core.environment:create_file_with_runtime_dependencies(/workspace/koch_control/install/interbotix_xsarm_descriptions/share/colcon-core/packages/interbotix_xsarm_descriptions)
[17.590s] Level 1:colcon.colcon_core.environment:create_environment_scripts_only(interbotix_xsarm_descriptions)
[17.590s] Level 1:colcon.colcon_core.environment:checking '/workspace/koch_control/install/interbotix_xsarm_descriptions' for CMake module files
[17.590s] Level 1:colcon.colcon_core.environment:checking '/workspace/koch_control/install/interbotix_xsarm_descriptions' for CMake config files
[17.591s] Level 1:colcon.colcon_core.shell:create_environment_hook('interbotix_xsarm_descriptions', 'cmake_prefix_path')
[17.591s] INFO:colcon.colcon_core.shell:Creating environment hook '/workspace/koch_control/install/interbotix_xsarm_descriptions/share/interbotix_xsarm_descriptions/hook/cmake_prefix_path.ps1'
[17.591s] INFO:colcon.colcon_core.shell:Creating environment descriptor '/workspace/koch_control/install/interbotix_xsarm_descriptions/share/interbotix_xsarm_descriptions/hook/cmake_prefix_path.dsv'
[17.591s] INFO:colcon.colcon_core.shell:Creating environment hook '/workspace/koch_control/install/interbotix_xsarm_descriptions/share/interbotix_xsarm_descriptions/hook/cmake_prefix_path.sh'
[17.592s] Level 1:colcon.colcon_core.environment:checking '/workspace/koch_control/install/interbotix_xsarm_descriptions/bin'
[17.592s] Level 1:colcon.colcon_core.environment:checking '/workspace/koch_control/install/interbotix_xsarm_descriptions/lib/pkgconfig/interbotix_xsarm_descriptions.pc'
[17.592s] Level 1:colcon.colcon_core.environment:checking '/workspace/koch_control/install/interbotix_xsarm_descriptions/lib/python3.10/site-packages'
[17.592s] Level 1:colcon.colcon_core.environment:checking '/workspace/koch_control/install/interbotix_xsarm_descriptions/bin'
[17.592s] INFO:colcon.colcon_core.shell:Creating package script '/workspace/koch_control/install/interbotix_xsarm_descriptions/share/interbotix_xsarm_descriptions/package.ps1'
[17.592s] INFO:colcon.colcon_core.shell:Creating package descriptor '/workspace/koch_control/install/interbotix_xsarm_descriptions/share/interbotix_xsarm_descriptions/package.dsv'
[17.592s] INFO:colcon.colcon_core.shell:Creating package script '/workspace/koch_control/install/interbotix_xsarm_descriptions/share/interbotix_xsarm_descriptions/package.sh'
[17.592s] INFO:colcon.colcon_core.shell:Creating package script '/workspace/koch_control/install/interbotix_xsarm_descriptions/share/interbotix_xsarm_descriptions/package.bash'
[17.592s] INFO:colcon.colcon_core.shell:Creating package script '/workspace/koch_control/install/interbotix_xsarm_descriptions/share/interbotix_xsarm_descriptions/package.zsh'
[17.593s] Level 1:colcon.colcon_core.environment:create_file_with_runtime_dependencies(/workspace/koch_control/install/interbotix_xsarm_descriptions/share/colcon-core/packages/interbotix_xsarm_descriptions)
[17.593s] INFO:colcon.colcon_ros.task.ament_cmake.build:Building ROS package in '/workspace/koch_control/interbotix_ros_manipulators/interbotix_ros_xsarms/interbotix_xsarm_control' with build type 'ament_cmake'
[17.593s] INFO:colcon.colcon_cmake.task.cmake.build:Building CMake package in '/workspace/koch_control/interbotix_ros_manipulators/interbotix_ros_xsarms/interbotix_xsarm_control'
[17.593s] INFO:colcon.colcon_core.shell:Skip shell extension 'powershell' for command environment: Not usable outside of PowerShell
[17.593s] DEBUG:colcon.colcon_core.shell:Skip shell extension 'dsv' for command environment
[17.594s] INFO:colcon.colcon_ros.task.ament_cmake.build:Building ROS package in '/workspace/koch_control/interbotix_ros_manipulators/interbotix_ros_xsarms/interbotix_xsarm_sim' with build type 'ament_cmake'
[17.595s] INFO:colcon.colcon_cmake.task.cmake.build:Building CMake package in '/workspace/koch_control/interbotix_ros_manipulators/interbotix_ros_xsarms/interbotix_xsarm_sim'
[17.595s] INFO:colcon.colcon_core.shell:Skip shell extension 'powershell' for command environment: Not usable outside of PowerShell
[17.595s] DEBUG:colcon.colcon_core.shell:Skip shell extension 'dsv' for command environment
[17.600s] DEBUG:colcon.colcon_core.event_handler.log_command:Invoking command in '/workspace/koch_control/build/interbotix_xsarm_control': AMENT_PREFIX_PATH=/workspace/koch_control/install/interbotix_xsarm_descriptions:/workspace/koch_control/install/interbotix_xs_modules:/workspace/koch_control/install/interbotix_xs_sdk:/workspace/koch_control/install/interbotix_xs_driver:/workspace/koch_control/install/interbotix_xs_msgs:/workspace/koch_control/install/interbotix_common_modules:/workspace/koch_control/install/dynamixel_workbench_toolbox:${AMENT_PREFIX_PATH} CMAKE_PREFIX_PATH=/workspace/koch_control/install/interbotix_xsarm_descriptions:/workspace/koch_control/install/interbotix_xs_sdk:/workspace/koch_control/install/interbotix_xs_driver:/workspace/koch_control/install/interbotix_xs_msgs:/workspace/koch_control/install/dynamixel_workbench_toolbox:/opt/ros/humble LD_LIBRARY_PATH=/workspace/koch_control/install/interbotix_xs_driver/lib:/workspace/koch_control/install/interbotix_xs_msgs/lib:/workspace/koch_control/install/dynamixel_workbench_toolbox/lib:${LD_LIBRARY_PATH} PYTHONPATH=/workspace/koch_control/build/interbotix_xs_modules:/workspace/koch_control/install/interbotix_xs_modules/lib/python3.10/site-packages:/workspace/koch_control/install/interbotix_xs_msgs/local/lib/python3.10/dist-packages:/workspace/koch_control/build/interbotix_common_modules:/workspace/koch_control/install/interbotix_common_modules/lib/python3.10/site-packages:${PYTHONPATH} /usr/bin/cmake /workspace/koch_control/interbotix_ros_manipulators/interbotix_ros_xsarms/interbotix_xsarm_control -DAMENT_CMAKE_SYMLINK_INSTALL=1 -DCMAKE_INSTALL_PREFIX=/workspace/koch_control/install/interbotix_xsarm_control
[17.602s] DEBUG:colcon.colcon_core.event_handler.log_command:Invoking command in '/workspace/koch_control/build/interbotix_xsarm_sim': AMENT_PREFIX_PATH=/workspace/koch_control/install/interbotix_xsarm_descriptions:/workspace/koch_control/install/interbotix_xs_modules:/workspace/koch_control/install/interbotix_xs_sdk:/workspace/koch_control/install/interbotix_xs_ros_control:/workspace/koch_control/install/interbotix_xs_driver:/workspace/koch_control/install/interbotix_xs_msgs:/workspace/koch_control/install/interbotix_common_sim:/workspace/koch_control/install/interbotix_common_modules:/workspace/koch_control/install/dynamixel_workbench_toolbox:${AMENT_PREFIX_PATH} CMAKE_PREFIX_PATH=/workspace/koch_control/install/interbotix_xsarm_descriptions:/workspace/koch_control/install/interbotix_xs_sdk:/workspace/koch_control/install/interbotix_xs_ros_control:/workspace/koch_control/install/interbotix_xs_driver:/workspace/koch_control/install/interbotix_xs_msgs:/workspace/koch_control/install/interbotix_common_sim:/workspace/koch_control/install/dynamixel_workbench_toolbox:/opt/ros/humble LD_LIBRARY_PATH=/workspace/koch_control/install/interbotix_xs_ros_control/lib:/workspace/koch_control/install/interbotix_xs_driver/lib:/workspace/koch_control/install/interbotix_xs_msgs/lib:/workspace/koch_control/install/dynamixel_workbench_toolbox/lib:${LD_LIBRARY_PATH} PYTHONPATH=/workspace/koch_control/build/interbotix_xs_modules:/workspace/koch_control/install/interbotix_xs_modules/lib/python3.10/site-packages:/workspace/koch_control/install/interbotix_xs_msgs/local/lib/python3.10/dist-packages:/workspace/koch_control/build/interbotix_common_modules:/workspace/koch_control/install/interbotix_common_modules/lib/python3.10/site-packages:${PYTHONPATH} /usr/bin/cmake /workspace/koch_control/interbotix_ros_manipulators/interbotix_ros_xsarms/interbotix_xsarm_sim -DAMENT_CMAKE_SYMLINK_INSTALL=1 -DCMAKE_INSTALL_PREFIX=/workspace/koch_control/install/interbotix_xsarm_sim
[17.907s] DEBUG:colcon.colcon_core.event_handler.log_command:Invoked command in '/workspace/koch_control/build/interbotix_xsarm_sim' returned '0': AMENT_PREFIX_PATH=/workspace/koch_control/install/interbotix_xsarm_descriptions:/workspace/koch_control/install/interbotix_xs_modules:/workspace/koch_control/install/interbotix_xs_sdk:/workspace/koch_control/install/interbotix_xs_ros_control:/workspace/koch_control/install/interbotix_xs_driver:/workspace/koch_control/install/interbotix_xs_msgs:/workspace/koch_control/install/interbotix_common_sim:/workspace/koch_control/install/interbotix_common_modules:/workspace/koch_control/install/dynamixel_workbench_toolbox:${AMENT_PREFIX_PATH} CMAKE_PREFIX_PATH=/workspace/koch_control/install/interbotix_xsarm_descriptions:/workspace/koch_control/install/interbotix_xs_sdk:/workspace/koch_control/install/interbotix_xs_ros_control:/workspace/koch_control/install/interbotix_xs_driver:/workspace/koch_control/install/interbotix_xs_msgs:/workspace/koch_control/install/interbotix_common_sim:/workspace/koch_control/install/dynamixel_workbench_toolbox:/opt/ros/humble LD_LIBRARY_PATH=/workspace/koch_control/install/interbotix_xs_ros_control/lib:/workspace/koch_control/install/interbotix_xs_driver/lib:/workspace/koch_control/install/interbotix_xs_msgs/lib:/workspace/koch_control/install/dynamixel_workbench_toolbox/lib:${LD_LIBRARY_PATH} PYTHONPATH=/workspace/koch_control/build/interbotix_xs_modules:/workspace/koch_control/install/interbotix_xs_modules/lib/python3.10/site-packages:/workspace/koch_control/install/interbotix_xs_msgs/local/lib/python3.10/dist-packages:/workspace/koch_control/build/interbotix_common_modules:/workspace/koch_control/install/interbotix_common_modules/lib/python3.10/site-packages:${PYTHONPATH} /usr/bin/cmake /workspace/koch_control/interbotix_ros_manipulators/interbotix_ros_xsarms/interbotix_xsarm_sim -DAMENT_CMAKE_SYMLINK_INSTALL=1 -DCMAKE_INSTALL_PREFIX=/workspace/koch_control/install/interbotix_xsarm_sim
[17.908s] DEBUG:colcon.colcon_core.event_handler.log_command:Invoking command in '/workspace/koch_control/build/interbotix_xsarm_sim': AMENT_PREFIX_PATH=/workspace/koch_control/install/interbotix_xsarm_descriptions:/workspace/koch_control/install/interbotix_xs_modules:/workspace/koch_control/install/interbotix_xs_sdk:/workspace/koch_control/install/interbotix_xs_ros_control:/workspace/koch_control/install/interbotix_xs_driver:/workspace/koch_control/install/interbotix_xs_msgs:/workspace/koch_control/install/interbotix_common_sim:/workspace/koch_control/install/interbotix_common_modules:/workspace/koch_control/install/dynamixel_workbench_toolbox:${AMENT_PREFIX_PATH} CMAKE_PREFIX_PATH=/workspace/koch_control/install/interbotix_xsarm_descriptions:/workspace/koch_control/install/interbotix_xs_sdk:/workspace/koch_control/install/interbotix_xs_ros_control:/workspace/koch_control/install/interbotix_xs_driver:/workspace/koch_control/install/interbotix_xs_msgs:/workspace/koch_control/install/interbotix_common_sim:/workspace/koch_control/install/dynamixel_workbench_toolbox:/opt/ros/humble LD_LIBRARY_PATH=/workspace/koch_control/install/interbotix_xs_ros_control/lib:/workspace/koch_control/install/interbotix_xs_driver/lib:/workspace/koch_control/install/interbotix_xs_msgs/lib:/workspace/koch_control/install/dynamixel_workbench_toolbox/lib:${LD_LIBRARY_PATH} PYTHONPATH=/workspace/koch_control/build/interbotix_xs_modules:/workspace/koch_control/install/interbotix_xs_modules/lib/python3.10/site-packages:/workspace/koch_control/install/interbotix_xs_msgs/local/lib/python3.10/dist-packages:/workspace/koch_control/build/interbotix_common_modules:/workspace/koch_control/install/interbotix_common_modules/lib/python3.10/site-packages:${PYTHONPATH} /usr/bin/cmake --build /workspace/koch_control/build/interbotix_xsarm_sim -- -j32 -l32
[17.927s] DEBUG:colcon.colcon_core.event_handler.log_command:Invoked command in '/workspace/koch_control/build/interbotix_xsarm_sim' returned '0': AMENT_PREFIX_PATH=/workspace/koch_control/install/interbotix_xsarm_descriptions:/workspace/koch_control/install/interbotix_xs_modules:/workspace/koch_control/install/interbotix_xs_sdk:/workspace/koch_control/install/interbotix_xs_ros_control:/workspace/koch_control/install/interbotix_xs_driver:/workspace/koch_control/install/interbotix_xs_msgs:/workspace/koch_control/install/interbotix_common_sim:/workspace/koch_control/install/interbotix_common_modules:/workspace/koch_control/install/dynamixel_workbench_toolbox:${AMENT_PREFIX_PATH} CMAKE_PREFIX_PATH=/workspace/koch_control/install/interbotix_xsarm_descriptions:/workspace/koch_control/install/interbotix_xs_sdk:/workspace/koch_control/install/interbotix_xs_ros_control:/workspace/koch_control/install/interbotix_xs_driver:/workspace/koch_control/install/interbotix_xs_msgs:/workspace/koch_control/install/interbotix_common_sim:/workspace/koch_control/install/dynamixel_workbench_toolbox:/opt/ros/humble LD_LIBRARY_PATH=/workspace/koch_control/install/interbotix_xs_ros_control/lib:/workspace/koch_control/install/interbotix_xs_driver/lib:/workspace/koch_control/install/interbotix_xs_msgs/lib:/workspace/koch_control/install/dynamixel_workbench_toolbox/lib:${LD_LIBRARY_PATH} PYTHONPATH=/workspace/koch_control/build/interbotix_xs_modules:/workspace/koch_control/install/interbotix_xs_modules/lib/python3.10/site-packages:/workspace/koch_control/install/interbotix_xs_msgs/local/lib/python3.10/dist-packages:/workspace/koch_control/build/interbotix_common_modules:/workspace/koch_control/install/interbotix_common_modules/lib/python3.10/site-packages:${PYTHONPATH} /usr/bin/cmake --build /workspace/koch_control/build/interbotix_xsarm_sim -- -j32 -l32
[17.927s] DEBUG:colcon.colcon_core.event_handler.log_command:Invoking command in '/workspace/koch_control/build/interbotix_xsarm_sim': AMENT_PREFIX_PATH=/workspace/koch_control/install/interbotix_xsarm_descriptions:/workspace/koch_control/install/interbotix_xs_modules:/workspace/koch_control/install/interbotix_xs_sdk:/workspace/koch_control/install/interbotix_xs_ros_control:/workspace/koch_control/install/interbotix_xs_driver:/workspace/koch_control/install/interbotix_xs_msgs:/workspace/koch_control/install/interbotix_common_sim:/workspace/koch_control/install/interbotix_common_modules:/workspace/koch_control/install/dynamixel_workbench_toolbox:${AMENT_PREFIX_PATH} CMAKE_PREFIX_PATH=/workspace/koch_control/install/interbotix_xsarm_descriptions:/workspace/koch_control/install/interbotix_xs_sdk:/workspace/koch_control/install/interbotix_xs_ros_control:/workspace/koch_control/install/interbotix_xs_driver:/workspace/koch_control/install/interbotix_xs_msgs:/workspace/koch_control/install/interbotix_common_sim:/workspace/koch_control/install/dynamixel_workbench_toolbox:/opt/ros/humble LD_LIBRARY_PATH=/workspace/koch_control/install/interbotix_xs_ros_control/lib:/workspace/koch_control/install/interbotix_xs_driver/lib:/workspace/koch_control/install/interbotix_xs_msgs/lib:/workspace/koch_control/install/dynamixel_workbench_toolbox/lib:${LD_LIBRARY_PATH} PYTHONPATH=/workspace/koch_control/build/interbotix_xs_modules:/workspace/koch_control/install/interbotix_xs_modules/lib/python3.10/site-packages:/workspace/koch_control/install/interbotix_xs_msgs/local/lib/python3.10/dist-packages:/workspace/koch_control/build/interbotix_common_modules:/workspace/koch_control/install/interbotix_common_modules/lib/python3.10/site-packages:${PYTHONPATH} /usr/bin/cmake --install /workspace/koch_control/build/interbotix_xsarm_sim
[18.039s] Level 1:colcon.colcon_core.environment:create_environment_scripts_only(interbotix_xsarm_sim)
[18.039s] Level 1:colcon.colcon_core.environment:checking '/workspace/koch_control/install/interbotix_xsarm_sim' for CMake module files
[18.040s] DEBUG:colcon.colcon_core.event_handler.log_command:Invoked command in '/workspace/koch_control/build/interbotix_xsarm_sim' returned '0': AMENT_PREFIX_PATH=/workspace/koch_control/install/interbotix_xsarm_descriptions:/workspace/koch_control/install/interbotix_xs_modules:/workspace/koch_control/install/interbotix_xs_sdk:/workspace/koch_control/install/interbotix_xs_ros_control:/workspace/koch_control/install/interbotix_xs_driver:/workspace/koch_control/install/interbotix_xs_msgs:/workspace/koch_control/install/interbotix_common_sim:/workspace/koch_control/install/interbotix_common_modules:/workspace/koch_control/install/dynamixel_workbench_toolbox:${AMENT_PREFIX_PATH} CMAKE_PREFIX_PATH=/workspace/koch_control/install/interbotix_xsarm_descriptions:/workspace/koch_control/install/interbotix_xs_sdk:/workspace/koch_control/install/interbotix_xs_ros_control:/workspace/koch_control/install/interbotix_xs_driver:/workspace/koch_control/install/interbotix_xs_msgs:/workspace/koch_control/install/interbotix_common_sim:/workspace/koch_control/install/dynamixel_workbench_toolbox:/opt/ros/humble LD_LIBRARY_PATH=/workspace/koch_control/install/interbotix_xs_ros_control/lib:/workspace/koch_control/install/interbotix_xs_driver/lib:/workspace/koch_control/install/interbotix_xs_msgs/lib:/workspace/koch_control/install/dynamixel_workbench_toolbox/lib:${LD_LIBRARY_PATH} PYTHONPATH=/workspace/koch_control/build/interbotix_xs_modules:/workspace/koch_control/install/interbotix_xs_modules/lib/python3.10/site-packages:/workspace/koch_control/install/interbotix_xs_msgs/local/lib/python3.10/dist-packages:/workspace/koch_control/build/interbotix_common_modules:/workspace/koch_control/install/interbotix_common_modules/lib/python3.10/site-packages:${PYTHONPATH} /usr/bin/cmake --install /workspace/koch_control/build/interbotix_xsarm_sim
[18.040s] Level 1:colcon.colcon_core.environment:checking '/workspace/koch_control/install/interbotix_xsarm_sim' for CMake config files
[18.040s] Level 1:colcon.colcon_core.shell:create_environment_hook('interbotix_xsarm_sim', 'cmake_prefix_path')
[18.040s] INFO:colcon.colcon_core.shell:Creating environment hook '/workspace/koch_control/install/interbotix_xsarm_sim/share/interbotix_xsarm_sim/hook/cmake_prefix_path.ps1'
[18.040s] INFO:colcon.colcon_core.shell:Creating environment descriptor '/workspace/koch_control/install/interbotix_xsarm_sim/share/interbotix_xsarm_sim/hook/cmake_prefix_path.dsv'
[18.041s] INFO:colcon.colcon_core.shell:Creating environment hook '/workspace/koch_control/install/interbotix_xsarm_sim/share/interbotix_xsarm_sim/hook/cmake_prefix_path.sh'
[18.041s] Level 1:colcon.colcon_core.environment:checking '/workspace/koch_control/install/interbotix_xsarm_sim/bin'
[18.041s] Level 1:colcon.colcon_core.environment:checking '/workspace/koch_control/install/interbotix_xsarm_sim/lib/pkgconfig/interbotix_xsarm_sim.pc'
[18.041s] Level 1:colcon.colcon_core.environment:checking '/workspace/koch_control/install/interbotix_xsarm_sim/lib/python3.10/site-packages'
[18.041s] Level 1:colcon.colcon_core.environment:checking '/workspace/koch_control/install/interbotix_xsarm_sim/bin'
[18.041s] INFO:colcon.colcon_core.shell:Creating package script '/workspace/koch_control/install/interbotix_xsarm_sim/share/interbotix_xsarm_sim/package.ps1'
[18.041s] INFO:colcon.colcon_core.shell:Creating package descriptor '/workspace/koch_control/install/interbotix_xsarm_sim/share/interbotix_xsarm_sim/package.dsv'
[18.042s] INFO:colcon.colcon_core.shell:Creating package script '/workspace/koch_control/install/interbotix_xsarm_sim/share/interbotix_xsarm_sim/package.sh'
[18.042s] INFO:colcon.colcon_core.shell:Creating package script '/workspace/koch_control/install/interbotix_xsarm_sim/share/interbotix_xsarm_sim/package.bash'
[18.042s] INFO:colcon.colcon_core.shell:Creating package script '/workspace/koch_control/install/interbotix_xsarm_sim/share/interbotix_xsarm_sim/package.zsh'
[18.042s] Level 1:colcon.colcon_core.environment:create_file_with_runtime_dependencies(/workspace/koch_control/install/interbotix_xsarm_sim/share/colcon-core/packages/interbotix_xsarm_sim)
[18.042s] Level 1:colcon.colcon_core.environment:create_environment_scripts_only(interbotix_xsarm_sim)
[18.042s] Level 1:colcon.colcon_core.environment:checking '/workspace/koch_control/install/interbotix_xsarm_sim' for CMake module files
[18.042s] Level 1:colcon.colcon_core.environment:checking '/workspace/koch_control/install/interbotix_xsarm_sim' for CMake config files
[18.043s] Level 1:colcon.colcon_core.shell:create_environment_hook('interbotix_xsarm_sim', 'cmake_prefix_path')
[18.043s] INFO:colcon.colcon_core.shell:Creating environment hook '/workspace/koch_control/install/interbotix_xsarm_sim/share/interbotix_xsarm_sim/hook/cmake_prefix_path.ps1'
[18.043s] INFO:colcon.colcon_core.shell:Creating environment descriptor '/workspace/koch_control/install/interbotix_xsarm_sim/share/interbotix_xsarm_sim/hook/cmake_prefix_path.dsv'
[18.043s] INFO:colcon.colcon_core.shell:Creating environment hook '/workspace/koch_control/install/interbotix_xsarm_sim/share/interbotix_xsarm_sim/hook/cmake_prefix_path.sh'
[18.043s] Level 1:colcon.colcon_core.environment:checking '/workspace/koch_control/install/interbotix_xsarm_sim/bin'
[18.043s] Level 1:colcon.colcon_core.environment:checking '/workspace/koch_control/install/interbotix_xsarm_sim/lib/pkgconfig/interbotix_xsarm_sim.pc'
[18.043s] Level 1:colcon.colcon_core.environment:checking '/workspace/koch_control/install/interbotix_xsarm_sim/lib/python3.10/site-packages'
[18.043s] Level 1:colcon.colcon_core.environment:checking '/workspace/koch_control/install/interbotix_xsarm_sim/bin'
[18.043s] INFO:colcon.colcon_core.shell:Creating package script '/workspace/koch_control/install/interbotix_xsarm_sim/share/interbotix_xsarm_sim/package.ps1'
[18.044s] INFO:colcon.colcon_core.shell:Creating package descriptor '/workspace/koch_control/install/interbotix_xsarm_sim/share/interbotix_xsarm_sim/package.dsv'
[18.044s] INFO:colcon.colcon_core.shell:Creating package script '/workspace/koch_control/install/interbotix_xsarm_sim/share/interbotix_xsarm_sim/package.sh'
[18.044s] INFO:colcon.colcon_core.shell:Creating package script '/workspace/koch_control/install/interbotix_xsarm_sim/share/interbotix_xsarm_sim/package.bash'
[18.044s] INFO:colcon.colcon_core.shell:Creating package script '/workspace/koch_control/install/interbotix_xsarm_sim/share/interbotix_xsarm_sim/package.zsh'
[18.044s] Level 1:colcon.colcon_core.environment:create_file_with_runtime_dependencies(/workspace/koch_control/install/interbotix_xsarm_sim/share/colcon-core/packages/interbotix_xsarm_sim)
[18.070s] DEBUG:colcon.colcon_core.event_handler.log_command:Invoked command in '/workspace/koch_control/build/interbotix_xsarm_control' returned '1': AMENT_PREFIX_PATH=/workspace/koch_control/install/interbotix_xsarm_descriptions:/workspace/koch_control/install/interbotix_xs_modules:/workspace/koch_control/install/interbotix_xs_sdk:/workspace/koch_control/install/interbotix_xs_driver:/workspace/koch_control/install/interbotix_xs_msgs:/workspace/koch_control/install/interbotix_common_modules:/workspace/koch_control/install/dynamixel_workbench_toolbox:${AMENT_PREFIX_PATH} CMAKE_PREFIX_PATH=/workspace/koch_control/install/interbotix_xsarm_descriptions:/workspace/koch_control/install/interbotix_xs_sdk:/workspace/koch_control/install/interbotix_xs_driver:/workspace/koch_control/install/interbotix_xs_msgs:/workspace/koch_control/install/dynamixel_workbench_toolbox:/opt/ros/humble LD_LIBRARY_PATH=/workspace/koch_control/install/interbotix_xs_driver/lib:/workspace/koch_control/install/interbotix_xs_msgs/lib:/workspace/koch_control/install/dynamixel_workbench_toolbox/lib:${LD_LIBRARY_PATH} PYTHONPATH=/workspace/koch_control/build/interbotix_xs_modules:/workspace/koch_control/install/interbotix_xs_modules/lib/python3.10/site-packages:/workspace/koch_control/install/interbotix_xs_msgs/local/lib/python3.10/dist-packages:/workspace/koch_control/build/interbotix_common_modules:/workspace/koch_control/install/interbotix_common_modules/lib/python3.10/site-packages:${PYTHONPATH} /usr/bin/cmake /workspace/koch_control/interbotix_ros_manipulators/interbotix_ros_xsarms/interbotix_xsarm_control -DAMENT_CMAKE_SYMLINK_INSTALL=1 -DCMAKE_INSTALL_PREFIX=/workspace/koch_control/install/interbotix_xsarm_control
[18.076s] Level 1:colcon.colcon_core.environment:create_environment_scripts_only(interbotix_xsarm_control)
[18.077s] Level 1:colcon.colcon_core.environment:checking '/workspace/koch_control/install/interbotix_xsarm_control' for CMake module files
[18.077s] Level 1:colcon.colcon_core.environment:checking '/workspace/koch_control/install/interbotix_xsarm_control' for CMake config files
[18.077s] Level 1:colcon.colcon_core.environment:checking '/workspace/koch_control/install/interbotix_xsarm_control/bin'
[18.077s] Level 1:colcon.colcon_core.environment:checking '/workspace/koch_control/install/interbotix_xsarm_control/lib/pkgconfig/interbotix_xsarm_control.pc'
[18.077s] Level 1:colcon.colcon_core.environment:checking '/workspace/koch_control/install/interbotix_xsarm_control/lib/python3.10/site-packages'
[18.077s] Level 1:colcon.colcon_core.environment:checking '/workspace/koch_control/install/interbotix_xsarm_control/bin'
[18.077s] INFO:colcon.colcon_core.shell:Creating package script '/workspace/koch_control/install/interbotix_xsarm_control/share/interbotix_xsarm_control/package.ps1'
[18.078s] INFO:colcon.colcon_core.shell:Creating package descriptor '/workspace/koch_control/install/interbotix_xsarm_control/share/interbotix_xsarm_control/package.dsv'
[18.078s] INFO:colcon.colcon_core.shell:Creating package script '/workspace/koch_control/install/interbotix_xsarm_control/share/interbotix_xsarm_control/package.sh'
[18.078s] INFO:colcon.colcon_core.shell:Creating package script '/workspace/koch_control/install/interbotix_xsarm_control/share/interbotix_xsarm_control/package.bash'
[18.078s] INFO:colcon.colcon_core.shell:Creating package script '/workspace/koch_control/install/interbotix_xsarm_control/share/interbotix_xsarm_control/package.zsh'
[18.078s] Level 1:colcon.colcon_core.environment:create_file_with_runtime_dependencies(/workspace/koch_control/install/interbotix_xsarm_control/share/colcon-core/packages/interbotix_xsarm_control)
[22.811s] DEBUG:colcon.colcon_parallel_executor.executor.parallel:closing loop
[22.811s] DEBUG:colcon.colcon_parallel_executor.executor.parallel:loop closed
[22.811s] DEBUG:colcon.colcon_parallel_executor.executor.parallel:run_until_complete finished with '1'
[22.811s] DEBUG:colcon.colcon_core.event_reactor:joining thread
[22.824s] INFO:colcon.colcon_core.plugin_system:Skipping extension 'colcon_notification.desktop_notification.notify_send': Could not find 'notify-send'
[22.824s] INFO:colcon.colcon_core.plugin_system:Skipping extension 'colcon_notification.desktop_notification.terminal_notifier': Not used on non-Darwin systems
[22.824s] INFO:colcon.colcon_core.plugin_system:Skipping extension 'colcon_notification.desktop_notification.win32': Not used on non-Windows systems
[22.824s] INFO:colcon.colcon_notification.desktop_notification:Sending desktop notification using 'notify2'
[22.827s] DEBUG:colcon.colcon_notification.desktop_notification.notify2:Failed to initialize notify2: org.freedesktop.DBus.Error.Spawn.ExecFailed: /usr/bin/dbus-launch terminated abnormally without any error message
[22.827s] DEBUG:colcon.colcon_core.event_reactor:joined thread
[22.827s] INFO:colcon.colcon_core.shell:Creating prefix script '/workspace/koch_control/install/local_setup.ps1'
[22.828s] INFO:colcon.colcon_core.shell:Creating prefix util module '/workspace/koch_control/install/_local_setup_util_ps1.py'
[22.829s] INFO:colcon.colcon_core.shell:Creating prefix chain script '/workspace/koch_control/install/setup.ps1'
[22.830s] INFO:colcon.colcon_core.shell:Creating prefix script '/workspace/koch_control/install/local_setup.sh'
[22.830s] INFO:colcon.colcon_core.shell:Creating prefix util module '/workspace/koch_control/install/_local_setup_util_sh.py'
[22.831s] INFO:colcon.colcon_core.shell:Creating prefix chain script '/workspace/koch_control/install/setup.sh'
[22.831s] INFO:colcon.colcon_core.shell:Creating prefix script '/workspace/koch_control/install/local_setup.bash'
[22.832s] INFO:colcon.colcon_core.shell:Creating prefix chain script '/workspace/koch_control/install/setup.bash'
[22.833s] INFO:colcon.colcon_core.shell:Creating prefix script '/workspace/koch_control/install/local_setup.zsh'
[22.833s] INFO:colcon.colcon_core.shell:Creating prefix chain script '/workspace/koch_control/install/setup.zsh'
