[0.055s] DEBUG:colcon:Command line arguments: ['/usr/bin/colcon', 'build', '--symlink-install', '--packages-skip', 'moveit_visual_tools', 'interbotix_xsarm_moveit', 'interbotix_moveit_interface', 'interbotix_moveit_interface_msgs', 'rviz_visual_tools', 'interbotix_xsarm_control', 'interbotix_xs_rviz', 'interbotix_xs_toolbox', 'interbotix_xsarm_descriptions']
[0.055s] DEBUG:colcon:Parsed command line arguments: Namespace(log_base=None, log_level=None, verb_name='build', build_base='build', install_base='install', merge_install=False, symlink_install=True, test_result_base=None, continue_on_error=False, executor='parallel', parallel_workers=32, event_handlers=None, ignore_user_meta=False, metas=['./colcon.meta'], base_paths=['.'], packages_ignore=None, packages_ignore_regex=None, paths=None, packages_up_to=None, packages_up_to_regex=None, packages_above=None, packages_above_and_dependencies=None, packages_above_depth=None, packages_select_by_dep=None, packages_skip_by_dep=None, packages_skip_up_to=None, packages_select_build_failed=False, packages_skip_build_finished=False, packages_select_test_failures=False, packages_skip_test_passed=False, packages_select=None, packages_skip=['moveit_visual_tools', 'interbotix_xsarm_moveit', 'interbotix_moveit_interface', 'interbotix_moveit_interface_msgs', 'rviz_visual_tools', 'interbotix_xsarm_control', 'interbotix_xs_rviz', 'interbotix_xs_toolbox', 'interbotix_xsarm_descriptions'], packages_select_regex=None, packages_skip_regex=None, packages_start=None, packages_end=None, allow_overriding=[], cmake_args=None, cmake_target=None, cmake_target_skip_unavailable=False, cmake_clean_cache=False, cmake_clean_first=False, cmake_force_configure=False, ament_cmake_args=None, catkin_cmake_args=None, catkin_skip_building_tests=False, mixin_files=None, mixin=None, verb_parser=<colcon_mixin.mixin.mixin_argument.MixinArgumentDecorator object at 0x7b13b8fc1210>, verb_extension=<colcon_core.verb.build.BuildVerb object at 0x7b13b8fc0d30>, main=<bound method BuildVerb.main of <colcon_core.verb.build.BuildVerb object at 0x7b13b8fc0d30>>, mixin_verb=('build',))
[0.119s] Level 1:colcon.colcon_core.package_discovery:discover_packages(colcon_meta) check parameters
[0.119s] Level 1:colcon.colcon_core.package_discovery:discover_packages(recursive) check parameters
[0.119s] Level 1:colcon.colcon_core.package_discovery:discover_packages(ignore) check parameters
[0.119s] Level 1:colcon.colcon_core.package_discovery:discover_packages(path) check parameters
[0.119s] Level 1:colcon.colcon_core.package_discovery:discover_packages(colcon_meta) discover
[0.119s] Level 1:colcon.colcon_core.package_discovery:discover_packages(recursive) discover
[0.119s] INFO:colcon.colcon_core.package_discovery:Crawling recursively for packages in '/workspace/koch_control'
[0.119s] Level 1:colcon.colcon_core.package_identification:_identify(.) by extensions ['ignore', 'ignore_ament_install']
[0.119s] Level 1:colcon.colcon_core.package_identification:_identify(.) by extension 'ignore'
[0.119s] Level 1:colcon.colcon_core.package_identification:_identify(.) by extension 'ignore_ament_install'
[0.119s] Level 1:colcon.colcon_core.package_identification:_identify(.) by extensions ['colcon_pkg']
[0.119s] Level 1:colcon.colcon_core.package_identification:_identify(.) by extension 'colcon_pkg'
[0.119s] Level 1:colcon.colcon_core.package_identification:_identify(.) by extensions ['colcon_meta']
[0.119s] Level 1:colcon.colcon_core.package_identification:_identify(.) by extension 'colcon_meta'
[0.119s] Level 1:colcon.colcon_core.package_identification:_identify(.) by extensions ['ros']
[0.119s] Level 1:colcon.colcon_core.package_identification:_identify(.) by extension 'ros'
[0.134s] Level 1:colcon.colcon_core.package_identification:_identify(.) by extensions ['cmake', 'python']
[0.134s] Level 1:colcon.colcon_core.package_identification:_identify(.) by extension 'cmake'
[0.134s] Level 1:colcon.colcon_core.package_identification:_identify(.) by extension 'python'
[0.134s] Level 1:colcon.colcon_core.package_identification:_identify(.) by extensions ['python_setup_py']
[0.134s] Level 1:colcon.colcon_core.package_identification:_identify(.) by extension 'python_setup_py'
[0.134s] Level 1:colcon.colcon_core.package_identification:_identify(build) by extensions ['ignore', 'ignore_ament_install']
[0.135s] Level 1:colcon.colcon_core.package_identification:_identify(build) by extension 'ignore'
[0.135s] Level 1:colcon.colcon_core.package_identification:_identify(build) ignored
[0.135s] Level 1:colcon.colcon_core.package_identification:_identify(install) by extensions ['ignore', 'ignore_ament_install']
[0.135s] Level 1:colcon.colcon_core.package_identification:_identify(install) by extension 'ignore'
[0.135s] Level 1:colcon.colcon_core.package_identification:_identify(install) ignored
[0.135s] Level 1:colcon.colcon_core.package_identification:_identify(interbotix_ros_core) by extensions ['ignore', 'ignore_ament_install']
[0.135s] Level 1:colcon.colcon_core.package_identification:_identify(interbotix_ros_core) by extension 'ignore'
[0.135s] Level 1:colcon.colcon_core.package_identification:_identify(interbotix_ros_core) by extension 'ignore_ament_install'
[0.135s] Level 1:colcon.colcon_core.package_identification:_identify(interbotix_ros_core) by extensions ['colcon_pkg']
[0.135s] Level 1:colcon.colcon_core.package_identification:_identify(interbotix_ros_core) by extension 'colcon_pkg'
[0.135s] Level 1:colcon.colcon_core.package_identification:_identify(interbotix_ros_core) by extensions ['colcon_meta']
[0.135s] Level 1:colcon.colcon_core.package_identification:_identify(interbotix_ros_core) by extension 'colcon_meta'
[0.135s] Level 1:colcon.colcon_core.package_identification:_identify(interbotix_ros_core) by extensions ['ros']
[0.135s] Level 1:colcon.colcon_core.package_identification:_identify(interbotix_ros_core) by extension 'ros'
[0.135s] Level 1:colcon.colcon_core.package_identification:_identify(interbotix_ros_core) by extensions ['cmake', 'python']
[0.135s] Level 1:colcon.colcon_core.package_identification:_identify(interbotix_ros_core) by extension 'cmake'
[0.135s] Level 1:colcon.colcon_core.package_identification:_identify(interbotix_ros_core) by extension 'python'
[0.135s] Level 1:colcon.colcon_core.package_identification:_identify(interbotix_ros_core) by extensions ['python_setup_py']
[0.135s] Level 1:colcon.colcon_core.package_identification:_identify(interbotix_ros_core) by extension 'python_setup_py'
[0.135s] Level 1:colcon.colcon_core.package_identification:_identify(interbotix_ros_core/images) by extensions ['ignore', 'ignore_ament_install']
[0.135s] Level 1:colcon.colcon_core.package_identification:_identify(interbotix_ros_core/images) by extension 'ignore'
[0.135s] Level 1:colcon.colcon_core.package_identification:_identify(interbotix_ros_core/images) by extension 'ignore_ament_install'
[0.135s] Level 1:colcon.colcon_core.package_identification:_identify(interbotix_ros_core/images) by extensions ['colcon_pkg']
[0.135s] Level 1:colcon.colcon_core.package_identification:_identify(interbotix_ros_core/images) by extension 'colcon_pkg'
[0.135s] Level 1:colcon.colcon_core.package_identification:_identify(interbotix_ros_core/images) by extensions ['colcon_meta']
[0.135s] Level 1:colcon.colcon_core.package_identification:_identify(interbotix_ros_core/images) by extension 'colcon_meta'
[0.135s] Level 1:colcon.colcon_core.package_identification:_identify(interbotix_ros_core/images) by extensions ['ros']
[0.135s] Level 1:colcon.colcon_core.package_identification:_identify(interbotix_ros_core/images) by extension 'ros'
[0.135s] Level 1:colcon.colcon_core.package_identification:_identify(interbotix_ros_core/images) by extensions ['cmake', 'python']
[0.135s] Level 1:colcon.colcon_core.package_identification:_identify(interbotix_ros_core/images) by extension 'cmake'
[0.135s] Level 1:colcon.colcon_core.package_identification:_identify(interbotix_ros_core/images) by extension 'python'
[0.135s] Level 1:colcon.colcon_core.package_identification:_identify(interbotix_ros_core/images) by extensions ['python_setup_py']
[0.135s] Level 1:colcon.colcon_core.package_identification:_identify(interbotix_ros_core/images) by extension 'python_setup_py'
[0.135s] Level 1:colcon.colcon_core.package_identification:_identify(interbotix_ros_core/interbotix_ros_common_drivers) by extensions ['ignore', 'ignore_ament_install']
[0.135s] Level 1:colcon.colcon_core.package_identification:_identify(interbotix_ros_core/interbotix_ros_common_drivers) by extension 'ignore'
[0.135s] Level 1:colcon.colcon_core.package_identification:_identify(interbotix_ros_core/interbotix_ros_common_drivers) ignored
[0.135s] Level 1:colcon.colcon_core.package_identification:_identify(interbotix_ros_core/interbotix_ros_slate) by extensions ['ignore', 'ignore_ament_install']
[0.135s] Level 1:colcon.colcon_core.package_identification:_identify(interbotix_ros_core/interbotix_ros_slate) by extension 'ignore'
[0.135s] Level 1:colcon.colcon_core.package_identification:_identify(interbotix_ros_core/interbotix_ros_slate) ignored
[0.135s] Level 1:colcon.colcon_core.package_identification:_identify(interbotix_ros_core/interbotix_ros_xseries) by extensions ['ignore', 'ignore_ament_install']
[0.135s] Level 1:colcon.colcon_core.package_identification:_identify(interbotix_ros_core/interbotix_ros_xseries) by extension 'ignore'
[0.135s] Level 1:colcon.colcon_core.package_identification:_identify(interbotix_ros_core/interbotix_ros_xseries) by extension 'ignore_ament_install'
[0.135s] Level 1:colcon.colcon_core.package_identification:_identify(interbotix_ros_core/interbotix_ros_xseries) by extensions ['colcon_pkg']
[0.135s] Level 1:colcon.colcon_core.package_identification:_identify(interbotix_ros_core/interbotix_ros_xseries) by extension 'colcon_pkg'
[0.135s] Level 1:colcon.colcon_core.package_identification:_identify(interbotix_ros_core/interbotix_ros_xseries) by extensions ['colcon_meta']
[0.135s] Level 1:colcon.colcon_core.package_identification:_identify(interbotix_ros_core/interbotix_ros_xseries) by extension 'colcon_meta'
[0.135s] Level 1:colcon.colcon_core.package_identification:_identify(interbotix_ros_core/interbotix_ros_xseries) by extensions ['ros']
[0.135s] Level 1:colcon.colcon_core.package_identification:_identify(interbotix_ros_core/interbotix_ros_xseries) by extension 'ros'
[0.135s] Level 1:colcon.colcon_core.package_identification:_identify(interbotix_ros_core/interbotix_ros_xseries) by extensions ['cmake', 'python']
[0.135s] Level 1:colcon.colcon_core.package_identification:_identify(interbotix_ros_core/interbotix_ros_xseries) by extension 'cmake'
[0.135s] Level 1:colcon.colcon_core.package_identification:_identify(interbotix_ros_core/interbotix_ros_xseries) by extension 'python'
[0.135s] Level 1:colcon.colcon_core.package_identification:_identify(interbotix_ros_core/interbotix_ros_xseries) by extensions ['python_setup_py']
[0.135s] Level 1:colcon.colcon_core.package_identification:_identify(interbotix_ros_core/interbotix_ros_xseries) by extension 'python_setup_py'
[0.135s] Level 1:colcon.colcon_core.package_identification:_identify(interbotix_ros_core/interbotix_ros_xseries/dynamixel_workbench_toolbox) by extensions ['ignore', 'ignore_ament_install']
[0.135s] Level 1:colcon.colcon_core.package_identification:_identify(interbotix_ros_core/interbotix_ros_xseries/dynamixel_workbench_toolbox) by extension 'ignore'
[0.135s] Level 1:colcon.colcon_core.package_identification:_identify(interbotix_ros_core/interbotix_ros_xseries/dynamixel_workbench_toolbox) by extension 'ignore_ament_install'
[0.135s] Level 1:colcon.colcon_core.package_identification:_identify(interbotix_ros_core/interbotix_ros_xseries/dynamixel_workbench_toolbox) by extensions ['colcon_pkg']
[0.136s] Level 1:colcon.colcon_core.package_identification:_identify(interbotix_ros_core/interbotix_ros_xseries/dynamixel_workbench_toolbox) by extension 'colcon_pkg'
[0.136s] Level 1:colcon.colcon_core.package_identification:_identify(interbotix_ros_core/interbotix_ros_xseries/dynamixel_workbench_toolbox) by extensions ['colcon_meta']
[0.136s] Level 1:colcon.colcon_core.package_identification:_identify(interbotix_ros_core/interbotix_ros_xseries/dynamixel_workbench_toolbox) by extension 'colcon_meta'
[0.136s] Level 1:colcon.colcon_core.package_identification:_identify(interbotix_ros_core/interbotix_ros_xseries/dynamixel_workbench_toolbox) by extensions ['ros']
[0.136s] Level 1:colcon.colcon_core.package_identification:_identify(interbotix_ros_core/interbotix_ros_xseries/dynamixel_workbench_toolbox) by extension 'ros'
[0.137s] DEBUG:colcon.colcon_core.package_identification:Package 'interbotix_ros_core/interbotix_ros_xseries/dynamixel_workbench_toolbox' with type 'ros.ament_cmake' and name 'dynamixel_workbench_toolbox'
[0.137s] Level 1:colcon.colcon_core.package_identification:_identify(interbotix_ros_core/interbotix_ros_xseries/interbotix_ros_xseries) by extensions ['ignore', 'ignore_ament_install']
[0.137s] Level 1:colcon.colcon_core.package_identification:_identify(interbotix_ros_core/interbotix_ros_xseries/interbotix_ros_xseries) by extension 'ignore'
[0.137s] Level 1:colcon.colcon_core.package_identification:_identify(interbotix_ros_core/interbotix_ros_xseries/interbotix_ros_xseries) by extension 'ignore_ament_install'
[0.137s] Level 1:colcon.colcon_core.package_identification:_identify(interbotix_ros_core/interbotix_ros_xseries/interbotix_ros_xseries) by extensions ['colcon_pkg']
[0.137s] Level 1:colcon.colcon_core.package_identification:_identify(interbotix_ros_core/interbotix_ros_xseries/interbotix_ros_xseries) by extension 'colcon_pkg'
[0.137s] Level 1:colcon.colcon_core.package_identification:_identify(interbotix_ros_core/interbotix_ros_xseries/interbotix_ros_xseries) by extensions ['colcon_meta']
[0.137s] Level 1:colcon.colcon_core.package_identification:_identify(interbotix_ros_core/interbotix_ros_xseries/interbotix_ros_xseries) by extension 'colcon_meta'
[0.137s] Level 1:colcon.colcon_core.package_identification:_identify(interbotix_ros_core/interbotix_ros_xseries/interbotix_ros_xseries) by extensions ['ros']
[0.137s] Level 1:colcon.colcon_core.package_identification:_identify(interbotix_ros_core/interbotix_ros_xseries/interbotix_ros_xseries) by extension 'ros'
[0.137s] DEBUG:colcon.colcon_core.package_identification:Package 'interbotix_ros_core/interbotix_ros_xseries/interbotix_ros_xseries' with type 'ros.ament_cmake' and name 'interbotix_ros_xseries'
[0.137s] Level 1:colcon.colcon_core.package_identification:_identify(interbotix_ros_core/interbotix_ros_xseries/interbotix_xs_driver) by extensions ['ignore', 'ignore_ament_install']
[0.137s] Level 1:colcon.colcon_core.package_identification:_identify(interbotix_ros_core/interbotix_ros_xseries/interbotix_xs_driver) by extension 'ignore'
[0.137s] Level 1:colcon.colcon_core.package_identification:_identify(interbotix_ros_core/interbotix_ros_xseries/interbotix_xs_driver) by extension 'ignore_ament_install'
[0.137s] Level 1:colcon.colcon_core.package_identification:_identify(interbotix_ros_core/interbotix_ros_xseries/interbotix_xs_driver) by extensions ['colcon_pkg']
[0.137s] Level 1:colcon.colcon_core.package_identification:_identify(interbotix_ros_core/interbotix_ros_xseries/interbotix_xs_driver) by extension 'colcon_pkg'
[0.137s] Level 1:colcon.colcon_core.package_identification:_identify(interbotix_ros_core/interbotix_ros_xseries/interbotix_xs_driver) by extensions ['colcon_meta']
[0.137s] Level 1:colcon.colcon_core.package_identification:_identify(interbotix_ros_core/interbotix_ros_xseries/interbotix_xs_driver) by extension 'colcon_meta'
[0.137s] Level 1:colcon.colcon_core.package_identification:_identify(interbotix_ros_core/interbotix_ros_xseries/interbotix_xs_driver) by extensions ['ros']
[0.137s] Level 1:colcon.colcon_core.package_identification:_identify(interbotix_ros_core/interbotix_ros_xseries/interbotix_xs_driver) by extension 'ros'
[0.138s] DEBUG:colcon.colcon_core.package_identification:Package 'interbotix_ros_core/interbotix_ros_xseries/interbotix_xs_driver' with type 'ros.ament_cmake' and name 'interbotix_xs_driver'
[0.138s] Level 1:colcon.colcon_core.package_identification:_identify(interbotix_ros_core/interbotix_ros_xseries/interbotix_xs_msgs) by extensions ['ignore', 'ignore_ament_install']
[0.138s] Level 1:colcon.colcon_core.package_identification:_identify(interbotix_ros_core/interbotix_ros_xseries/interbotix_xs_msgs) by extension 'ignore'
[0.138s] Level 1:colcon.colcon_core.package_identification:_identify(interbotix_ros_core/interbotix_ros_xseries/interbotix_xs_msgs) by extension 'ignore_ament_install'
[0.138s] Level 1:colcon.colcon_core.package_identification:_identify(interbotix_ros_core/interbotix_ros_xseries/interbotix_xs_msgs) by extensions ['colcon_pkg']
[0.138s] Level 1:colcon.colcon_core.package_identification:_identify(interbotix_ros_core/interbotix_ros_xseries/interbotix_xs_msgs) by extension 'colcon_pkg'
[0.138s] Level 1:colcon.colcon_core.package_identification:_identify(interbotix_ros_core/interbotix_ros_xseries/interbotix_xs_msgs) by extensions ['colcon_meta']
[0.138s] Level 1:colcon.colcon_core.package_identification:_identify(interbotix_ros_core/interbotix_ros_xseries/interbotix_xs_msgs) by extension 'colcon_meta'
[0.138s] Level 1:colcon.colcon_core.package_identification:_identify(interbotix_ros_core/interbotix_ros_xseries/interbotix_xs_msgs) by extensions ['ros']
[0.138s] Level 1:colcon.colcon_core.package_identification:_identify(interbotix_ros_core/interbotix_ros_xseries/interbotix_xs_msgs) by extension 'ros'
[0.138s] DEBUG:colcon.colcon_core.package_identification:Package 'interbotix_ros_core/interbotix_ros_xseries/interbotix_xs_msgs' with type 'ros.ament_cmake' and name 'interbotix_xs_msgs'
[0.138s] Level 1:colcon.colcon_core.package_identification:_identify(interbotix_ros_core/interbotix_ros_xseries/interbotix_xs_sdk) by extensions ['ignore', 'ignore_ament_install']
[0.138s] Level 1:colcon.colcon_core.package_identification:_identify(interbotix_ros_core/interbotix_ros_xseries/interbotix_xs_sdk) by extension 'ignore'
[0.138s] Level 1:colcon.colcon_core.package_identification:_identify(interbotix_ros_core/interbotix_ros_xseries/interbotix_xs_sdk) by extension 'ignore_ament_install'
[0.138s] Level 1:colcon.colcon_core.package_identification:_identify(interbotix_ros_core/interbotix_ros_xseries/interbotix_xs_sdk) by extensions ['colcon_pkg']
[0.138s] Level 1:colcon.colcon_core.package_identification:_identify(interbotix_ros_core/interbotix_ros_xseries/interbotix_xs_sdk) by extension 'colcon_pkg'
[0.138s] Level 1:colcon.colcon_core.package_identification:_identify(interbotix_ros_core/interbotix_ros_xseries/interbotix_xs_sdk) by extensions ['colcon_meta']
[0.138s] Level 1:colcon.colcon_core.package_identification:_identify(interbotix_ros_core/interbotix_ros_xseries/interbotix_xs_sdk) by extension 'colcon_meta'
[0.138s] Level 1:colcon.colcon_core.package_identification:_identify(interbotix_ros_core/interbotix_ros_xseries/interbotix_xs_sdk) by extensions ['ros']
[0.138s] Level 1:colcon.colcon_core.package_identification:_identify(interbotix_ros_core/interbotix_ros_xseries/interbotix_xs_sdk) by extension 'ros'
[0.139s] DEBUG:colcon.colcon_core.package_identification:Package 'interbotix_ros_core/interbotix_ros_xseries/interbotix_xs_sdk' with type 'ros.ament_cmake' and name 'interbotix_xs_sdk'
[0.139s] Level 1:colcon.colcon_core.package_identification:_identify(interbotix_ros_manipulators) by extensions ['ignore', 'ignore_ament_install']
[0.139s] Level 1:colcon.colcon_core.package_identification:_identify(interbotix_ros_manipulators) by extension 'ignore'
[0.139s] Level 1:colcon.colcon_core.package_identification:_identify(interbotix_ros_manipulators) by extension 'ignore_ament_install'
[0.139s] Level 1:colcon.colcon_core.package_identification:_identify(interbotix_ros_manipulators) by extensions ['colcon_pkg']
[0.139s] Level 1:colcon.colcon_core.package_identification:_identify(interbotix_ros_manipulators) by extension 'colcon_pkg'
[0.139s] Level 1:colcon.colcon_core.package_identification:_identify(interbotix_ros_manipulators) by extensions ['colcon_meta']
[0.139s] Level 1:colcon.colcon_core.package_identification:_identify(interbotix_ros_manipulators) by extension 'colcon_meta'
[0.139s] Level 1:colcon.colcon_core.package_identification:_identify(interbotix_ros_manipulators) by extensions ['ros']
[0.139s] Level 1:colcon.colcon_core.package_identification:_identify(interbotix_ros_manipulators) by extension 'ros'
[0.139s] Level 1:colcon.colcon_core.package_identification:_identify(interbotix_ros_manipulators) by extensions ['cmake', 'python']
[0.139s] Level 1:colcon.colcon_core.package_identification:_identify(interbotix_ros_manipulators) by extension 'cmake'
[0.139s] Level 1:colcon.colcon_core.package_identification:_identify(interbotix_ros_manipulators) by extension 'python'
[0.139s] Level 1:colcon.colcon_core.package_identification:_identify(interbotix_ros_manipulators) by extensions ['python_setup_py']
[0.139s] Level 1:colcon.colcon_core.package_identification:_identify(interbotix_ros_manipulators) by extension 'python_setup_py'
[0.139s] Level 1:colcon.colcon_core.package_identification:_identify(interbotix_ros_manipulators/images) by extensions ['ignore', 'ignore_ament_install']
[0.139s] Level 1:colcon.colcon_core.package_identification:_identify(interbotix_ros_manipulators/images) by extension 'ignore'
[0.139s] Level 1:colcon.colcon_core.package_identification:_identify(interbotix_ros_manipulators/images) by extension 'ignore_ament_install'
[0.139s] Level 1:colcon.colcon_core.package_identification:_identify(interbotix_ros_manipulators/images) by extensions ['colcon_pkg']
[0.139s] Level 1:colcon.colcon_core.package_identification:_identify(interbotix_ros_manipulators/images) by extension 'colcon_pkg'
[0.139s] Level 1:colcon.colcon_core.package_identification:_identify(interbotix_ros_manipulators/images) by extensions ['colcon_meta']
[0.139s] Level 1:colcon.colcon_core.package_identification:_identify(interbotix_ros_manipulators/images) by extension 'colcon_meta'
[0.139s] Level 1:colcon.colcon_core.package_identification:_identify(interbotix_ros_manipulators/images) by extensions ['ros']
[0.139s] Level 1:colcon.colcon_core.package_identification:_identify(interbotix_ros_manipulators/images) by extension 'ros'
[0.139s] Level 1:colcon.colcon_core.package_identification:_identify(interbotix_ros_manipulators/images) by extensions ['cmake', 'python']
[0.139s] Level 1:colcon.colcon_core.package_identification:_identify(interbotix_ros_manipulators/images) by extension 'cmake'
[0.139s] Level 1:colcon.colcon_core.package_identification:_identify(interbotix_ros_manipulators/images) by extension 'python'
[0.139s] Level 1:colcon.colcon_core.package_identification:_identify(interbotix_ros_manipulators/images) by extensions ['python_setup_py']
[0.139s] Level 1:colcon.colcon_core.package_identification:_identify(interbotix_ros_manipulators/images) by extension 'python_setup_py'
[0.139s] Level 1:colcon.colcon_core.package_identification:_identify(interbotix_ros_manipulators/interbotix_ros_xsarms) by extensions ['ignore', 'ignore_ament_install']
[0.139s] Level 1:colcon.colcon_core.package_identification:_identify(interbotix_ros_manipulators/interbotix_ros_xsarms) by extension 'ignore'
[0.139s] Level 1:colcon.colcon_core.package_identification:_identify(interbotix_ros_manipulators/interbotix_ros_xsarms) by extension 'ignore_ament_install'
[0.139s] Level 1:colcon.colcon_core.package_identification:_identify(interbotix_ros_manipulators/interbotix_ros_xsarms) by extensions ['colcon_pkg']
[0.139s] Level 1:colcon.colcon_core.package_identification:_identify(interbotix_ros_manipulators/interbotix_ros_xsarms) by extension 'colcon_pkg'
[0.139s] Level 1:colcon.colcon_core.package_identification:_identify(interbotix_ros_manipulators/interbotix_ros_xsarms) by extensions ['colcon_meta']
[0.139s] Level 1:colcon.colcon_core.package_identification:_identify(interbotix_ros_manipulators/interbotix_ros_xsarms) by extension 'colcon_meta'
[0.139s] Level 1:colcon.colcon_core.package_identification:_identify(interbotix_ros_manipulators/interbotix_ros_xsarms) by extensions ['ros']
[0.139s] Level 1:colcon.colcon_core.package_identification:_identify(interbotix_ros_manipulators/interbotix_ros_xsarms) by extension 'ros'
[0.139s] Level 1:colcon.colcon_core.package_identification:_identify(interbotix_ros_manipulators/interbotix_ros_xsarms) by extensions ['cmake', 'python']
[0.139s] Level 1:colcon.colcon_core.package_identification:_identify(interbotix_ros_manipulators/interbotix_ros_xsarms) by extension 'cmake'
[0.139s] Level 1:colcon.colcon_core.package_identification:_identify(interbotix_ros_manipulators/interbotix_ros_xsarms) by extension 'python'
[0.139s] Level 1:colcon.colcon_core.package_identification:_identify(interbotix_ros_manipulators/interbotix_ros_xsarms) by extensions ['python_setup_py']
[0.139s] Level 1:colcon.colcon_core.package_identification:_identify(interbotix_ros_manipulators/interbotix_ros_xsarms) by extension 'python_setup_py'
[0.139s] Level 1:colcon.colcon_core.package_identification:_identify(interbotix_ros_manipulators/interbotix_ros_xsarms/examples) by extensions ['ignore', 'ignore_ament_install']
[0.139s] Level 1:colcon.colcon_core.package_identification:_identify(interbotix_ros_manipulators/interbotix_ros_xsarms/examples) by extension 'ignore'
[0.139s] Level 1:colcon.colcon_core.package_identification:_identify(interbotix_ros_manipulators/interbotix_ros_xsarms/examples) by extension 'ignore_ament_install'
[0.139s] Level 1:colcon.colcon_core.package_identification:_identify(interbotix_ros_manipulators/interbotix_ros_xsarms/examples) by extensions ['colcon_pkg']
[0.139s] Level 1:colcon.colcon_core.package_identification:_identify(interbotix_ros_manipulators/interbotix_ros_xsarms/examples) by extension 'colcon_pkg'
[0.139s] Level 1:colcon.colcon_core.package_identification:_identify(interbotix_ros_manipulators/interbotix_ros_xsarms/examples) by extensions ['colcon_meta']
[0.139s] Level 1:colcon.colcon_core.package_identification:_identify(interbotix_ros_manipulators/interbotix_ros_xsarms/examples) by extension 'colcon_meta'
[0.139s] Level 1:colcon.colcon_core.package_identification:_identify(interbotix_ros_manipulators/interbotix_ros_xsarms/examples) by extensions ['ros']
[0.139s] Level 1:colcon.colcon_core.package_identification:_identify(interbotix_ros_manipulators/interbotix_ros_xsarms/examples) by extension 'ros'
[0.139s] Level 1:colcon.colcon_core.package_identification:_identify(interbotix_ros_manipulators/interbotix_ros_xsarms/examples) by extensions ['cmake', 'python']
[0.139s] Level 1:colcon.colcon_core.package_identification:_identify(interbotix_ros_manipulators/interbotix_ros_xsarms/examples) by extension 'cmake'
[0.139s] Level 1:colcon.colcon_core.package_identification:_identify(interbotix_ros_manipulators/interbotix_ros_xsarms/examples) by extension 'python'
[0.139s] Level 1:colcon.colcon_core.package_identification:_identify(interbotix_ros_manipulators/interbotix_ros_xsarms/examples) by extensions ['python_setup_py']
[0.139s] Level 1:colcon.colcon_core.package_identification:_identify(interbotix_ros_manipulators/interbotix_ros_xsarms/examples) by extension 'python_setup_py'
[0.139s] Level 1:colcon.colcon_core.package_identification:_identify(interbotix_ros_manipulators/interbotix_ros_xsarms/examples/interbotix_ros_xsarms_examples) by extensions ['ignore', 'ignore_ament_install']
[0.139s] Level 1:colcon.colcon_core.package_identification:_identify(interbotix_ros_manipulators/interbotix_ros_xsarms/examples/interbotix_ros_xsarms_examples) by extension 'ignore'
[0.139s] Level 1:colcon.colcon_core.package_identification:_identify(interbotix_ros_manipulators/interbotix_ros_xsarms/examples/interbotix_ros_xsarms_examples) by extension 'ignore_ament_install'
[0.139s] Level 1:colcon.colcon_core.package_identification:_identify(interbotix_ros_manipulators/interbotix_ros_xsarms/examples/interbotix_ros_xsarms_examples) by extensions ['colcon_pkg']
[0.139s] Level 1:colcon.colcon_core.package_identification:_identify(interbotix_ros_manipulators/interbotix_ros_xsarms/examples/interbotix_ros_xsarms_examples) by extension 'colcon_pkg'
[0.139s] Level 1:colcon.colcon_core.package_identification:_identify(interbotix_ros_manipulators/interbotix_ros_xsarms/examples/interbotix_ros_xsarms_examples) by extensions ['colcon_meta']
[0.139s] Level 1:colcon.colcon_core.package_identification:_identify(interbotix_ros_manipulators/interbotix_ros_xsarms/examples/interbotix_ros_xsarms_examples) by extension 'colcon_meta'
[0.139s] Level 1:colcon.colcon_core.package_identification:_identify(interbotix_ros_manipulators/interbotix_ros_xsarms/examples/interbotix_ros_xsarms_examples) by extensions ['ros']
[0.140s] Level 1:colcon.colcon_core.package_identification:_identify(interbotix_ros_manipulators/interbotix_ros_xsarms/examples/interbotix_ros_xsarms_examples) by extension 'ros'
[0.140s] DEBUG:colcon.colcon_core.package_identification:Package 'interbotix_ros_manipulators/interbotix_ros_xsarms/examples/interbotix_ros_xsarms_examples' with type 'ros.ament_cmake' and name 'interbotix_ros_xsarms_examples'
[0.140s] Level 1:colcon.colcon_core.package_identification:_identify(interbotix_ros_manipulators/interbotix_ros_xsarms/examples/interbotix_xsarm_diagnostic_tool) by extensions ['ignore', 'ignore_ament_install']
[0.140s] Level 1:colcon.colcon_core.package_identification:_identify(interbotix_ros_manipulators/interbotix_ros_xsarms/examples/interbotix_xsarm_diagnostic_tool) by extension 'ignore'
[0.140s] Level 1:colcon.colcon_core.package_identification:_identify(interbotix_ros_manipulators/interbotix_ros_xsarms/examples/interbotix_xsarm_diagnostic_tool) ignored
[0.140s] Level 1:colcon.colcon_core.package_identification:_identify(interbotix_ros_manipulators/interbotix_ros_xsarms/examples/interbotix_xsarm_dual) by extensions ['ignore', 'ignore_ament_install']
[0.140s] Level 1:colcon.colcon_core.package_identification:_identify(interbotix_ros_manipulators/interbotix_ros_xsarms/examples/interbotix_xsarm_dual) by extension 'ignore'
[0.140s] Level 1:colcon.colcon_core.package_identification:_identify(interbotix_ros_manipulators/interbotix_ros_xsarms/examples/interbotix_xsarm_dual) by extension 'ignore_ament_install'
[0.140s] Level 1:colcon.colcon_core.package_identification:_identify(interbotix_ros_manipulators/interbotix_ros_xsarms/examples/interbotix_xsarm_dual) by extensions ['colcon_pkg']
[0.140s] Level 1:colcon.colcon_core.package_identification:_identify(interbotix_ros_manipulators/interbotix_ros_xsarms/examples/interbotix_xsarm_dual) by extension 'colcon_pkg'
[0.140s] Level 1:colcon.colcon_core.package_identification:_identify(interbotix_ros_manipulators/interbotix_ros_xsarms/examples/interbotix_xsarm_dual) by extensions ['colcon_meta']
[0.140s] Level 1:colcon.colcon_core.package_identification:_identify(interbotix_ros_manipulators/interbotix_ros_xsarms/examples/interbotix_xsarm_dual) by extension 'colcon_meta'
[0.140s] Level 1:colcon.colcon_core.package_identification:_identify(interbotix_ros_manipulators/interbotix_ros_xsarms/examples/interbotix_xsarm_dual) by extensions ['ros']
[0.140s] Level 1:colcon.colcon_core.package_identification:_identify(interbotix_ros_manipulators/interbotix_ros_xsarms/examples/interbotix_xsarm_dual) by extension 'ros'
[0.140s] DEBUG:colcon.colcon_core.package_identification:Package 'interbotix_ros_manipulators/interbotix_ros_xsarms/examples/interbotix_xsarm_dual' with type 'ros.ament_cmake' and name 'interbotix_xsarm_dual'
[0.140s] Level 1:colcon.colcon_core.package_identification:_identify(interbotix_ros_manipulators/interbotix_ros_xsarms/examples/interbotix_xsarm_dual_joy) by extensions ['ignore', 'ignore_ament_install']
[0.140s] Level 1:colcon.colcon_core.package_identification:_identify(interbotix_ros_manipulators/interbotix_ros_xsarms/examples/interbotix_xsarm_dual_joy) by extension 'ignore'
[0.140s] Level 1:colcon.colcon_core.package_identification:_identify(interbotix_ros_manipulators/interbotix_ros_xsarms/examples/interbotix_xsarm_dual_joy) ignored
[0.140s] Level 1:colcon.colcon_core.package_identification:_identify(interbotix_ros_manipulators/interbotix_ros_xsarms/examples/interbotix_xsarm_gravity_compensation) by extensions ['ignore', 'ignore_ament_install']
[0.140s] Level 1:colcon.colcon_core.package_identification:_identify(interbotix_ros_manipulators/interbotix_ros_xsarms/examples/interbotix_xsarm_gravity_compensation) by extension 'ignore'
[0.140s] Level 1:colcon.colcon_core.package_identification:_identify(interbotix_ros_manipulators/interbotix_ros_xsarms/examples/interbotix_xsarm_gravity_compensation) by extension 'ignore_ament_install'
[0.140s] Level 1:colcon.colcon_core.package_identification:_identify(interbotix_ros_manipulators/interbotix_ros_xsarms/examples/interbotix_xsarm_gravity_compensation) by extensions ['colcon_pkg']
[0.140s] Level 1:colcon.colcon_core.package_identification:_identify(interbotix_ros_manipulators/interbotix_ros_xsarms/examples/interbotix_xsarm_gravity_compensation) by extension 'colcon_pkg'
[0.140s] Level 1:colcon.colcon_core.package_identification:_identify(interbotix_ros_manipulators/interbotix_ros_xsarms/examples/interbotix_xsarm_gravity_compensation) by extensions ['colcon_meta']
[0.141s] Level 1:colcon.colcon_core.package_identification:_identify(interbotix_ros_manipulators/interbotix_ros_xsarms/examples/interbotix_xsarm_gravity_compensation) by extension 'colcon_meta'
[0.141s] Level 1:colcon.colcon_core.package_identification:_identify(interbotix_ros_manipulators/interbotix_ros_xsarms/examples/interbotix_xsarm_gravity_compensation) by extensions ['ros']
[0.141s] Level 1:colcon.colcon_core.package_identification:_identify(interbotix_ros_manipulators/interbotix_ros_xsarms/examples/interbotix_xsarm_gravity_compensation) by extension 'ros'
[0.141s] DEBUG:colcon.colcon_core.package_identification:Package 'interbotix_ros_manipulators/interbotix_ros_xsarms/examples/interbotix_xsarm_gravity_compensation' with type 'ros.ament_cmake' and name 'interbotix_xsarm_gravity_compensation'
[0.141s] Level 1:colcon.colcon_core.package_identification:_identify(interbotix_ros_manipulators/interbotix_ros_xsarms/examples/interbotix_xsarm_joy) by extensions ['ignore', 'ignore_ament_install']
[0.141s] Level 1:colcon.colcon_core.package_identification:_identify(interbotix_ros_manipulators/interbotix_ros_xsarms/examples/interbotix_xsarm_joy) by extension 'ignore'
[0.141s] Level 1:colcon.colcon_core.package_identification:_identify(interbotix_ros_manipulators/interbotix_ros_xsarms/examples/interbotix_xsarm_joy) by extension 'ignore_ament_install'
[0.141s] Level 1:colcon.colcon_core.package_identification:_identify(interbotix_ros_manipulators/interbotix_ros_xsarms/examples/interbotix_xsarm_joy) by extensions ['colcon_pkg']
[0.141s] Level 1:colcon.colcon_core.package_identification:_identify(interbotix_ros_manipulators/interbotix_ros_xsarms/examples/interbotix_xsarm_joy) by extension 'colcon_pkg'
[0.141s] Level 1:colcon.colcon_core.package_identification:_identify(interbotix_ros_manipulators/interbotix_ros_xsarms/examples/interbotix_xsarm_joy) by extensions ['colcon_meta']
[0.141s] Level 1:colcon.colcon_core.package_identification:_identify(interbotix_ros_manipulators/interbotix_ros_xsarms/examples/interbotix_xsarm_joy) by extension 'colcon_meta'
[0.141s] Level 1:colcon.colcon_core.package_identification:_identify(interbotix_ros_manipulators/interbotix_ros_xsarms/examples/interbotix_xsarm_joy) by extensions ['ros']
[0.141s] Level 1:colcon.colcon_core.package_identification:_identify(interbotix_ros_manipulators/interbotix_ros_xsarms/examples/interbotix_xsarm_joy) by extension 'ros'
[0.141s] DEBUG:colcon.colcon_core.package_identification:Package 'interbotix_ros_manipulators/interbotix_ros_xsarms/examples/interbotix_xsarm_joy' with type 'ros.ament_cmake' and name 'interbotix_xsarm_joy'
[0.141s] Level 1:colcon.colcon_core.package_identification:_identify(interbotix_ros_manipulators/interbotix_ros_xsarms/examples/interbotix_xsarm_moveit_interface) by extensions ['ignore', 'ignore_ament_install']
[0.141s] Level 1:colcon.colcon_core.package_identification:_identify(interbotix_ros_manipulators/interbotix_ros_xsarms/examples/interbotix_xsarm_moveit_interface) by extension 'ignore'
[0.141s] Level 1:colcon.colcon_core.package_identification:_identify(interbotix_ros_manipulators/interbotix_ros_xsarms/examples/interbotix_xsarm_moveit_interface) by extension 'ignore_ament_install'
[0.141s] Level 1:colcon.colcon_core.package_identification:_identify(interbotix_ros_manipulators/interbotix_ros_xsarms/examples/interbotix_xsarm_moveit_interface) by extensions ['colcon_pkg']
[0.141s] Level 1:colcon.colcon_core.package_identification:_identify(interbotix_ros_manipulators/interbotix_ros_xsarms/examples/interbotix_xsarm_moveit_interface) by extension 'colcon_pkg'
[0.142s] Level 1:colcon.colcon_core.package_identification:_identify(interbotix_ros_manipulators/interbotix_ros_xsarms/examples/interbotix_xsarm_moveit_interface) by extensions ['colcon_meta']
[0.142s] Level 1:colcon.colcon_core.package_identification:_identify(interbotix_ros_manipulators/interbotix_ros_xsarms/examples/interbotix_xsarm_moveit_interface) by extension 'colcon_meta'
[0.142s] Level 1:colcon.colcon_core.package_identification:_identify(interbotix_ros_manipulators/interbotix_ros_xsarms/examples/interbotix_xsarm_moveit_interface) by extensions ['ros']
[0.142s] Level 1:colcon.colcon_core.package_identification:_identify(interbotix_ros_manipulators/interbotix_ros_xsarms/examples/interbotix_xsarm_moveit_interface) by extension 'ros'
[0.142s] DEBUG:colcon.colcon_core.package_identification:Package 'interbotix_ros_manipulators/interbotix_ros_xsarms/examples/interbotix_xsarm_moveit_interface' with type 'ros.ament_cmake' and name 'interbotix_xsarm_moveit_interface'
[0.142s] Level 1:colcon.colcon_core.package_identification:_identify(interbotix_ros_manipulators/interbotix_ros_xsarms/examples/interbotix_xsarm_pid) by extensions ['ignore', 'ignore_ament_install']
[0.142s] Level 1:colcon.colcon_core.package_identification:_identify(interbotix_ros_manipulators/interbotix_ros_xsarms/examples/interbotix_xsarm_pid) by extension 'ignore'
[0.142s] Level 1:colcon.colcon_core.package_identification:_identify(interbotix_ros_manipulators/interbotix_ros_xsarms/examples/interbotix_xsarm_pid) ignored
[0.142s] Level 1:colcon.colcon_core.package_identification:_identify(interbotix_ros_manipulators/interbotix_ros_xsarms/examples/interbotix_xsarm_puppet) by extensions ['ignore', 'ignore_ament_install']
[0.142s] Level 1:colcon.colcon_core.package_identification:_identify(interbotix_ros_manipulators/interbotix_ros_xsarms/examples/interbotix_xsarm_puppet) by extension 'ignore'
[0.142s] Level 1:colcon.colcon_core.package_identification:_identify(interbotix_ros_manipulators/interbotix_ros_xsarms/examples/interbotix_xsarm_puppet) by extension 'ignore_ament_install'
[0.142s] Level 1:colcon.colcon_core.package_identification:_identify(interbotix_ros_manipulators/interbotix_ros_xsarms/examples/interbotix_xsarm_puppet) by extensions ['colcon_pkg']
[0.142s] Level 1:colcon.colcon_core.package_identification:_identify(interbotix_ros_manipulators/interbotix_ros_xsarms/examples/interbotix_xsarm_puppet) by extension 'colcon_pkg'
[0.142s] Level 1:colcon.colcon_core.package_identification:_identify(interbotix_ros_manipulators/interbotix_ros_xsarms/examples/interbotix_xsarm_puppet) by extensions ['colcon_meta']
[0.142s] Level 1:colcon.colcon_core.package_identification:_identify(interbotix_ros_manipulators/interbotix_ros_xsarms/examples/interbotix_xsarm_puppet) by extension 'colcon_meta'
[0.142s] Level 1:colcon.colcon_core.package_identification:_identify(interbotix_ros_manipulators/interbotix_ros_xsarms/examples/interbotix_xsarm_puppet) by extensions ['ros']
[0.142s] Level 1:colcon.colcon_core.package_identification:_identify(interbotix_ros_manipulators/interbotix_ros_xsarms/examples/interbotix_xsarm_puppet) by extension 'ros'
[0.142s] DEBUG:colcon.colcon_core.package_identification:Package 'interbotix_ros_manipulators/interbotix_ros_xsarms/examples/interbotix_xsarm_puppet' with type 'ros.ament_cmake' and name 'interbotix_xsarm_puppet'
[0.142s] Level 1:colcon.colcon_core.package_identification:_identify(interbotix_ros_manipulators/interbotix_ros_xsarms/images) by extensions ['ignore', 'ignore_ament_install']
[0.142s] Level 1:colcon.colcon_core.package_identification:_identify(interbotix_ros_manipulators/interbotix_ros_xsarms/images) by extension 'ignore'
[0.142s] Level 1:colcon.colcon_core.package_identification:_identify(interbotix_ros_manipulators/interbotix_ros_xsarms/images) by extension 'ignore_ament_install'
[0.142s] Level 1:colcon.colcon_core.package_identification:_identify(interbotix_ros_manipulators/interbotix_ros_xsarms/images) by extensions ['colcon_pkg']
[0.142s] Level 1:colcon.colcon_core.package_identification:_identify(interbotix_ros_manipulators/interbotix_ros_xsarms/images) by extension 'colcon_pkg'
[0.142s] Level 1:colcon.colcon_core.package_identification:_identify(interbotix_ros_manipulators/interbotix_ros_xsarms/images) by extensions ['colcon_meta']
[0.143s] Level 1:colcon.colcon_core.package_identification:_identify(interbotix_ros_manipulators/interbotix_ros_xsarms/images) by extension 'colcon_meta'
[0.143s] Level 1:colcon.colcon_core.package_identification:_identify(interbotix_ros_manipulators/interbotix_ros_xsarms/images) by extensions ['ros']
[0.143s] Level 1:colcon.colcon_core.package_identification:_identify(interbotix_ros_manipulators/interbotix_ros_xsarms/images) by extension 'ros'
[0.143s] Level 1:colcon.colcon_core.package_identification:_identify(interbotix_ros_manipulators/interbotix_ros_xsarms/images) by extensions ['cmake', 'python']
[0.143s] Level 1:colcon.colcon_core.package_identification:_identify(interbotix_ros_manipulators/interbotix_ros_xsarms/images) by extension 'cmake'
[0.143s] Level 1:colcon.colcon_core.package_identification:_identify(interbotix_ros_manipulators/interbotix_ros_xsarms/images) by extension 'python'
[0.143s] Level 1:colcon.colcon_core.package_identification:_identify(interbotix_ros_manipulators/interbotix_ros_xsarms/images) by extensions ['python_setup_py']
[0.143s] Level 1:colcon.colcon_core.package_identification:_identify(interbotix_ros_manipulators/interbotix_ros_xsarms/images) by extension 'python_setup_py'
[0.143s] Level 1:colcon.colcon_core.package_identification:_identify(interbotix_ros_manipulators/interbotix_ros_xsarms/install) by extensions ['ignore', 'ignore_ament_install']
[0.143s] Level 1:colcon.colcon_core.package_identification:_identify(interbotix_ros_manipulators/interbotix_ros_xsarms/install) by extension 'ignore'
[0.143s] Level 1:colcon.colcon_core.package_identification:_identify(interbotix_ros_manipulators/interbotix_ros_xsarms/install) by extension 'ignore_ament_install'
[0.143s] Level 1:colcon.colcon_core.package_identification:_identify(interbotix_ros_manipulators/interbotix_ros_xsarms/install) by extensions ['colcon_pkg']
[0.143s] Level 1:colcon.colcon_core.package_identification:_identify(interbotix_ros_manipulators/interbotix_ros_xsarms/install) by extension 'colcon_pkg'
[0.143s] Level 1:colcon.colcon_core.package_identification:_identify(interbotix_ros_manipulators/interbotix_ros_xsarms/install) by extensions ['colcon_meta']
[0.143s] Level 1:colcon.colcon_core.package_identification:_identify(interbotix_ros_manipulators/interbotix_ros_xsarms/install) by extension 'colcon_meta'
[0.143s] Level 1:colcon.colcon_core.package_identification:_identify(interbotix_ros_manipulators/interbotix_ros_xsarms/install) by extensions ['ros']
[0.143s] Level 1:colcon.colcon_core.package_identification:_identify(interbotix_ros_manipulators/interbotix_ros_xsarms/install) by extension 'ros'
[0.143s] Level 1:colcon.colcon_core.package_identification:_identify(interbotix_ros_manipulators/interbotix_ros_xsarms/install) by extensions ['cmake', 'python']
[0.143s] Level 1:colcon.colcon_core.package_identification:_identify(interbotix_ros_manipulators/interbotix_ros_xsarms/install) by extension 'cmake'
[0.143s] Level 1:colcon.colcon_core.package_identification:_identify(interbotix_ros_manipulators/interbotix_ros_xsarms/install) by extension 'python'
[0.143s] Level 1:colcon.colcon_core.package_identification:_identify(interbotix_ros_manipulators/interbotix_ros_xsarms/install) by extensions ['python_setup_py']
[0.143s] Level 1:colcon.colcon_core.package_identification:_identify(interbotix_ros_manipulators/interbotix_ros_xsarms/install) by extension 'python_setup_py'
[0.143s] Level 1:colcon.colcon_core.package_identification:_identify(interbotix_ros_manipulators/interbotix_ros_xsarms/install/amd64) by extensions ['ignore', 'ignore_ament_install']
[0.143s] Level 1:colcon.colcon_core.package_identification:_identify(interbotix_ros_manipulators/interbotix_ros_xsarms/install/amd64) by extension 'ignore'
[0.143s] Level 1:colcon.colcon_core.package_identification:_identify(interbotix_ros_manipulators/interbotix_ros_xsarms/install/amd64) by extension 'ignore_ament_install'
[0.143s] Level 1:colcon.colcon_core.package_identification:_identify(interbotix_ros_manipulators/interbotix_ros_xsarms/install/amd64) by extensions ['colcon_pkg']
[0.143s] Level 1:colcon.colcon_core.package_identification:_identify(interbotix_ros_manipulators/interbotix_ros_xsarms/install/amd64) by extension 'colcon_pkg'
[0.143s] Level 1:colcon.colcon_core.package_identification:_identify(interbotix_ros_manipulators/interbotix_ros_xsarms/install/amd64) by extensions ['colcon_meta']
[0.143s] Level 1:colcon.colcon_core.package_identification:_identify(interbotix_ros_manipulators/interbotix_ros_xsarms/install/amd64) by extension 'colcon_meta'
[0.143s] Level 1:colcon.colcon_core.package_identification:_identify(interbotix_ros_manipulators/interbotix_ros_xsarms/install/amd64) by extensions ['ros']
[0.143s] Level 1:colcon.colcon_core.package_identification:_identify(interbotix_ros_manipulators/interbotix_ros_xsarms/install/amd64) by extension 'ros'
[0.143s] Level 1:colcon.colcon_core.package_identification:_identify(interbotix_ros_manipulators/interbotix_ros_xsarms/install/amd64) by extensions ['cmake', 'python']
[0.143s] Level 1:colcon.colcon_core.package_identification:_identify(interbotix_ros_manipulators/interbotix_ros_xsarms/install/amd64) by extension 'cmake'
[0.143s] Level 1:colcon.colcon_core.package_identification:_identify(interbotix_ros_manipulators/interbotix_ros_xsarms/install/amd64) by extension 'python'
[0.143s] Level 1:colcon.colcon_core.package_identification:_identify(interbotix_ros_manipulators/interbotix_ros_xsarms/install/amd64) by extensions ['python_setup_py']
[0.143s] Level 1:colcon.colcon_core.package_identification:_identify(interbotix_ros_manipulators/interbotix_ros_xsarms/install/amd64) by extension 'python_setup_py'
[0.143s] Level 1:colcon.colcon_core.package_identification:_identify(interbotix_ros_manipulators/interbotix_ros_xsarms/install/rpi4) by extensions ['ignore', 'ignore_ament_install']
[0.143s] Level 1:colcon.colcon_core.package_identification:_identify(interbotix_ros_manipulators/interbotix_ros_xsarms/install/rpi4) by extension 'ignore'
[0.143s] Level 1:colcon.colcon_core.package_identification:_identify(interbotix_ros_manipulators/interbotix_ros_xsarms/install/rpi4) by extension 'ignore_ament_install'
[0.143s] Level 1:colcon.colcon_core.package_identification:_identify(interbotix_ros_manipulators/interbotix_ros_xsarms/install/rpi4) by extensions ['colcon_pkg']
[0.143s] Level 1:colcon.colcon_core.package_identification:_identify(interbotix_ros_manipulators/interbotix_ros_xsarms/install/rpi4) by extension 'colcon_pkg'
[0.143s] Level 1:colcon.colcon_core.package_identification:_identify(interbotix_ros_manipulators/interbotix_ros_xsarms/install/rpi4) by extensions ['colcon_meta']
[0.143s] Level 1:colcon.colcon_core.package_identification:_identify(interbotix_ros_manipulators/interbotix_ros_xsarms/install/rpi4) by extension 'colcon_meta'
[0.143s] Level 1:colcon.colcon_core.package_identification:_identify(interbotix_ros_manipulators/interbotix_ros_xsarms/install/rpi4) by extensions ['ros']
[0.143s] Level 1:colcon.colcon_core.package_identification:_identify(interbotix_ros_manipulators/interbotix_ros_xsarms/install/rpi4) by extension 'ros'
[0.143s] Level 1:colcon.colcon_core.package_identification:_identify(interbotix_ros_manipulators/interbotix_ros_xsarms/install/rpi4) by extensions ['cmake', 'python']
[0.143s] Level 1:colcon.colcon_core.package_identification:_identify(interbotix_ros_manipulators/interbotix_ros_xsarms/install/rpi4) by extension 'cmake'
[0.143s] Level 1:colcon.colcon_core.package_identification:_identify(interbotix_ros_manipulators/interbotix_ros_xsarms/install/rpi4) by extension 'python'
[0.143s] Level 1:colcon.colcon_core.package_identification:_identify(interbotix_ros_manipulators/interbotix_ros_xsarms/install/rpi4) by extensions ['python_setup_py']
[0.143s] Level 1:colcon.colcon_core.package_identification:_identify(interbotix_ros_manipulators/interbotix_ros_xsarms/install/rpi4) by extension 'python_setup_py'
[0.143s] Level 1:colcon.colcon_core.package_identification:_identify(interbotix_ros_manipulators/interbotix_ros_xsarms/interbotix_ros_xsarms) by extensions ['ignore', 'ignore_ament_install']
[0.143s] Level 1:colcon.colcon_core.package_identification:_identify(interbotix_ros_manipulators/interbotix_ros_xsarms/interbotix_ros_xsarms) by extension 'ignore'
[0.143s] Level 1:colcon.colcon_core.package_identification:_identify(interbotix_ros_manipulators/interbotix_ros_xsarms/interbotix_ros_xsarms) by extension 'ignore_ament_install'
[0.143s] Level 1:colcon.colcon_core.package_identification:_identify(interbotix_ros_manipulators/interbotix_ros_xsarms/interbotix_ros_xsarms) by extensions ['colcon_pkg']
[0.143s] Level 1:colcon.colcon_core.package_identification:_identify(interbotix_ros_manipulators/interbotix_ros_xsarms/interbotix_ros_xsarms) by extension 'colcon_pkg'
[0.143s] Level 1:colcon.colcon_core.package_identification:_identify(interbotix_ros_manipulators/interbotix_ros_xsarms/interbotix_ros_xsarms) by extensions ['colcon_meta']
[0.143s] Level 1:colcon.colcon_core.package_identification:_identify(interbotix_ros_manipulators/interbotix_ros_xsarms/interbotix_ros_xsarms) by extension 'colcon_meta'
[0.143s] Level 1:colcon.colcon_core.package_identification:_identify(interbotix_ros_manipulators/interbotix_ros_xsarms/interbotix_ros_xsarms) by extensions ['ros']
[0.143s] Level 1:colcon.colcon_core.package_identification:_identify(interbotix_ros_manipulators/interbotix_ros_xsarms/interbotix_ros_xsarms) by extension 'ros'
[0.144s] DEBUG:colcon.colcon_core.package_identification:Package 'interbotix_ros_manipulators/interbotix_ros_xsarms/interbotix_ros_xsarms' with type 'ros.ament_cmake' and name 'interbotix_ros_xsarms'
[0.144s] Level 1:colcon.colcon_core.package_identification:_identify(interbotix_ros_manipulators/interbotix_ros_xsarms/interbotix_xsarm_control) by extensions ['ignore', 'ignore_ament_install']
[0.144s] Level 1:colcon.colcon_core.package_identification:_identify(interbotix_ros_manipulators/interbotix_ros_xsarms/interbotix_xsarm_control) by extension 'ignore'
[0.144s] Level 1:colcon.colcon_core.package_identification:_identify(interbotix_ros_manipulators/interbotix_ros_xsarms/interbotix_xsarm_control) by extension 'ignore_ament_install'
[0.144s] Level 1:colcon.colcon_core.package_identification:_identify(interbotix_ros_manipulators/interbotix_ros_xsarms/interbotix_xsarm_control) by extensions ['colcon_pkg']
[0.144s] Level 1:colcon.colcon_core.package_identification:_identify(interbotix_ros_manipulators/interbotix_ros_xsarms/interbotix_xsarm_control) by extension 'colcon_pkg'
[0.144s] Level 1:colcon.colcon_core.package_identification:_identify(interbotix_ros_manipulators/interbotix_ros_xsarms/interbotix_xsarm_control) by extensions ['colcon_meta']
[0.144s] Level 1:colcon.colcon_core.package_identification:_identify(interbotix_ros_manipulators/interbotix_ros_xsarms/interbotix_xsarm_control) by extension 'colcon_meta'
[0.144s] Level 1:colcon.colcon_core.package_identification:_identify(interbotix_ros_manipulators/interbotix_ros_xsarms/interbotix_xsarm_control) by extensions ['ros']
[0.144s] Level 1:colcon.colcon_core.package_identification:_identify(interbotix_ros_manipulators/interbotix_ros_xsarms/interbotix_xsarm_control) by extension 'ros'
[0.144s] DEBUG:colcon.colcon_core.package_identification:Package 'interbotix_ros_manipulators/interbotix_ros_xsarms/interbotix_xsarm_control' with type 'ros.ament_cmake' and name 'interbotix_xsarm_control'
[0.144s] Level 1:colcon.colcon_core.package_identification:_identify(interbotix_ros_manipulators/interbotix_ros_xsarms/interbotix_xsarm_descriptions) by extensions ['ignore', 'ignore_ament_install']
[0.144s] Level 1:colcon.colcon_core.package_identification:_identify(interbotix_ros_manipulators/interbotix_ros_xsarms/interbotix_xsarm_descriptions) by extension 'ignore'
[0.144s] Level 1:colcon.colcon_core.package_identification:_identify(interbotix_ros_manipulators/interbotix_ros_xsarms/interbotix_xsarm_descriptions) by extension 'ignore_ament_install'
[0.144s] Level 1:colcon.colcon_core.package_identification:_identify(interbotix_ros_manipulators/interbotix_ros_xsarms/interbotix_xsarm_descriptions) by extensions ['colcon_pkg']
[0.144s] Level 1:colcon.colcon_core.package_identification:_identify(interbotix_ros_manipulators/interbotix_ros_xsarms/interbotix_xsarm_descriptions) by extension 'colcon_pkg'
[0.144s] Level 1:colcon.colcon_core.package_identification:_identify(interbotix_ros_manipulators/interbotix_ros_xsarms/interbotix_xsarm_descriptions) by extensions ['colcon_meta']
[0.144s] Level 1:colcon.colcon_core.package_identification:_identify(interbotix_ros_manipulators/interbotix_ros_xsarms/interbotix_xsarm_descriptions) by extension 'colcon_meta'
[0.144s] Level 1:colcon.colcon_core.package_identification:_identify(interbotix_ros_manipulators/interbotix_ros_xsarms/interbotix_xsarm_descriptions) by extensions ['ros']
[0.144s] Level 1:colcon.colcon_core.package_identification:_identify(interbotix_ros_manipulators/interbotix_ros_xsarms/interbotix_xsarm_descriptions) by extension 'ros'
[0.145s] DEBUG:colcon.colcon_core.package_identification:Package 'interbotix_ros_manipulators/interbotix_ros_xsarms/interbotix_xsarm_descriptions' with type 'ros.ament_cmake' and name 'interbotix_xsarm_descriptions'
[0.145s] Level 1:colcon.colcon_core.package_identification:_identify(interbotix_ros_manipulators/interbotix_ros_xsarms/interbotix_xsarm_moveit) by extensions ['ignore', 'ignore_ament_install']
[0.145s] Level 1:colcon.colcon_core.package_identification:_identify(interbotix_ros_manipulators/interbotix_ros_xsarms/interbotix_xsarm_moveit) by extension 'ignore'
[0.145s] Level 1:colcon.colcon_core.package_identification:_identify(interbotix_ros_manipulators/interbotix_ros_xsarms/interbotix_xsarm_moveit) by extension 'ignore_ament_install'
[0.145s] Level 1:colcon.colcon_core.package_identification:_identify(interbotix_ros_manipulators/interbotix_ros_xsarms/interbotix_xsarm_moveit) by extensions ['colcon_pkg']
[0.145s] Level 1:colcon.colcon_core.package_identification:_identify(interbotix_ros_manipulators/interbotix_ros_xsarms/interbotix_xsarm_moveit) by extension 'colcon_pkg'
[0.145s] Level 1:colcon.colcon_core.package_identification:_identify(interbotix_ros_manipulators/interbotix_ros_xsarms/interbotix_xsarm_moveit) by extensions ['colcon_meta']
[0.145s] Level 1:colcon.colcon_core.package_identification:_identify(interbotix_ros_manipulators/interbotix_ros_xsarms/interbotix_xsarm_moveit) by extension 'colcon_meta'
[0.145s] Level 1:colcon.colcon_core.package_identification:_identify(interbotix_ros_manipulators/interbotix_ros_xsarms/interbotix_xsarm_moveit) by extensions ['ros']
[0.145s] Level 1:colcon.colcon_core.package_identification:_identify(interbotix_ros_manipulators/interbotix_ros_xsarms/interbotix_xsarm_moveit) by extension 'ros'
[0.145s] DEBUG:colcon.colcon_core.package_identification:Package 'interbotix_ros_manipulators/interbotix_ros_xsarms/interbotix_xsarm_moveit' with type 'ros.ament_cmake' and name 'interbotix_xsarm_moveit'
[0.145s] Level 1:colcon.colcon_core.package_identification:_identify(interbotix_ros_manipulators/interbotix_ros_xsarms/interbotix_xsarm_perception) by extensions ['ignore', 'ignore_ament_install']
[0.146s] Level 1:colcon.colcon_core.package_identification:_identify(interbotix_ros_manipulators/interbotix_ros_xsarms/interbotix_xsarm_perception) by extension 'ignore'
[0.146s] Level 1:colcon.colcon_core.package_identification:_identify(interbotix_ros_manipulators/interbotix_ros_xsarms/interbotix_xsarm_perception) ignored
[0.146s] Level 1:colcon.colcon_core.package_identification:_identify(interbotix_ros_manipulators/interbotix_ros_xsarms/interbotix_xsarm_ros_control) by extensions ['ignore', 'ignore_ament_install']
[0.146s] Level 1:colcon.colcon_core.package_identification:_identify(interbotix_ros_manipulators/interbotix_ros_xsarms/interbotix_xsarm_ros_control) by extension 'ignore'
[0.146s] Level 1:colcon.colcon_core.package_identification:_identify(interbotix_ros_manipulators/interbotix_ros_xsarms/interbotix_xsarm_ros_control) by extension 'ignore_ament_install'
[0.146s] Level 1:colcon.colcon_core.package_identification:_identify(interbotix_ros_manipulators/interbotix_ros_xsarms/interbotix_xsarm_ros_control) by extensions ['colcon_pkg']
[0.146s] Level 1:colcon.colcon_core.package_identification:_identify(interbotix_ros_manipulators/interbotix_ros_xsarms/interbotix_xsarm_ros_control) by extension 'colcon_pkg'
[0.146s] Level 1:colcon.colcon_core.package_identification:_identify(interbotix_ros_manipulators/interbotix_ros_xsarms/interbotix_xsarm_ros_control) by extensions ['colcon_meta']
[0.146s] Level 1:colcon.colcon_core.package_identification:_identify(interbotix_ros_manipulators/interbotix_ros_xsarms/interbotix_xsarm_ros_control) by extension 'colcon_meta'
[0.146s] Level 1:colcon.colcon_core.package_identification:_identify(interbotix_ros_manipulators/interbotix_ros_xsarms/interbotix_xsarm_ros_control) by extensions ['ros']
[0.146s] Level 1:colcon.colcon_core.package_identification:_identify(interbotix_ros_manipulators/interbotix_ros_xsarms/interbotix_xsarm_ros_control) by extension 'ros'
[0.146s] DEBUG:colcon.colcon_core.package_identification:Package 'interbotix_ros_manipulators/interbotix_ros_xsarms/interbotix_xsarm_ros_control' with type 'ros.ament_cmake' and name 'interbotix_xsarm_ros_control'
[0.146s] Level 1:colcon.colcon_core.package_identification:_identify(interbotix_ros_manipulators/interbotix_ros_xsarms/interbotix_xsarm_sim) by extensions ['ignore', 'ignore_ament_install']
[0.146s] Level 1:colcon.colcon_core.package_identification:_identify(interbotix_ros_manipulators/interbotix_ros_xsarms/interbotix_xsarm_sim) by extension 'ignore'
[0.146s] Level 1:colcon.colcon_core.package_identification:_identify(interbotix_ros_manipulators/interbotix_ros_xsarms/interbotix_xsarm_sim) by extension 'ignore_ament_install'
[0.146s] Level 1:colcon.colcon_core.package_identification:_identify(interbotix_ros_manipulators/interbotix_ros_xsarms/interbotix_xsarm_sim) by extensions ['colcon_pkg']
[0.146s] Level 1:colcon.colcon_core.package_identification:_identify(interbotix_ros_manipulators/interbotix_ros_xsarms/interbotix_xsarm_sim) by extension 'colcon_pkg'
[0.146s] Level 1:colcon.colcon_core.package_identification:_identify(interbotix_ros_manipulators/interbotix_ros_xsarms/interbotix_xsarm_sim) by extensions ['colcon_meta']
[0.146s] Level 1:colcon.colcon_core.package_identification:_identify(interbotix_ros_manipulators/interbotix_ros_xsarms/interbotix_xsarm_sim) by extension 'colcon_meta'
[0.146s] Level 1:colcon.colcon_core.package_identification:_identify(interbotix_ros_manipulators/interbotix_ros_xsarms/interbotix_xsarm_sim) by extensions ['ros']
[0.146s] Level 1:colcon.colcon_core.package_identification:_identify(interbotix_ros_manipulators/interbotix_ros_xsarms/interbotix_xsarm_sim) by extension 'ros'
[0.146s] DEBUG:colcon.colcon_core.package_identification:Package 'interbotix_ros_manipulators/interbotix_ros_xsarms/interbotix_xsarm_sim' with type 'ros.ament_cmake' and name 'interbotix_xsarm_sim'
[0.147s] Level 1:colcon.colcon_core.package_identification:_identify(interbotix_ros_toolboxes) by extensions ['ignore', 'ignore_ament_install']
[0.147s] Level 1:colcon.colcon_core.package_identification:_identify(interbotix_ros_toolboxes) by extension 'ignore'
[0.147s] Level 1:colcon.colcon_core.package_identification:_identify(interbotix_ros_toolboxes) by extension 'ignore_ament_install'
[0.147s] Level 1:colcon.colcon_core.package_identification:_identify(interbotix_ros_toolboxes) by extensions ['colcon_pkg']
[0.147s] Level 1:colcon.colcon_core.package_identification:_identify(interbotix_ros_toolboxes) by extension 'colcon_pkg'
[0.147s] Level 1:colcon.colcon_core.package_identification:_identify(interbotix_ros_toolboxes) by extensions ['colcon_meta']
[0.147s] Level 1:colcon.colcon_core.package_identification:_identify(interbotix_ros_toolboxes) by extension 'colcon_meta'
[0.147s] Level 1:colcon.colcon_core.package_identification:_identify(interbotix_ros_toolboxes) by extensions ['ros']
[0.147s] Level 1:colcon.colcon_core.package_identification:_identify(interbotix_ros_toolboxes) by extension 'ros'
[0.147s] Level 1:colcon.colcon_core.package_identification:_identify(interbotix_ros_toolboxes) by extensions ['cmake', 'python']
[0.147s] Level 1:colcon.colcon_core.package_identification:_identify(interbotix_ros_toolboxes) by extension 'cmake'
[0.147s] Level 1:colcon.colcon_core.package_identification:_identify(interbotix_ros_toolboxes) by extension 'python'
[0.147s] Level 1:colcon.colcon_core.package_identification:_identify(interbotix_ros_toolboxes) by extensions ['python_setup_py']
[0.147s] Level 1:colcon.colcon_core.package_identification:_identify(interbotix_ros_toolboxes) by extension 'python_setup_py'
[0.147s] Level 1:colcon.colcon_core.package_identification:_identify(interbotix_ros_toolboxes/images) by extensions ['ignore', 'ignore_ament_install']
[0.147s] Level 1:colcon.colcon_core.package_identification:_identify(interbotix_ros_toolboxes/images) by extension 'ignore'
[0.147s] Level 1:colcon.colcon_core.package_identification:_identify(interbotix_ros_toolboxes/images) by extension 'ignore_ament_install'
[0.147s] Level 1:colcon.colcon_core.package_identification:_identify(interbotix_ros_toolboxes/images) by extensions ['colcon_pkg']
[0.147s] Level 1:colcon.colcon_core.package_identification:_identify(interbotix_ros_toolboxes/images) by extension 'colcon_pkg'
[0.147s] Level 1:colcon.colcon_core.package_identification:_identify(interbotix_ros_toolboxes/images) by extensions ['colcon_meta']
[0.147s] Level 1:colcon.colcon_core.package_identification:_identify(interbotix_ros_toolboxes/images) by extension 'colcon_meta'
[0.147s] Level 1:colcon.colcon_core.package_identification:_identify(interbotix_ros_toolboxes/images) by extensions ['ros']
[0.147s] Level 1:colcon.colcon_core.package_identification:_identify(interbotix_ros_toolboxes/images) by extension 'ros'
[0.147s] Level 1:colcon.colcon_core.package_identification:_identify(interbotix_ros_toolboxes/images) by extensions ['cmake', 'python']
[0.147s] Level 1:colcon.colcon_core.package_identification:_identify(interbotix_ros_toolboxes/images) by extension 'cmake'
[0.147s] Level 1:colcon.colcon_core.package_identification:_identify(interbotix_ros_toolboxes/images) by extension 'python'
[0.147s] Level 1:colcon.colcon_core.package_identification:_identify(interbotix_ros_toolboxes/images) by extensions ['python_setup_py']
[0.147s] Level 1:colcon.colcon_core.package_identification:_identify(interbotix_ros_toolboxes/images) by extension 'python_setup_py'
[0.147s] Level 1:colcon.colcon_core.package_identification:_identify(interbotix_ros_toolboxes/interbotix_common_toolbox) by extensions ['ignore', 'ignore_ament_install']
[0.147s] Level 1:colcon.colcon_core.package_identification:_identify(interbotix_ros_toolboxes/interbotix_common_toolbox) by extension 'ignore'
[0.147s] Level 1:colcon.colcon_core.package_identification:_identify(interbotix_ros_toolboxes/interbotix_common_toolbox) by extension 'ignore_ament_install'
[0.147s] Level 1:colcon.colcon_core.package_identification:_identify(interbotix_ros_toolboxes/interbotix_common_toolbox) by extensions ['colcon_pkg']
[0.147s] Level 1:colcon.colcon_core.package_identification:_identify(interbotix_ros_toolboxes/interbotix_common_toolbox) by extension 'colcon_pkg'
[0.147s] Level 1:colcon.colcon_core.package_identification:_identify(interbotix_ros_toolboxes/interbotix_common_toolbox) by extensions ['colcon_meta']
[0.147s] Level 1:colcon.colcon_core.package_identification:_identify(interbotix_ros_toolboxes/interbotix_common_toolbox) by extension 'colcon_meta'
[0.147s] Level 1:colcon.colcon_core.package_identification:_identify(interbotix_ros_toolboxes/interbotix_common_toolbox) by extensions ['ros']
[0.147s] Level 1:colcon.colcon_core.package_identification:_identify(interbotix_ros_toolboxes/interbotix_common_toolbox) by extension 'ros'
[0.147s] Level 1:colcon.colcon_core.package_identification:_identify(interbotix_ros_toolboxes/interbotix_common_toolbox) by extensions ['cmake', 'python']
[0.147s] Level 1:colcon.colcon_core.package_identification:_identify(interbotix_ros_toolboxes/interbotix_common_toolbox) by extension 'cmake'
[0.147s] Level 1:colcon.colcon_core.package_identification:_identify(interbotix_ros_toolboxes/interbotix_common_toolbox) by extension 'python'
[0.147s] Level 1:colcon.colcon_core.package_identification:_identify(interbotix_ros_toolboxes/interbotix_common_toolbox) by extensions ['python_setup_py']
[0.147s] Level 1:colcon.colcon_core.package_identification:_identify(interbotix_ros_toolboxes/interbotix_common_toolbox) by extension 'python_setup_py'
[0.147s] Level 1:colcon.colcon_core.package_identification:_identify(interbotix_ros_toolboxes/interbotix_common_toolbox/interbotix_common_modules) by extensions ['ignore', 'ignore_ament_install']
[0.147s] Level 1:colcon.colcon_core.package_identification:_identify(interbotix_ros_toolboxes/interbotix_common_toolbox/interbotix_common_modules) by extension 'ignore'
[0.147s] Level 1:colcon.colcon_core.package_identification:_identify(interbotix_ros_toolboxes/interbotix_common_toolbox/interbotix_common_modules) by extension 'ignore_ament_install'
[0.147s] Level 1:colcon.colcon_core.package_identification:_identify(interbotix_ros_toolboxes/interbotix_common_toolbox/interbotix_common_modules) by extensions ['colcon_pkg']
[0.147s] Level 1:colcon.colcon_core.package_identification:_identify(interbotix_ros_toolboxes/interbotix_common_toolbox/interbotix_common_modules) by extension 'colcon_pkg'
[0.147s] Level 1:colcon.colcon_core.package_identification:_identify(interbotix_ros_toolboxes/interbotix_common_toolbox/interbotix_common_modules) by extensions ['colcon_meta']
[0.147s] Level 1:colcon.colcon_core.package_identification:_identify(interbotix_ros_toolboxes/interbotix_common_toolbox/interbotix_common_modules) by extension 'colcon_meta'
[0.147s] Level 1:colcon.colcon_core.package_identification:_identify(interbotix_ros_toolboxes/interbotix_common_toolbox/interbotix_common_modules) by extensions ['ros']
[0.147s] Level 1:colcon.colcon_core.package_identification:_identify(interbotix_ros_toolboxes/interbotix_common_toolbox/interbotix_common_modules) by extension 'ros'
[0.147s] DEBUG:colcon.colcon_core.package_identification:Package 'interbotix_ros_toolboxes/interbotix_common_toolbox/interbotix_common_modules' with type 'ros.ament_python' and name 'interbotix_common_modules'
[0.148s] Level 1:colcon.colcon_core.package_identification:_identify(interbotix_ros_toolboxes/interbotix_common_toolbox/interbotix_common_sim) by extensions ['ignore', 'ignore_ament_install']
[0.148s] Level 1:colcon.colcon_core.package_identification:_identify(interbotix_ros_toolboxes/interbotix_common_toolbox/interbotix_common_sim) by extension 'ignore'
[0.148s] Level 1:colcon.colcon_core.package_identification:_identify(interbotix_ros_toolboxes/interbotix_common_toolbox/interbotix_common_sim) by extension 'ignore_ament_install'
[0.148s] Level 1:colcon.colcon_core.package_identification:_identify(interbotix_ros_toolboxes/interbotix_common_toolbox/interbotix_common_sim) by extensions ['colcon_pkg']
[0.148s] Level 1:colcon.colcon_core.package_identification:_identify(interbotix_ros_toolboxes/interbotix_common_toolbox/interbotix_common_sim) by extension 'colcon_pkg'
[0.148s] Level 1:colcon.colcon_core.package_identification:_identify(interbotix_ros_toolboxes/interbotix_common_toolbox/interbotix_common_sim) by extensions ['colcon_meta']
[0.148s] Level 1:colcon.colcon_core.package_identification:_identify(interbotix_ros_toolboxes/interbotix_common_toolbox/interbotix_common_sim) by extension 'colcon_meta'
[0.148s] Level 1:colcon.colcon_core.package_identification:_identify(interbotix_ros_toolboxes/interbotix_common_toolbox/interbotix_common_sim) by extensions ['ros']
[0.148s] Level 1:colcon.colcon_core.package_identification:_identify(interbotix_ros_toolboxes/interbotix_common_toolbox/interbotix_common_sim) by extension 'ros'
[0.148s] DEBUG:colcon.colcon_core.package_identification:Package 'interbotix_ros_toolboxes/interbotix_common_toolbox/interbotix_common_sim' with type 'ros.ament_cmake' and name 'interbotix_common_sim'
[0.148s] Level 1:colcon.colcon_core.package_identification:_identify(interbotix_ros_toolboxes/interbotix_common_toolbox/interbotix_common_toolbox) by extensions ['ignore', 'ignore_ament_install']
[0.148s] Level 1:colcon.colcon_core.package_identification:_identify(interbotix_ros_toolboxes/interbotix_common_toolbox/interbotix_common_toolbox) by extension 'ignore'
[0.148s] Level 1:colcon.colcon_core.package_identification:_identify(interbotix_ros_toolboxes/interbotix_common_toolbox/interbotix_common_toolbox) by extension 'ignore_ament_install'
[0.148s] Level 1:colcon.colcon_core.package_identification:_identify(interbotix_ros_toolboxes/interbotix_common_toolbox/interbotix_common_toolbox) by extensions ['colcon_pkg']
[0.148s] Level 1:colcon.colcon_core.package_identification:_identify(interbotix_ros_toolboxes/interbotix_common_toolbox/interbotix_common_toolbox) by extension 'colcon_pkg'
[0.148s] Level 1:colcon.colcon_core.package_identification:_identify(interbotix_ros_toolboxes/interbotix_common_toolbox/interbotix_common_toolbox) by extensions ['colcon_meta']
[0.148s] Level 1:colcon.colcon_core.package_identification:_identify(interbotix_ros_toolboxes/interbotix_common_toolbox/interbotix_common_toolbox) by extension 'colcon_meta'
[0.148s] Level 1:colcon.colcon_core.package_identification:_identify(interbotix_ros_toolboxes/interbotix_common_toolbox/interbotix_common_toolbox) by extensions ['ros']
[0.148s] Level 1:colcon.colcon_core.package_identification:_identify(interbotix_ros_toolboxes/interbotix_common_toolbox/interbotix_common_toolbox) by extension 'ros'
[0.148s] DEBUG:colcon.colcon_core.package_identification:Package 'interbotix_ros_toolboxes/interbotix_common_toolbox/interbotix_common_toolbox' with type 'ros.ament_cmake' and name 'interbotix_common_toolbox'
[0.148s] Level 1:colcon.colcon_core.package_identification:_identify(interbotix_ros_toolboxes/interbotix_common_toolbox/interbotix_gravity_compensation) by extensions ['ignore', 'ignore_ament_install']
[0.148s] Level 1:colcon.colcon_core.package_identification:_identify(interbotix_ros_toolboxes/interbotix_common_toolbox/interbotix_gravity_compensation) by extension 'ignore'
[0.148s] Level 1:colcon.colcon_core.package_identification:_identify(interbotix_ros_toolboxes/interbotix_common_toolbox/interbotix_gravity_compensation) by extension 'ignore_ament_install'
[0.148s] Level 1:colcon.colcon_core.package_identification:_identify(interbotix_ros_toolboxes/interbotix_common_toolbox/interbotix_gravity_compensation) by extensions ['colcon_pkg']
[0.148s] Level 1:colcon.colcon_core.package_identification:_identify(interbotix_ros_toolboxes/interbotix_common_toolbox/interbotix_gravity_compensation) by extension 'colcon_pkg'
[0.148s] Level 1:colcon.colcon_core.package_identification:_identify(interbotix_ros_toolboxes/interbotix_common_toolbox/interbotix_gravity_compensation) by extensions ['colcon_meta']
[0.148s] Level 1:colcon.colcon_core.package_identification:_identify(interbotix_ros_toolboxes/interbotix_common_toolbox/interbotix_gravity_compensation) by extension 'colcon_meta'
[0.148s] Level 1:colcon.colcon_core.package_identification:_identify(interbotix_ros_toolboxes/interbotix_common_toolbox/interbotix_gravity_compensation) by extensions ['ros']
[0.148s] Level 1:colcon.colcon_core.package_identification:_identify(interbotix_ros_toolboxes/interbotix_common_toolbox/interbotix_gravity_compensation) by extension 'ros'
[0.149s] DEBUG:colcon.colcon_core.package_identification:Package 'interbotix_ros_toolboxes/interbotix_common_toolbox/interbotix_gravity_compensation' with type 'ros.ament_cmake' and name 'interbotix_gravity_compensation'
[0.149s] Level 1:colcon.colcon_core.package_identification:_identify(interbotix_ros_toolboxes/interbotix_common_toolbox/interbotix_landmark_modules) by extensions ['ignore', 'ignore_ament_install']
[0.149s] Level 1:colcon.colcon_core.package_identification:_identify(interbotix_ros_toolboxes/interbotix_common_toolbox/interbotix_landmark_modules) by extension 'ignore'
[0.149s] Level 1:colcon.colcon_core.package_identification:_identify(interbotix_ros_toolboxes/interbotix_common_toolbox/interbotix_landmark_modules) ignored
[0.149s] Level 1:colcon.colcon_core.package_identification:_identify(interbotix_ros_toolboxes/interbotix_common_toolbox/interbotix_moveit_interface) by extensions ['ignore', 'ignore_ament_install']
[0.149s] Level 1:colcon.colcon_core.package_identification:_identify(interbotix_ros_toolboxes/interbotix_common_toolbox/interbotix_moveit_interface) by extension 'ignore'
[0.149s] Level 1:colcon.colcon_core.package_identification:_identify(interbotix_ros_toolboxes/interbotix_common_toolbox/interbotix_moveit_interface) by extension 'ignore_ament_install'
[0.149s] Level 1:colcon.colcon_core.package_identification:_identify(interbotix_ros_toolboxes/interbotix_common_toolbox/interbotix_moveit_interface) by extensions ['colcon_pkg']
[0.149s] Level 1:colcon.colcon_core.package_identification:_identify(interbotix_ros_toolboxes/interbotix_common_toolbox/interbotix_moveit_interface) by extension 'colcon_pkg'
[0.149s] Level 1:colcon.colcon_core.package_identification:_identify(interbotix_ros_toolboxes/interbotix_common_toolbox/interbotix_moveit_interface) by extensions ['colcon_meta']
[0.149s] Level 1:colcon.colcon_core.package_identification:_identify(interbotix_ros_toolboxes/interbotix_common_toolbox/interbotix_moveit_interface) by extension 'colcon_meta'
[0.149s] Level 1:colcon.colcon_core.package_identification:_identify(interbotix_ros_toolboxes/interbotix_common_toolbox/interbotix_moveit_interface) by extensions ['ros']
[0.149s] Level 1:colcon.colcon_core.package_identification:_identify(interbotix_ros_toolboxes/interbotix_common_toolbox/interbotix_moveit_interface) by extension 'ros'
[0.149s] DEBUG:colcon.colcon_core.package_identification:Package 'interbotix_ros_toolboxes/interbotix_common_toolbox/interbotix_moveit_interface' with type 'ros.ament_cmake' and name 'interbotix_moveit_interface'
[0.149s] Level 1:colcon.colcon_core.package_identification:_identify(interbotix_ros_toolboxes/interbotix_common_toolbox/interbotix_moveit_interface_msgs) by extensions ['ignore', 'ignore_ament_install']
[0.149s] Level 1:colcon.colcon_core.package_identification:_identify(interbotix_ros_toolboxes/interbotix_common_toolbox/interbotix_moveit_interface_msgs) by extension 'ignore'
[0.149s] Level 1:colcon.colcon_core.package_identification:_identify(interbotix_ros_toolboxes/interbotix_common_toolbox/interbotix_moveit_interface_msgs) by extension 'ignore_ament_install'
[0.149s] Level 1:colcon.colcon_core.package_identification:_identify(interbotix_ros_toolboxes/interbotix_common_toolbox/interbotix_moveit_interface_msgs) by extensions ['colcon_pkg']
[0.149s] Level 1:colcon.colcon_core.package_identification:_identify(interbotix_ros_toolboxes/interbotix_common_toolbox/interbotix_moveit_interface_msgs) by extension 'colcon_pkg'
[0.149s] Level 1:colcon.colcon_core.package_identification:_identify(interbotix_ros_toolboxes/interbotix_common_toolbox/interbotix_moveit_interface_msgs) by extensions ['colcon_meta']
[0.149s] Level 1:colcon.colcon_core.package_identification:_identify(interbotix_ros_toolboxes/interbotix_common_toolbox/interbotix_moveit_interface_msgs) by extension 'colcon_meta'
[0.149s] Level 1:colcon.colcon_core.package_identification:_identify(interbotix_ros_toolboxes/interbotix_common_toolbox/interbotix_moveit_interface_msgs) by extensions ['ros']
[0.149s] Level 1:colcon.colcon_core.package_identification:_identify(interbotix_ros_toolboxes/interbotix_common_toolbox/interbotix_moveit_interface_msgs) by extension 'ros'
[0.150s] DEBUG:colcon.colcon_core.package_identification:Package 'interbotix_ros_toolboxes/interbotix_common_toolbox/interbotix_moveit_interface_msgs' with type 'ros.ament_cmake' and name 'interbotix_moveit_interface_msgs'
[0.150s] Level 1:colcon.colcon_core.package_identification:_identify(interbotix_ros_toolboxes/interbotix_common_toolbox/interbotix_tf_tools) by extensions ['ignore', 'ignore_ament_install']
[0.150s] Level 1:colcon.colcon_core.package_identification:_identify(interbotix_ros_toolboxes/interbotix_common_toolbox/interbotix_tf_tools) by extension 'ignore'
[0.150s] Level 1:colcon.colcon_core.package_identification:_identify(interbotix_ros_toolboxes/interbotix_common_toolbox/interbotix_tf_tools) by extension 'ignore_ament_install'
[0.150s] Level 1:colcon.colcon_core.package_identification:_identify(interbotix_ros_toolboxes/interbotix_common_toolbox/interbotix_tf_tools) by extensions ['colcon_pkg']
[0.150s] Level 1:colcon.colcon_core.package_identification:_identify(interbotix_ros_toolboxes/interbotix_common_toolbox/interbotix_tf_tools) by extension 'colcon_pkg'
[0.150s] Level 1:colcon.colcon_core.package_identification:_identify(interbotix_ros_toolboxes/interbotix_common_toolbox/interbotix_tf_tools) by extensions ['colcon_meta']
[0.150s] Level 1:colcon.colcon_core.package_identification:_identify(interbotix_ros_toolboxes/interbotix_common_toolbox/interbotix_tf_tools) by extension 'colcon_meta'
[0.150s] Level 1:colcon.colcon_core.package_identification:_identify(interbotix_ros_toolboxes/interbotix_common_toolbox/interbotix_tf_tools) by extensions ['ros']
[0.150s] Level 1:colcon.colcon_core.package_identification:_identify(interbotix_ros_toolboxes/interbotix_common_toolbox/interbotix_tf_tools) by extension 'ros'
[0.150s] DEBUG:colcon.colcon_core.package_identification:Package 'interbotix_ros_toolboxes/interbotix_common_toolbox/interbotix_tf_tools' with type 'ros.ament_cmake' and name 'interbotix_tf_tools'
[0.150s] Level 1:colcon.colcon_core.package_identification:_identify(interbotix_ros_toolboxes/interbotix_io_toolbox) by extensions ['ignore', 'ignore_ament_install']
[0.150s] Level 1:colcon.colcon_core.package_identification:_identify(interbotix_ros_toolboxes/interbotix_io_toolbox) by extension 'ignore'
[0.150s] Level 1:colcon.colcon_core.package_identification:_identify(interbotix_ros_toolboxes/interbotix_io_toolbox) ignored
[0.150s] Level 1:colcon.colcon_core.package_identification:_identify(interbotix_ros_toolboxes/interbotix_perception_toolbox) by extensions ['ignore', 'ignore_ament_install']
[0.150s] Level 1:colcon.colcon_core.package_identification:_identify(interbotix_ros_toolboxes/interbotix_perception_toolbox) by extension 'ignore'
[0.150s] Level 1:colcon.colcon_core.package_identification:_identify(interbotix_ros_toolboxes/interbotix_perception_toolbox) ignored
[0.150s] Level 1:colcon.colcon_core.package_identification:_identify(interbotix_ros_toolboxes/interbotix_rpi_toolbox) by extensions ['ignore', 'ignore_ament_install']
[0.150s] Level 1:colcon.colcon_core.package_identification:_identify(interbotix_ros_toolboxes/interbotix_rpi_toolbox) by extension 'ignore'
[0.151s] Level 1:colcon.colcon_core.package_identification:_identify(interbotix_ros_toolboxes/interbotix_rpi_toolbox) ignored
[0.151s] Level 1:colcon.colcon_core.package_identification:_identify(interbotix_ros_toolboxes/interbotix_xs_toolbox) by extensions ['ignore', 'ignore_ament_install']
[0.151s] Level 1:colcon.colcon_core.package_identification:_identify(interbotix_ros_toolboxes/interbotix_xs_toolbox) by extension 'ignore'
[0.151s] Level 1:colcon.colcon_core.package_identification:_identify(interbotix_ros_toolboxes/interbotix_xs_toolbox) by extension 'ignore_ament_install'
[0.151s] Level 1:colcon.colcon_core.package_identification:_identify(interbotix_ros_toolboxes/interbotix_xs_toolbox) by extensions ['colcon_pkg']
[0.151s] Level 1:colcon.colcon_core.package_identification:_identify(interbotix_ros_toolboxes/interbotix_xs_toolbox) by extension 'colcon_pkg'
[0.151s] Level 1:colcon.colcon_core.package_identification:_identify(interbotix_ros_toolboxes/interbotix_xs_toolbox) by extensions ['colcon_meta']
[0.151s] Level 1:colcon.colcon_core.package_identification:_identify(interbotix_ros_toolboxes/interbotix_xs_toolbox) by extension 'colcon_meta'
[0.151s] Level 1:colcon.colcon_core.package_identification:_identify(interbotix_ros_toolboxes/interbotix_xs_toolbox) by extensions ['ros']
[0.151s] Level 1:colcon.colcon_core.package_identification:_identify(interbotix_ros_toolboxes/interbotix_xs_toolbox) by extension 'ros'
[0.151s] Level 1:colcon.colcon_core.package_identification:_identify(interbotix_ros_toolboxes/interbotix_xs_toolbox) by extensions ['cmake', 'python']
[0.151s] Level 1:colcon.colcon_core.package_identification:_identify(interbotix_ros_toolboxes/interbotix_xs_toolbox) by extension 'cmake'
[0.151s] Level 1:colcon.colcon_core.package_identification:_identify(interbotix_ros_toolboxes/interbotix_xs_toolbox) by extension 'python'
[0.151s] Level 1:colcon.colcon_core.package_identification:_identify(interbotix_ros_toolboxes/interbotix_xs_toolbox) by extensions ['python_setup_py']
[0.151s] Level 1:colcon.colcon_core.package_identification:_identify(interbotix_ros_toolboxes/interbotix_xs_toolbox) by extension 'python_setup_py'
[0.151s] Level 1:colcon.colcon_core.package_identification:_identify(interbotix_ros_toolboxes/interbotix_xs_toolbox/interbotix_xs_modules) by extensions ['ignore', 'ignore_ament_install']
[0.151s] Level 1:colcon.colcon_core.package_identification:_identify(interbotix_ros_toolboxes/interbotix_xs_toolbox/interbotix_xs_modules) by extension 'ignore'
[0.151s] Level 1:colcon.colcon_core.package_identification:_identify(interbotix_ros_toolboxes/interbotix_xs_toolbox/interbotix_xs_modules) by extension 'ignore_ament_install'
[0.151s] Level 1:colcon.colcon_core.package_identification:_identify(interbotix_ros_toolboxes/interbotix_xs_toolbox/interbotix_xs_modules) by extensions ['colcon_pkg']
[0.151s] Level 1:colcon.colcon_core.package_identification:_identify(interbotix_ros_toolboxes/interbotix_xs_toolbox/interbotix_xs_modules) by extension 'colcon_pkg'
[0.151s] Level 1:colcon.colcon_core.package_identification:_identify(interbotix_ros_toolboxes/interbotix_xs_toolbox/interbotix_xs_modules) by extensions ['colcon_meta']
[0.151s] Level 1:colcon.colcon_core.package_identification:_identify(interbotix_ros_toolboxes/interbotix_xs_toolbox/interbotix_xs_modules) by extension 'colcon_meta'
[0.151s] Level 1:colcon.colcon_core.package_identification:_identify(interbotix_ros_toolboxes/interbotix_xs_toolbox/interbotix_xs_modules) by extensions ['ros']
[0.151s] Level 1:colcon.colcon_core.package_identification:_identify(interbotix_ros_toolboxes/interbotix_xs_toolbox/interbotix_xs_modules) by extension 'ros'
[0.151s] DEBUG:colcon.colcon_core.package_identification:Package 'interbotix_ros_toolboxes/interbotix_xs_toolbox/interbotix_xs_modules' with type 'ros.ament_python' and name 'interbotix_xs_modules'
[0.151s] Level 1:colcon.colcon_core.package_identification:_identify(interbotix_ros_toolboxes/interbotix_xs_toolbox/interbotix_xs_ros_control) by extensions ['ignore', 'ignore_ament_install']
[0.151s] Level 1:colcon.colcon_core.package_identification:_identify(interbotix_ros_toolboxes/interbotix_xs_toolbox/interbotix_xs_ros_control) by extension 'ignore'
[0.151s] Level 1:colcon.colcon_core.package_identification:_identify(interbotix_ros_toolboxes/interbotix_xs_toolbox/interbotix_xs_ros_control) by extension 'ignore_ament_install'
[0.151s] Level 1:colcon.colcon_core.package_identification:_identify(interbotix_ros_toolboxes/interbotix_xs_toolbox/interbotix_xs_ros_control) by extensions ['colcon_pkg']
[0.151s] Level 1:colcon.colcon_core.package_identification:_identify(interbotix_ros_toolboxes/interbotix_xs_toolbox/interbotix_xs_ros_control) by extension 'colcon_pkg'
[0.151s] Level 1:colcon.colcon_core.package_identification:_identify(interbotix_ros_toolboxes/interbotix_xs_toolbox/interbotix_xs_ros_control) by extensions ['colcon_meta']
[0.151s] Level 1:colcon.colcon_core.package_identification:_identify(interbotix_ros_toolboxes/interbotix_xs_toolbox/interbotix_xs_ros_control) by extension 'colcon_meta'
[0.151s] Level 1:colcon.colcon_core.package_identification:_identify(interbotix_ros_toolboxes/interbotix_xs_toolbox/interbotix_xs_ros_control) by extensions ['ros']
[0.151s] Level 1:colcon.colcon_core.package_identification:_identify(interbotix_ros_toolboxes/interbotix_xs_toolbox/interbotix_xs_ros_control) by extension 'ros'
[0.152s] DEBUG:colcon.colcon_core.package_identification:Package 'interbotix_ros_toolboxes/interbotix_xs_toolbox/interbotix_xs_ros_control' with type 'ros.ament_cmake' and name 'interbotix_xs_ros_control'
[0.152s] Level 1:colcon.colcon_core.package_identification:_identify(interbotix_ros_toolboxes/interbotix_xs_toolbox/interbotix_xs_rviz) by extensions ['ignore', 'ignore_ament_install']
[0.152s] Level 1:colcon.colcon_core.package_identification:_identify(interbotix_ros_toolboxes/interbotix_xs_toolbox/interbotix_xs_rviz) by extension 'ignore'
[0.152s] Level 1:colcon.colcon_core.package_identification:_identify(interbotix_ros_toolboxes/interbotix_xs_toolbox/interbotix_xs_rviz) by extension 'ignore_ament_install'
[0.152s] Level 1:colcon.colcon_core.package_identification:_identify(interbotix_ros_toolboxes/interbotix_xs_toolbox/interbotix_xs_rviz) by extensions ['colcon_pkg']
[0.152s] Level 1:colcon.colcon_core.package_identification:_identify(interbotix_ros_toolboxes/interbotix_xs_toolbox/interbotix_xs_rviz) by extension 'colcon_pkg'
[0.152s] Level 1:colcon.colcon_core.package_identification:_identify(interbotix_ros_toolboxes/interbotix_xs_toolbox/interbotix_xs_rviz) by extensions ['colcon_meta']
[0.152s] Level 1:colcon.colcon_core.package_identification:_identify(interbotix_ros_toolboxes/interbotix_xs_toolbox/interbotix_xs_rviz) by extension 'colcon_meta'
[0.152s] Level 1:colcon.colcon_core.package_identification:_identify(interbotix_ros_toolboxes/interbotix_xs_toolbox/interbotix_xs_rviz) by extensions ['ros']
[0.152s] Level 1:colcon.colcon_core.package_identification:_identify(interbotix_ros_toolboxes/interbotix_xs_toolbox/interbotix_xs_rviz) by extension 'ros'
[0.152s] DEBUG:colcon.colcon_core.package_identification:Package 'interbotix_ros_toolboxes/interbotix_xs_toolbox/interbotix_xs_rviz' with type 'ros.ament_cmake' and name 'interbotix_xs_rviz'
[0.152s] Level 1:colcon.colcon_core.package_identification:_identify(interbotix_ros_toolboxes/interbotix_xs_toolbox/interbotix_xs_toolbox) by extensions ['ignore', 'ignore_ament_install']
[0.152s] Level 1:colcon.colcon_core.package_identification:_identify(interbotix_ros_toolboxes/interbotix_xs_toolbox/interbotix_xs_toolbox) by extension 'ignore'
[0.152s] Level 1:colcon.colcon_core.package_identification:_identify(interbotix_ros_toolboxes/interbotix_xs_toolbox/interbotix_xs_toolbox) by extension 'ignore_ament_install'
[0.152s] Level 1:colcon.colcon_core.package_identification:_identify(interbotix_ros_toolboxes/interbotix_xs_toolbox/interbotix_xs_toolbox) by extensions ['colcon_pkg']
[0.152s] Level 1:colcon.colcon_core.package_identification:_identify(interbotix_ros_toolboxes/interbotix_xs_toolbox/interbotix_xs_toolbox) by extension 'colcon_pkg'
[0.152s] Level 1:colcon.colcon_core.package_identification:_identify(interbotix_ros_toolboxes/interbotix_xs_toolbox/interbotix_xs_toolbox) by extensions ['colcon_meta']
[0.152s] Level 1:colcon.colcon_core.package_identification:_identify(interbotix_ros_toolboxes/interbotix_xs_toolbox/interbotix_xs_toolbox) by extension 'colcon_meta'
[0.152s] Level 1:colcon.colcon_core.package_identification:_identify(interbotix_ros_toolboxes/interbotix_xs_toolbox/interbotix_xs_toolbox) by extensions ['ros']
[0.152s] Level 1:colcon.colcon_core.package_identification:_identify(interbotix_ros_toolboxes/interbotix_xs_toolbox/interbotix_xs_toolbox) by extension 'ros'
[0.153s] DEBUG:colcon.colcon_core.package_identification:Package 'interbotix_ros_toolboxes/interbotix_xs_toolbox/interbotix_xs_toolbox' with type 'ros.ament_cmake' and name 'interbotix_xs_toolbox'
[0.153s] Level 1:colcon.colcon_core.package_identification:_identify(interbotix_ros_toolboxes/third_party_libraries) by extensions ['ignore', 'ignore_ament_install']
[0.153s] Level 1:colcon.colcon_core.package_identification:_identify(interbotix_ros_toolboxes/third_party_libraries) by extension 'ignore'
[0.153s] Level 1:colcon.colcon_core.package_identification:_identify(interbotix_ros_toolboxes/third_party_libraries) by extension 'ignore_ament_install'
[0.153s] Level 1:colcon.colcon_core.package_identification:_identify(interbotix_ros_toolboxes/third_party_libraries) by extensions ['colcon_pkg']
[0.153s] Level 1:colcon.colcon_core.package_identification:_identify(interbotix_ros_toolboxes/third_party_libraries) by extension 'colcon_pkg'
[0.153s] Level 1:colcon.colcon_core.package_identification:_identify(interbotix_ros_toolboxes/third_party_libraries) by extensions ['colcon_meta']
[0.153s] Level 1:colcon.colcon_core.package_identification:_identify(interbotix_ros_toolboxes/third_party_libraries) by extension 'colcon_meta'
[0.153s] Level 1:colcon.colcon_core.package_identification:_identify(interbotix_ros_toolboxes/third_party_libraries) by extensions ['ros']
[0.153s] Level 1:colcon.colcon_core.package_identification:_identify(interbotix_ros_toolboxes/third_party_libraries) by extension 'ros'
[0.153s] Level 1:colcon.colcon_core.package_identification:_identify(interbotix_ros_toolboxes/third_party_libraries) by extensions ['cmake', 'python']
[0.153s] Level 1:colcon.colcon_core.package_identification:_identify(interbotix_ros_toolboxes/third_party_libraries) by extension 'cmake'
[0.153s] Level 1:colcon.colcon_core.package_identification:_identify(interbotix_ros_toolboxes/third_party_libraries) by extension 'python'
[0.153s] Level 1:colcon.colcon_core.package_identification:_identify(interbotix_ros_toolboxes/third_party_libraries) by extensions ['python_setup_py']
[0.153s] Level 1:colcon.colcon_core.package_identification:_identify(interbotix_ros_toolboxes/third_party_libraries) by extension 'python_setup_py'
[0.153s] Level 1:colcon.colcon_core.package_identification:_identify(log) by extensions ['ignore', 'ignore_ament_install']
[0.153s] Level 1:colcon.colcon_core.package_identification:_identify(log) by extension 'ignore'
[0.153s] Level 1:colcon.colcon_core.package_identification:_identify(log) ignored
[0.153s] Level 1:colcon.colcon_core.package_identification:_identify(moveit_visual_tools) by extensions ['ignore', 'ignore_ament_install']
[0.153s] Level 1:colcon.colcon_core.package_identification:_identify(moveit_visual_tools) by extension 'ignore'
[0.153s] Level 1:colcon.colcon_core.package_identification:_identify(moveit_visual_tools) by extension 'ignore_ament_install'
[0.153s] Level 1:colcon.colcon_core.package_identification:_identify(moveit_visual_tools) by extensions ['colcon_pkg']
[0.153s] Level 1:colcon.colcon_core.package_identification:_identify(moveit_visual_tools) by extension 'colcon_pkg'
[0.153s] Level 1:colcon.colcon_core.package_identification:_identify(moveit_visual_tools) by extensions ['colcon_meta']
[0.153s] Level 1:colcon.colcon_core.package_identification:_identify(moveit_visual_tools) by extension 'colcon_meta'
[0.153s] Level 1:colcon.colcon_core.package_identification:_identify(moveit_visual_tools) by extensions ['ros']
[0.153s] Level 1:colcon.colcon_core.package_identification:_identify(moveit_visual_tools) by extension 'ros'
[0.154s] DEBUG:colcon.colcon_core.package_identification:Package 'moveit_visual_tools' with type 'ros.ament_cmake' and name 'moveit_visual_tools'
[0.154s] Level 1:colcon.colcon_core.package_identification:_identify(rviz_visual_tools) by extensions ['ignore', 'ignore_ament_install']
[0.154s] Level 1:colcon.colcon_core.package_identification:_identify(rviz_visual_tools) by extension 'ignore'
[0.154s] Level 1:colcon.colcon_core.package_identification:_identify(rviz_visual_tools) by extension 'ignore_ament_install'
[0.154s] Level 1:colcon.colcon_core.package_identification:_identify(rviz_visual_tools) by extensions ['colcon_pkg']
[0.154s] Level 1:colcon.colcon_core.package_identification:_identify(rviz_visual_tools) by extension 'colcon_pkg'
[0.154s] Level 1:colcon.colcon_core.package_identification:_identify(rviz_visual_tools) by extensions ['colcon_meta']
[0.154s] Level 1:colcon.colcon_core.package_identification:_identify(rviz_visual_tools) by extension 'colcon_meta'
[0.154s] Level 1:colcon.colcon_core.package_identification:_identify(rviz_visual_tools) by extensions ['ros']
[0.154s] Level 1:colcon.colcon_core.package_identification:_identify(rviz_visual_tools) by extension 'ros'
[0.154s] Level 1:colcon.colcon_core.package_identification:_identify(rviz_visual_tools) by extensions ['cmake', 'python']
[0.154s] Level 1:colcon.colcon_core.package_identification:_identify(rviz_visual_tools) by extension 'cmake'
[0.154s] Level 1:colcon.colcon_core.package_identification:_identify(rviz_visual_tools) by extension 'python'
[0.154s] Level 1:colcon.colcon_core.package_identification:_identify(rviz_visual_tools) by extensions ['python_setup_py']
[0.154s] Level 1:colcon.colcon_core.package_identification:_identify(rviz_visual_tools) by extension 'python_setup_py'
[0.154s] Level 1:colcon.colcon_core.package_discovery:discover_packages(recursive) using defaults
[0.154s] Level 1:colcon.colcon_core.package_discovery:discover_packages(ignore) discover
[0.154s] Level 1:colcon.colcon_core.package_discovery:discover_packages(ignore) using defaults
[0.154s] Level 1:colcon.colcon_core.package_discovery:discover_packages(path) discover
[0.154s] Level 1:colcon.colcon_core.package_discovery:discover_packages(path) using defaults
[0.154s] WARNING:colcon.colcon_core.package_selection:ignoring unknown package 'rviz_visual_tools' in --packages-skip
[0.166s] INFO:colcon.colcon_core.package_selection:Skipping package 'interbotix_moveit_interface_msgs' in 'interbotix_ros_toolboxes/interbotix_common_toolbox/interbotix_moveit_interface_msgs'
[0.166s] INFO:colcon.colcon_core.package_selection:Skipping package 'moveit_visual_tools' in 'moveit_visual_tools'
[0.166s] INFO:colcon.colcon_core.package_selection:Skipping package 'interbotix_moveit_interface' in 'interbotix_ros_toolboxes/interbotix_common_toolbox/interbotix_moveit_interface'
[0.166s] INFO:colcon.colcon_core.package_selection:Skipping package 'interbotix_xs_rviz' in 'interbotix_ros_toolboxes/interbotix_xs_toolbox/interbotix_xs_rviz'
[0.166s] INFO:colcon.colcon_core.package_selection:Skipping package 'interbotix_xs_toolbox' in 'interbotix_ros_toolboxes/interbotix_xs_toolbox/interbotix_xs_toolbox'
[0.166s] INFO:colcon.colcon_core.package_selection:Skipping package 'interbotix_xsarm_descriptions' in 'interbotix_ros_manipulators/interbotix_ros_xsarms/interbotix_xsarm_descriptions'
[0.166s] INFO:colcon.colcon_core.package_selection:Skipping package 'interbotix_xsarm_control' in 'interbotix_ros_manipulators/interbotix_ros_xsarms/interbotix_xsarm_control'
[0.166s] INFO:colcon.colcon_core.package_selection:Skipping package 'interbotix_xsarm_moveit' in 'interbotix_ros_manipulators/interbotix_ros_xsarms/interbotix_xsarm_moveit'
[0.166s] Level 1:colcon.colcon_core.package_discovery:discover_packages(prefix_path) check parameters
[0.166s] Level 1:colcon.colcon_core.package_discovery:discover_packages(prefix_path) discover
[0.167s] DEBUG:colcon.colcon_installed_package_information.package_discovery:Found 315 installed packages in /opt/ros/humble
[0.168s] Level 1:colcon.colcon_core.package_discovery:discover_packages(prefix_path) using defaults
[0.182s] Level 5:colcon.colcon_core.verb:set package 'dynamixel_workbench_toolbox' build argument 'cmake_args' from command line to 'None'
[0.182s] Level 5:colcon.colcon_core.verb:set package 'dynamixel_workbench_toolbox' build argument 'cmake_target' from command line to 'None'
[0.182s] Level 5:colcon.colcon_core.verb:set package 'dynamixel_workbench_toolbox' build argument 'cmake_target_skip_unavailable' from command line to 'False'
[0.182s] Level 5:colcon.colcon_core.verb:set package 'dynamixel_workbench_toolbox' build argument 'cmake_clean_cache' from command line to 'False'
[0.182s] Level 5:colcon.colcon_core.verb:set package 'dynamixel_workbench_toolbox' build argument 'cmake_clean_first' from command line to 'False'
[0.182s] Level 5:colcon.colcon_core.verb:set package 'dynamixel_workbench_toolbox' build argument 'cmake_force_configure' from command line to 'False'
[0.182s] Level 5:colcon.colcon_core.verb:set package 'dynamixel_workbench_toolbox' build argument 'ament_cmake_args' from command line to 'None'
[0.182s] Level 5:colcon.colcon_core.verb:set package 'dynamixel_workbench_toolbox' build argument 'catkin_cmake_args' from command line to 'None'
[0.182s] Level 5:colcon.colcon_core.verb:set package 'dynamixel_workbench_toolbox' build argument 'catkin_skip_building_tests' from command line to 'False'
[0.182s] DEBUG:colcon.colcon_core.verb:Building package 'dynamixel_workbench_toolbox' with the following arguments: {'ament_cmake_args': None, 'build_base': '/workspace/koch_control/build/dynamixel_workbench_toolbox', 'catkin_cmake_args': None, 'catkin_skip_building_tests': False, 'cmake_args': None, 'cmake_clean_cache': False, 'cmake_clean_first': False, 'cmake_force_configure': False, 'cmake_target': None, 'cmake_target_skip_unavailable': False, 'install_base': '/workspace/koch_control/install/dynamixel_workbench_toolbox', 'merge_install': False, 'path': '/workspace/koch_control/interbotix_ros_core/interbotix_ros_xseries/dynamixel_workbench_toolbox', 'symlink_install': True, 'test_result_base': None}
[0.182s] Level 5:colcon.colcon_core.verb:set package 'interbotix_common_modules' build argument 'cmake_args' from command line to 'None'
[0.182s] Level 5:colcon.colcon_core.verb:set package 'interbotix_common_modules' build argument 'cmake_target' from command line to 'None'
[0.182s] Level 5:colcon.colcon_core.verb:set package 'interbotix_common_modules' build argument 'cmake_target_skip_unavailable' from command line to 'False'
[0.182s] Level 5:colcon.colcon_core.verb:set package 'interbotix_common_modules' build argument 'cmake_clean_cache' from command line to 'False'
[0.182s] Level 5:colcon.colcon_core.verb:set package 'interbotix_common_modules' build argument 'cmake_clean_first' from command line to 'False'
[0.182s] Level 5:colcon.colcon_core.verb:set package 'interbotix_common_modules' build argument 'cmake_force_configure' from command line to 'False'
[0.182s] Level 5:colcon.colcon_core.verb:set package 'interbotix_common_modules' build argument 'ament_cmake_args' from command line to 'None'
[0.182s] Level 5:colcon.colcon_core.verb:set package 'interbotix_common_modules' build argument 'catkin_cmake_args' from command line to 'None'
[0.182s] Level 5:colcon.colcon_core.verb:set package 'interbotix_common_modules' build argument 'catkin_skip_building_tests' from command line to 'False'
[0.182s] DEBUG:colcon.colcon_core.verb:Building package 'interbotix_common_modules' with the following arguments: {'ament_cmake_args': None, 'build_base': '/workspace/koch_control/build/interbotix_common_modules', 'catkin_cmake_args': None, 'catkin_skip_building_tests': False, 'cmake_args': None, 'cmake_clean_cache': False, 'cmake_clean_first': False, 'cmake_force_configure': False, 'cmake_target': None, 'cmake_target_skip_unavailable': False, 'install_base': '/workspace/koch_control/install/interbotix_common_modules', 'merge_install': False, 'path': '/workspace/koch_control/interbotix_ros_toolboxes/interbotix_common_toolbox/interbotix_common_modules', 'symlink_install': True, 'test_result_base': None}
[0.183s] Level 5:colcon.colcon_core.verb:set package 'interbotix_common_sim' build argument 'cmake_args' from command line to 'None'
[0.183s] Level 5:colcon.colcon_core.verb:set package 'interbotix_common_sim' build argument 'cmake_target' from command line to 'None'
[0.183s] Level 5:colcon.colcon_core.verb:set package 'interbotix_common_sim' build argument 'cmake_target_skip_unavailable' from command line to 'False'
[0.183s] Level 5:colcon.colcon_core.verb:set package 'interbotix_common_sim' build argument 'cmake_clean_cache' from command line to 'False'
[0.183s] Level 5:colcon.colcon_core.verb:set package 'interbotix_common_sim' build argument 'cmake_clean_first' from command line to 'False'
[0.183s] Level 5:colcon.colcon_core.verb:set package 'interbotix_common_sim' build argument 'cmake_force_configure' from command line to 'False'
[0.183s] Level 5:colcon.colcon_core.verb:set package 'interbotix_common_sim' build argument 'ament_cmake_args' from command line to 'None'
[0.183s] Level 5:colcon.colcon_core.verb:set package 'interbotix_common_sim' build argument 'catkin_cmake_args' from command line to 'None'
[0.183s] Level 5:colcon.colcon_core.verb:set package 'interbotix_common_sim' build argument 'catkin_skip_building_tests' from command line to 'False'
[0.183s] DEBUG:colcon.colcon_core.verb:Building package 'interbotix_common_sim' with the following arguments: {'ament_cmake_args': None, 'build_base': '/workspace/koch_control/build/interbotix_common_sim', 'catkin_cmake_args': None, 'catkin_skip_building_tests': False, 'cmake_args': None, 'cmake_clean_cache': False, 'cmake_clean_first': False, 'cmake_force_configure': False, 'cmake_target': None, 'cmake_target_skip_unavailable': False, 'install_base': '/workspace/koch_control/install/interbotix_common_sim', 'merge_install': False, 'path': '/workspace/koch_control/interbotix_ros_toolboxes/interbotix_common_toolbox/interbotix_common_sim', 'symlink_install': True, 'test_result_base': None}
[0.183s] Level 5:colcon.colcon_core.verb:set package 'interbotix_tf_tools' build argument 'cmake_args' from command line to 'None'
[0.183s] Level 5:colcon.colcon_core.verb:set package 'interbotix_tf_tools' build argument 'cmake_target' from command line to 'None'
[0.183s] Level 5:colcon.colcon_core.verb:set package 'interbotix_tf_tools' build argument 'cmake_target_skip_unavailable' from command line to 'False'
[0.183s] Level 5:colcon.colcon_core.verb:set package 'interbotix_tf_tools' build argument 'cmake_clean_cache' from command line to 'False'
[0.183s] Level 5:colcon.colcon_core.verb:set package 'interbotix_tf_tools' build argument 'cmake_clean_first' from command line to 'False'
[0.183s] Level 5:colcon.colcon_core.verb:set package 'interbotix_tf_tools' build argument 'cmake_force_configure' from command line to 'False'
[0.183s] Level 5:colcon.colcon_core.verb:set package 'interbotix_tf_tools' build argument 'ament_cmake_args' from command line to 'None'
[0.183s] Level 5:colcon.colcon_core.verb:set package 'interbotix_tf_tools' build argument 'catkin_cmake_args' from command line to 'None'
[0.183s] Level 5:colcon.colcon_core.verb:set package 'interbotix_tf_tools' build argument 'catkin_skip_building_tests' from command line to 'False'
[0.183s] DEBUG:colcon.colcon_core.verb:Building package 'interbotix_tf_tools' with the following arguments: {'ament_cmake_args': None, 'build_base': '/workspace/koch_control/build/interbotix_tf_tools', 'catkin_cmake_args': None, 'catkin_skip_building_tests': False, 'cmake_args': None, 'cmake_clean_cache': False, 'cmake_clean_first': False, 'cmake_force_configure': False, 'cmake_target': None, 'cmake_target_skip_unavailable': False, 'install_base': '/workspace/koch_control/install/interbotix_tf_tools', 'merge_install': False, 'path': '/workspace/koch_control/interbotix_ros_toolboxes/interbotix_common_toolbox/interbotix_tf_tools', 'symlink_install': True, 'test_result_base': None}
[0.183s] Level 5:colcon.colcon_core.verb:set package 'interbotix_xs_msgs' build argument 'cmake_args' from command line to 'None'
[0.183s] Level 5:colcon.colcon_core.verb:set package 'interbotix_xs_msgs' build argument 'cmake_target' from command line to 'None'
[0.183s] Level 5:colcon.colcon_core.verb:set package 'interbotix_xs_msgs' build argument 'cmake_target_skip_unavailable' from command line to 'False'
[0.183s] Level 5:colcon.colcon_core.verb:set package 'interbotix_xs_msgs' build argument 'cmake_clean_cache' from command line to 'False'
[0.183s] Level 5:colcon.colcon_core.verb:set package 'interbotix_xs_msgs' build argument 'cmake_clean_first' from command line to 'False'
[0.183s] Level 5:colcon.colcon_core.verb:set package 'interbotix_xs_msgs' build argument 'cmake_force_configure' from command line to 'False'
[0.183s] Level 5:colcon.colcon_core.verb:set package 'interbotix_xs_msgs' build argument 'ament_cmake_args' from command line to 'None'
[0.183s] Level 5:colcon.colcon_core.verb:set package 'interbotix_xs_msgs' build argument 'catkin_cmake_args' from command line to 'None'
[0.183s] Level 5:colcon.colcon_core.verb:set package 'interbotix_xs_msgs' build argument 'catkin_skip_building_tests' from command line to 'False'
[0.183s] DEBUG:colcon.colcon_core.verb:Building package 'interbotix_xs_msgs' with the following arguments: {'ament_cmake_args': None, 'build_base': '/workspace/koch_control/build/interbotix_xs_msgs', 'catkin_cmake_args': None, 'catkin_skip_building_tests': False, 'cmake_args': None, 'cmake_clean_cache': False, 'cmake_clean_first': False, 'cmake_force_configure': False, 'cmake_target': None, 'cmake_target_skip_unavailable': False, 'install_base': '/workspace/koch_control/install/interbotix_xs_msgs', 'merge_install': False, 'path': '/workspace/koch_control/interbotix_ros_core/interbotix_ros_xseries/interbotix_xs_msgs', 'symlink_install': True, 'test_result_base': None}
[0.183s] Level 5:colcon.colcon_core.verb:set package 'interbotix_gravity_compensation' build argument 'cmake_args' from command line to 'None'
[0.183s] Level 5:colcon.colcon_core.verb:set package 'interbotix_gravity_compensation' build argument 'cmake_target' from command line to 'None'
[0.183s] Level 5:colcon.colcon_core.verb:set package 'interbotix_gravity_compensation' build argument 'cmake_target_skip_unavailable' from command line to 'False'
[0.183s] Level 5:colcon.colcon_core.verb:set package 'interbotix_gravity_compensation' build argument 'cmake_clean_cache' from command line to 'False'
[0.183s] Level 5:colcon.colcon_core.verb:set package 'interbotix_gravity_compensation' build argument 'cmake_clean_first' from command line to 'False'
[0.183s] Level 5:colcon.colcon_core.verb:set package 'interbotix_gravity_compensation' build argument 'cmake_force_configure' from command line to 'False'
[0.183s] Level 5:colcon.colcon_core.verb:set package 'interbotix_gravity_compensation' build argument 'ament_cmake_args' from command line to 'None'
[0.183s] Level 5:colcon.colcon_core.verb:set package 'interbotix_gravity_compensation' build argument 'catkin_cmake_args' from command line to 'None'
[0.183s] Level 5:colcon.colcon_core.verb:set package 'interbotix_gravity_compensation' build argument 'catkin_skip_building_tests' from command line to 'False'
[0.183s] DEBUG:colcon.colcon_core.verb:Building package 'interbotix_gravity_compensation' with the following arguments: {'ament_cmake_args': None, 'build_base': '/workspace/koch_control/build/interbotix_gravity_compensation', 'catkin_cmake_args': None, 'catkin_skip_building_tests': False, 'cmake_args': None, 'cmake_clean_cache': False, 'cmake_clean_first': False, 'cmake_force_configure': False, 'cmake_target': None, 'cmake_target_skip_unavailable': False, 'install_base': '/workspace/koch_control/install/interbotix_gravity_compensation', 'merge_install': False, 'path': '/workspace/koch_control/interbotix_ros_toolboxes/interbotix_common_toolbox/interbotix_gravity_compensation', 'symlink_install': True, 'test_result_base': None}
[0.183s] Level 5:colcon.colcon_core.verb:set package 'interbotix_xs_driver' build argument 'cmake_args' from command line to 'None'
[0.183s] Level 5:colcon.colcon_core.verb:set package 'interbotix_xs_driver' build argument 'cmake_target' from command line to 'None'
[0.183s] Level 5:colcon.colcon_core.verb:set package 'interbotix_xs_driver' build argument 'cmake_target_skip_unavailable' from command line to 'False'
[0.183s] Level 5:colcon.colcon_core.verb:set package 'interbotix_xs_driver' build argument 'cmake_clean_cache' from command line to 'False'
[0.183s] Level 5:colcon.colcon_core.verb:set package 'interbotix_xs_driver' build argument 'cmake_clean_first' from command line to 'False'
[0.183s] Level 5:colcon.colcon_core.verb:set package 'interbotix_xs_driver' build argument 'cmake_force_configure' from command line to 'False'
[0.183s] Level 5:colcon.colcon_core.verb:set package 'interbotix_xs_driver' build argument 'ament_cmake_args' from command line to 'None'
[0.183s] Level 5:colcon.colcon_core.verb:set package 'interbotix_xs_driver' build argument 'catkin_cmake_args' from command line to 'None'
[0.183s] Level 5:colcon.colcon_core.verb:set package 'interbotix_xs_driver' build argument 'catkin_skip_building_tests' from command line to 'False'
[0.183s] DEBUG:colcon.colcon_core.verb:Building package 'interbotix_xs_driver' with the following arguments: {'ament_cmake_args': None, 'build_base': '/workspace/koch_control/build/interbotix_xs_driver', 'catkin_cmake_args': None, 'catkin_skip_building_tests': False, 'cmake_args': None, 'cmake_clean_cache': False, 'cmake_clean_first': False, 'cmake_force_configure': False, 'cmake_target': None, 'cmake_target_skip_unavailable': False, 'install_base': '/workspace/koch_control/install/interbotix_xs_driver', 'merge_install': False, 'path': '/workspace/koch_control/interbotix_ros_core/interbotix_ros_xseries/interbotix_xs_driver', 'symlink_install': True, 'test_result_base': None}
[0.183s] Level 5:colcon.colcon_core.verb:set package 'interbotix_xs_ros_control' build argument 'cmake_args' from command line to 'None'
[0.184s] Level 5:colcon.colcon_core.verb:set package 'interbotix_xs_ros_control' build argument 'cmake_target' from command line to 'None'
[0.184s] Level 5:colcon.colcon_core.verb:set package 'interbotix_xs_ros_control' build argument 'cmake_target_skip_unavailable' from command line to 'False'
[0.184s] Level 5:colcon.colcon_core.verb:set package 'interbotix_xs_ros_control' build argument 'cmake_clean_cache' from command line to 'False'
[0.184s] Level 5:colcon.colcon_core.verb:set package 'interbotix_xs_ros_control' build argument 'cmake_clean_first' from command line to 'False'
[0.184s] Level 5:colcon.colcon_core.verb:set package 'interbotix_xs_ros_control' build argument 'cmake_force_configure' from command line to 'False'
[0.184s] Level 5:colcon.colcon_core.verb:set package 'interbotix_xs_ros_control' build argument 'ament_cmake_args' from command line to 'None'
[0.184s] Level 5:colcon.colcon_core.verb:set package 'interbotix_xs_ros_control' build argument 'catkin_cmake_args' from command line to 'None'
[0.184s] Level 5:colcon.colcon_core.verb:set package 'interbotix_xs_ros_control' build argument 'catkin_skip_building_tests' from command line to 'False'
[0.184s] DEBUG:colcon.colcon_core.verb:Building package 'interbotix_xs_ros_control' with the following arguments: {'ament_cmake_args': None, 'build_base': '/workspace/koch_control/build/interbotix_xs_ros_control', 'catkin_cmake_args': None, 'catkin_skip_building_tests': False, 'cmake_args': None, 'cmake_clean_cache': False, 'cmake_clean_first': False, 'cmake_force_configure': False, 'cmake_target': None, 'cmake_target_skip_unavailable': False, 'install_base': '/workspace/koch_control/install/interbotix_xs_ros_control', 'merge_install': False, 'path': '/workspace/koch_control/interbotix_ros_toolboxes/interbotix_xs_toolbox/interbotix_xs_ros_control', 'symlink_install': True, 'test_result_base': None}
[0.184s] Level 5:colcon.colcon_core.verb:set package 'interbotix_common_toolbox' build argument 'cmake_args' from command line to 'None'
[0.184s] Level 5:colcon.colcon_core.verb:set package 'interbotix_common_toolbox' build argument 'cmake_target' from command line to 'None'
[0.184s] Level 5:colcon.colcon_core.verb:set package 'interbotix_common_toolbox' build argument 'cmake_target_skip_unavailable' from command line to 'False'
[0.184s] Level 5:colcon.colcon_core.verb:set package 'interbotix_common_toolbox' build argument 'cmake_clean_cache' from command line to 'False'
[0.184s] Level 5:colcon.colcon_core.verb:set package 'interbotix_common_toolbox' build argument 'cmake_clean_first' from command line to 'False'
[0.184s] Level 5:colcon.colcon_core.verb:set package 'interbotix_common_toolbox' build argument 'cmake_force_configure' from command line to 'False'
[0.184s] Level 5:colcon.colcon_core.verb:set package 'interbotix_common_toolbox' build argument 'ament_cmake_args' from command line to 'None'
[0.184s] Level 5:colcon.colcon_core.verb:set package 'interbotix_common_toolbox' build argument 'catkin_cmake_args' from command line to 'None'
[0.184s] Level 5:colcon.colcon_core.verb:set package 'interbotix_common_toolbox' build argument 'catkin_skip_building_tests' from command line to 'False'
[0.184s] DEBUG:colcon.colcon_core.verb:Building package 'interbotix_common_toolbox' with the following arguments: {'ament_cmake_args': None, 'build_base': '/workspace/koch_control/build/interbotix_common_toolbox', 'catkin_cmake_args': None, 'catkin_skip_building_tests': False, 'cmake_args': None, 'cmake_clean_cache': False, 'cmake_clean_first': False, 'cmake_force_configure': False, 'cmake_target': None, 'cmake_target_skip_unavailable': False, 'install_base': '/workspace/koch_control/install/interbotix_common_toolbox', 'merge_install': False, 'path': '/workspace/koch_control/interbotix_ros_toolboxes/interbotix_common_toolbox/interbotix_common_toolbox', 'symlink_install': True, 'test_result_base': None}
[0.184s] Level 5:colcon.colcon_core.verb:set package 'interbotix_xs_sdk' build argument 'cmake_args' from command line to 'None'
[0.184s] Level 5:colcon.colcon_core.verb:set package 'interbotix_xs_sdk' build argument 'cmake_target' from command line to 'None'
[0.184s] Level 5:colcon.colcon_core.verb:set package 'interbotix_xs_sdk' build argument 'cmake_target_skip_unavailable' from command line to 'False'
[0.184s] Level 5:colcon.colcon_core.verb:set package 'interbotix_xs_sdk' build argument 'cmake_clean_cache' from command line to 'False'
[0.184s] Level 5:colcon.colcon_core.verb:set package 'interbotix_xs_sdk' build argument 'cmake_clean_first' from command line to 'False'
[0.184s] Level 5:colcon.colcon_core.verb:set package 'interbotix_xs_sdk' build argument 'cmake_force_configure' from command line to 'False'
[0.184s] Level 5:colcon.colcon_core.verb:set package 'interbotix_xs_sdk' build argument 'ament_cmake_args' from command line to 'None'
[0.184s] Level 5:colcon.colcon_core.verb:set package 'interbotix_xs_sdk' build argument 'catkin_cmake_args' from command line to 'None'
[0.184s] Level 5:colcon.colcon_core.verb:set package 'interbotix_xs_sdk' build argument 'catkin_skip_building_tests' from command line to 'False'
[0.184s] DEBUG:colcon.colcon_core.verb:Building package 'interbotix_xs_sdk' with the following arguments: {'ament_cmake_args': None, 'build_base': '/workspace/koch_control/build/interbotix_xs_sdk', 'catkin_cmake_args': None, 'catkin_skip_building_tests': False, 'cmake_args': None, 'cmake_clean_cache': False, 'cmake_clean_first': False, 'cmake_force_configure': False, 'cmake_target': None, 'cmake_target_skip_unavailable': False, 'install_base': '/workspace/koch_control/install/interbotix_xs_sdk', 'merge_install': False, 'path': '/workspace/koch_control/interbotix_ros_core/interbotix_ros_xseries/interbotix_xs_sdk', 'symlink_install': True, 'test_result_base': None}
[0.184s] Level 5:colcon.colcon_core.verb:set package 'interbotix_ros_xseries' build argument 'cmake_args' from command line to 'None'
[0.184s] Level 5:colcon.colcon_core.verb:set package 'interbotix_ros_xseries' build argument 'cmake_target' from command line to 'None'
[0.184s] Level 5:colcon.colcon_core.verb:set package 'interbotix_ros_xseries' build argument 'cmake_target_skip_unavailable' from command line to 'False'
[0.184s] Level 5:colcon.colcon_core.verb:set package 'interbotix_ros_xseries' build argument 'cmake_clean_cache' from command line to 'False'
[0.184s] Level 5:colcon.colcon_core.verb:set package 'interbotix_ros_xseries' build argument 'cmake_clean_first' from command line to 'False'
[0.184s] Level 5:colcon.colcon_core.verb:set package 'interbotix_ros_xseries' build argument 'cmake_force_configure' from command line to 'False'
[0.184s] Level 5:colcon.colcon_core.verb:set package 'interbotix_ros_xseries' build argument 'ament_cmake_args' from command line to 'None'
[0.184s] Level 5:colcon.colcon_core.verb:set package 'interbotix_ros_xseries' build argument 'catkin_cmake_args' from command line to 'None'
[0.184s] Level 5:colcon.colcon_core.verb:set package 'interbotix_ros_xseries' build argument 'catkin_skip_building_tests' from command line to 'False'
[0.184s] DEBUG:colcon.colcon_core.verb:Building package 'interbotix_ros_xseries' with the following arguments: {'ament_cmake_args': None, 'build_base': '/workspace/koch_control/build/interbotix_ros_xseries', 'catkin_cmake_args': None, 'catkin_skip_building_tests': False, 'cmake_args': None, 'cmake_clean_cache': False, 'cmake_clean_first': False, 'cmake_force_configure': False, 'cmake_target': None, 'cmake_target_skip_unavailable': False, 'install_base': '/workspace/koch_control/install/interbotix_ros_xseries', 'merge_install': False, 'path': '/workspace/koch_control/interbotix_ros_core/interbotix_ros_xseries/interbotix_ros_xseries', 'symlink_install': True, 'test_result_base': None}
[0.184s] Level 5:colcon.colcon_core.verb:set package 'interbotix_xs_modules' build argument 'cmake_args' from command line to 'None'
[0.184s] Level 5:colcon.colcon_core.verb:set package 'interbotix_xs_modules' build argument 'cmake_target' from command line to 'None'
[0.184s] Level 5:colcon.colcon_core.verb:set package 'interbotix_xs_modules' build argument 'cmake_target_skip_unavailable' from command line to 'False'
[0.184s] Level 5:colcon.colcon_core.verb:set package 'interbotix_xs_modules' build argument 'cmake_clean_cache' from command line to 'False'
[0.184s] Level 5:colcon.colcon_core.verb:set package 'interbotix_xs_modules' build argument 'cmake_clean_first' from command line to 'False'
[0.184s] Level 5:colcon.colcon_core.verb:set package 'interbotix_xs_modules' build argument 'cmake_force_configure' from command line to 'False'
[0.184s] Level 5:colcon.colcon_core.verb:set package 'interbotix_xs_modules' build argument 'ament_cmake_args' from command line to 'None'
[0.184s] Level 5:colcon.colcon_core.verb:set package 'interbotix_xs_modules' build argument 'catkin_cmake_args' from command line to 'None'
[0.184s] Level 5:colcon.colcon_core.verb:set package 'interbotix_xs_modules' build argument 'catkin_skip_building_tests' from command line to 'False'
[0.184s] DEBUG:colcon.colcon_core.verb:Building package 'interbotix_xs_modules' with the following arguments: {'ament_cmake_args': None, 'build_base': '/workspace/koch_control/build/interbotix_xs_modules', 'catkin_cmake_args': None, 'catkin_skip_building_tests': False, 'cmake_args': None, 'cmake_clean_cache': False, 'cmake_clean_first': False, 'cmake_force_configure': False, 'cmake_target': None, 'cmake_target_skip_unavailable': False, 'install_base': '/workspace/koch_control/install/interbotix_xs_modules', 'merge_install': False, 'path': '/workspace/koch_control/interbotix_ros_toolboxes/interbotix_xs_toolbox/interbotix_xs_modules', 'symlink_install': True, 'test_result_base': None}
[0.184s] Level 5:colcon.colcon_core.verb:set package 'interbotix_xsarm_sim' build argument 'cmake_args' from command line to 'None'
[0.184s] Level 5:colcon.colcon_core.verb:set package 'interbotix_xsarm_sim' build argument 'cmake_target' from command line to 'None'
[0.184s] Level 5:colcon.colcon_core.verb:set package 'interbotix_xsarm_sim' build argument 'cmake_target_skip_unavailable' from command line to 'False'
[0.184s] Level 5:colcon.colcon_core.verb:set package 'interbotix_xsarm_sim' build argument 'cmake_clean_cache' from command line to 'False'
[0.184s] Level 5:colcon.colcon_core.verb:set package 'interbotix_xsarm_sim' build argument 'cmake_clean_first' from command line to 'False'
[0.184s] Level 5:colcon.colcon_core.verb:set package 'interbotix_xsarm_sim' build argument 'cmake_force_configure' from command line to 'False'
[0.184s] Level 5:colcon.colcon_core.verb:set package 'interbotix_xsarm_sim' build argument 'ament_cmake_args' from command line to 'None'
[0.184s] Level 5:colcon.colcon_core.verb:set package 'interbotix_xsarm_sim' build argument 'catkin_cmake_args' from command line to 'None'
[0.184s] Level 5:colcon.colcon_core.verb:set package 'interbotix_xsarm_sim' build argument 'catkin_skip_building_tests' from command line to 'False'
[0.185s] DEBUG:colcon.colcon_core.verb:Building package 'interbotix_xsarm_sim' with the following arguments: {'ament_cmake_args': None, 'build_base': '/workspace/koch_control/build/interbotix_xsarm_sim', 'catkin_cmake_args': None, 'catkin_skip_building_tests': False, 'cmake_args': None, 'cmake_clean_cache': False, 'cmake_clean_first': False, 'cmake_force_configure': False, 'cmake_target': None, 'cmake_target_skip_unavailable': False, 'install_base': '/workspace/koch_control/install/interbotix_xsarm_sim', 'merge_install': False, 'path': '/workspace/koch_control/interbotix_ros_manipulators/interbotix_ros_xsarms/interbotix_xsarm_sim', 'symlink_install': True, 'test_result_base': None}
[0.185s] Level 5:colcon.colcon_core.verb:set package 'interbotix_xsarm_dual' build argument 'cmake_args' from command line to 'None'
[0.185s] Level 5:colcon.colcon_core.verb:set package 'interbotix_xsarm_dual' build argument 'cmake_target' from command line to 'None'
[0.185s] Level 5:colcon.colcon_core.verb:set package 'interbotix_xsarm_dual' build argument 'cmake_target_skip_unavailable' from command line to 'False'
[0.185s] Level 5:colcon.colcon_core.verb:set package 'interbotix_xsarm_dual' build argument 'cmake_clean_cache' from command line to 'False'
[0.185s] Level 5:colcon.colcon_core.verb:set package 'interbotix_xsarm_dual' build argument 'cmake_clean_first' from command line to 'False'
[0.185s] Level 5:colcon.colcon_core.verb:set package 'interbotix_xsarm_dual' build argument 'cmake_force_configure' from command line to 'False'
[0.185s] Level 5:colcon.colcon_core.verb:set package 'interbotix_xsarm_dual' build argument 'ament_cmake_args' from command line to 'None'
[0.185s] Level 5:colcon.colcon_core.verb:set package 'interbotix_xsarm_dual' build argument 'catkin_cmake_args' from command line to 'None'
[0.185s] Level 5:colcon.colcon_core.verb:set package 'interbotix_xsarm_dual' build argument 'catkin_skip_building_tests' from command line to 'False'
[0.185s] DEBUG:colcon.colcon_core.verb:Building package 'interbotix_xsarm_dual' with the following arguments: {'ament_cmake_args': None, 'build_base': '/workspace/koch_control/build/interbotix_xsarm_dual', 'catkin_cmake_args': None, 'catkin_skip_building_tests': False, 'cmake_args': None, 'cmake_clean_cache': False, 'cmake_clean_first': False, 'cmake_force_configure': False, 'cmake_target': None, 'cmake_target_skip_unavailable': False, 'install_base': '/workspace/koch_control/install/interbotix_xsarm_dual', 'merge_install': False, 'path': '/workspace/koch_control/interbotix_ros_manipulators/interbotix_ros_xsarms/examples/interbotix_xsarm_dual', 'symlink_install': True, 'test_result_base': None}
[0.185s] Level 5:colcon.colcon_core.verb:set package 'interbotix_xsarm_gravity_compensation' build argument 'cmake_args' from command line to 'None'
[0.185s] Level 5:colcon.colcon_core.verb:set package 'interbotix_xsarm_gravity_compensation' build argument 'cmake_target' from command line to 'None'
[0.185s] Level 5:colcon.colcon_core.verb:set package 'interbotix_xsarm_gravity_compensation' build argument 'cmake_target_skip_unavailable' from command line to 'False'
[0.185s] Level 5:colcon.colcon_core.verb:set package 'interbotix_xsarm_gravity_compensation' build argument 'cmake_clean_cache' from command line to 'False'
[0.185s] Level 5:colcon.colcon_core.verb:set package 'interbotix_xsarm_gravity_compensation' build argument 'cmake_clean_first' from command line to 'False'
[0.185s] Level 5:colcon.colcon_core.verb:set package 'interbotix_xsarm_gravity_compensation' build argument 'cmake_force_configure' from command line to 'False'
[0.185s] Level 5:colcon.colcon_core.verb:set package 'interbotix_xsarm_gravity_compensation' build argument 'ament_cmake_args' from command line to 'None'
[0.185s] Level 5:colcon.colcon_core.verb:set package 'interbotix_xsarm_gravity_compensation' build argument 'catkin_cmake_args' from command line to 'None'
[0.185s] Level 5:colcon.colcon_core.verb:set package 'interbotix_xsarm_gravity_compensation' build argument 'catkin_skip_building_tests' from command line to 'False'
[0.185s] DEBUG:colcon.colcon_core.verb:Building package 'interbotix_xsarm_gravity_compensation' with the following arguments: {'ament_cmake_args': None, 'build_base': '/workspace/koch_control/build/interbotix_xsarm_gravity_compensation', 'catkin_cmake_args': None, 'catkin_skip_building_tests': False, 'cmake_args': None, 'cmake_clean_cache': False, 'cmake_clean_first': False, 'cmake_force_configure': False, 'cmake_target': None, 'cmake_target_skip_unavailable': False, 'install_base': '/workspace/koch_control/install/interbotix_xsarm_gravity_compensation', 'merge_install': False, 'path': '/workspace/koch_control/interbotix_ros_manipulators/interbotix_ros_xsarms/examples/interbotix_xsarm_gravity_compensation', 'symlink_install': True, 'test_result_base': None}
[0.185s] Level 5:colcon.colcon_core.verb:set package 'interbotix_xsarm_joy' build argument 'cmake_args' from command line to 'None'
[0.185s] Level 5:colcon.colcon_core.verb:set package 'interbotix_xsarm_joy' build argument 'cmake_target' from command line to 'None'
[0.185s] Level 5:colcon.colcon_core.verb:set package 'interbotix_xsarm_joy' build argument 'cmake_target_skip_unavailable' from command line to 'False'
[0.185s] Level 5:colcon.colcon_core.verb:set package 'interbotix_xsarm_joy' build argument 'cmake_clean_cache' from command line to 'False'
[0.185s] Level 5:colcon.colcon_core.verb:set package 'interbotix_xsarm_joy' build argument 'cmake_clean_first' from command line to 'False'
[0.185s] Level 5:colcon.colcon_core.verb:set package 'interbotix_xsarm_joy' build argument 'cmake_force_configure' from command line to 'False'
[0.185s] Level 5:colcon.colcon_core.verb:set package 'interbotix_xsarm_joy' build argument 'ament_cmake_args' from command line to 'None'
[0.185s] Level 5:colcon.colcon_core.verb:set package 'interbotix_xsarm_joy' build argument 'catkin_cmake_args' from command line to 'None'
[0.185s] Level 5:colcon.colcon_core.verb:set package 'interbotix_xsarm_joy' build argument 'catkin_skip_building_tests' from command line to 'False'
[0.185s] DEBUG:colcon.colcon_core.verb:Building package 'interbotix_xsarm_joy' with the following arguments: {'ament_cmake_args': None, 'build_base': '/workspace/koch_control/build/interbotix_xsarm_joy', 'catkin_cmake_args': None, 'catkin_skip_building_tests': False, 'cmake_args': None, 'cmake_clean_cache': False, 'cmake_clean_first': False, 'cmake_force_configure': False, 'cmake_target': None, 'cmake_target_skip_unavailable': False, 'install_base': '/workspace/koch_control/install/interbotix_xsarm_joy', 'merge_install': False, 'path': '/workspace/koch_control/interbotix_ros_manipulators/interbotix_ros_xsarms/examples/interbotix_xsarm_joy', 'symlink_install': True, 'test_result_base': None}
[0.185s] Level 5:colcon.colcon_core.verb:set package 'interbotix_xsarm_puppet' build argument 'cmake_args' from command line to 'None'
[0.185s] Level 5:colcon.colcon_core.verb:set package 'interbotix_xsarm_puppet' build argument 'cmake_target' from command line to 'None'
[0.185s] Level 5:colcon.colcon_core.verb:set package 'interbotix_xsarm_puppet' build argument 'cmake_target_skip_unavailable' from command line to 'False'
[0.185s] Level 5:colcon.colcon_core.verb:set package 'interbotix_xsarm_puppet' build argument 'cmake_clean_cache' from command line to 'False'
[0.185s] Level 5:colcon.colcon_core.verb:set package 'interbotix_xsarm_puppet' build argument 'cmake_clean_first' from command line to 'False'
[0.185s] Level 5:colcon.colcon_core.verb:set package 'interbotix_xsarm_puppet' build argument 'cmake_force_configure' from command line to 'False'
[0.185s] Level 5:colcon.colcon_core.verb:set package 'interbotix_xsarm_puppet' build argument 'ament_cmake_args' from command line to 'None'
[0.185s] Level 5:colcon.colcon_core.verb:set package 'interbotix_xsarm_puppet' build argument 'catkin_cmake_args' from command line to 'None'
[0.185s] Level 5:colcon.colcon_core.verb:set package 'interbotix_xsarm_puppet' build argument 'catkin_skip_building_tests' from command line to 'False'
[0.185s] DEBUG:colcon.colcon_core.verb:Building package 'interbotix_xsarm_puppet' with the following arguments: {'ament_cmake_args': None, 'build_base': '/workspace/koch_control/build/interbotix_xsarm_puppet', 'catkin_cmake_args': None, 'catkin_skip_building_tests': False, 'cmake_args': None, 'cmake_clean_cache': False, 'cmake_clean_first': False, 'cmake_force_configure': False, 'cmake_target': None, 'cmake_target_skip_unavailable': False, 'install_base': '/workspace/koch_control/install/interbotix_xsarm_puppet', 'merge_install': False, 'path': '/workspace/koch_control/interbotix_ros_manipulators/interbotix_ros_xsarms/examples/interbotix_xsarm_puppet', 'symlink_install': True, 'test_result_base': None}
[0.185s] Level 5:colcon.colcon_core.verb:set package 'interbotix_xsarm_ros_control' build argument 'cmake_args' from command line to 'None'
[0.185s] Level 5:colcon.colcon_core.verb:set package 'interbotix_xsarm_ros_control' build argument 'cmake_target' from command line to 'None'
[0.185s] Level 5:colcon.colcon_core.verb:set package 'interbotix_xsarm_ros_control' build argument 'cmake_target_skip_unavailable' from command line to 'False'
[0.185s] Level 5:colcon.colcon_core.verb:set package 'interbotix_xsarm_ros_control' build argument 'cmake_clean_cache' from command line to 'False'
[0.185s] Level 5:colcon.colcon_core.verb:set package 'interbotix_xsarm_ros_control' build argument 'cmake_clean_first' from command line to 'False'
[0.185s] Level 5:colcon.colcon_core.verb:set package 'interbotix_xsarm_ros_control' build argument 'cmake_force_configure' from command line to 'False'
[0.185s] Level 5:colcon.colcon_core.verb:set package 'interbotix_xsarm_ros_control' build argument 'ament_cmake_args' from command line to 'None'
[0.185s] Level 5:colcon.colcon_core.verb:set package 'interbotix_xsarm_ros_control' build argument 'catkin_cmake_args' from command line to 'None'
[0.185s] Level 5:colcon.colcon_core.verb:set package 'interbotix_xsarm_ros_control' build argument 'catkin_skip_building_tests' from command line to 'False'
[0.185s] DEBUG:colcon.colcon_core.verb:Building package 'interbotix_xsarm_ros_control' with the following arguments: {'ament_cmake_args': None, 'build_base': '/workspace/koch_control/build/interbotix_xsarm_ros_control', 'catkin_cmake_args': None, 'catkin_skip_building_tests': False, 'cmake_args': None, 'cmake_clean_cache': False, 'cmake_clean_first': False, 'cmake_force_configure': False, 'cmake_target': None, 'cmake_target_skip_unavailable': False, 'install_base': '/workspace/koch_control/install/interbotix_xsarm_ros_control', 'merge_install': False, 'path': '/workspace/koch_control/interbotix_ros_manipulators/interbotix_ros_xsarms/interbotix_xsarm_ros_control', 'symlink_install': True, 'test_result_base': None}
[0.186s] Level 5:colcon.colcon_core.verb:set package 'interbotix_ros_xsarms' build argument 'cmake_args' from command line to 'None'
[0.186s] Level 5:colcon.colcon_core.verb:set package 'interbotix_ros_xsarms' build argument 'cmake_target' from command line to 'None'
[0.186s] Level 5:colcon.colcon_core.verb:set package 'interbotix_ros_xsarms' build argument 'cmake_target_skip_unavailable' from command line to 'False'
[0.186s] Level 5:colcon.colcon_core.verb:set package 'interbotix_ros_xsarms' build argument 'cmake_clean_cache' from command line to 'False'
[0.186s] Level 5:colcon.colcon_core.verb:set package 'interbotix_ros_xsarms' build argument 'cmake_clean_first' from command line to 'False'
[0.186s] Level 5:colcon.colcon_core.verb:set package 'interbotix_ros_xsarms' build argument 'cmake_force_configure' from command line to 'False'
[0.186s] Level 5:colcon.colcon_core.verb:set package 'interbotix_ros_xsarms' build argument 'ament_cmake_args' from command line to 'None'
[0.186s] Level 5:colcon.colcon_core.verb:set package 'interbotix_ros_xsarms' build argument 'catkin_cmake_args' from command line to 'None'
[0.186s] Level 5:colcon.colcon_core.verb:set package 'interbotix_ros_xsarms' build argument 'catkin_skip_building_tests' from command line to 'False'
[0.186s] DEBUG:colcon.colcon_core.verb:Building package 'interbotix_ros_xsarms' with the following arguments: {'ament_cmake_args': None, 'build_base': '/workspace/koch_control/build/interbotix_ros_xsarms', 'catkin_cmake_args': None, 'catkin_skip_building_tests': False, 'cmake_args': None, 'cmake_clean_cache': False, 'cmake_clean_first': False, 'cmake_force_configure': False, 'cmake_target': None, 'cmake_target_skip_unavailable': False, 'install_base': '/workspace/koch_control/install/interbotix_ros_xsarms', 'merge_install': False, 'path': '/workspace/koch_control/interbotix_ros_manipulators/interbotix_ros_xsarms/interbotix_ros_xsarms', 'symlink_install': True, 'test_result_base': None}
[0.186s] Level 5:colcon.colcon_core.verb:set package 'interbotix_xsarm_moveit_interface' build argument 'cmake_args' from command line to 'None'
[0.186s] Level 5:colcon.colcon_core.verb:set package 'interbotix_xsarm_moveit_interface' build argument 'cmake_target' from command line to 'None'
[0.186s] Level 5:colcon.colcon_core.verb:set package 'interbotix_xsarm_moveit_interface' build argument 'cmake_target_skip_unavailable' from command line to 'False'
[0.186s] Level 5:colcon.colcon_core.verb:set package 'interbotix_xsarm_moveit_interface' build argument 'cmake_clean_cache' from command line to 'False'
[0.186s] Level 5:colcon.colcon_core.verb:set package 'interbotix_xsarm_moveit_interface' build argument 'cmake_clean_first' from command line to 'False'
[0.186s] Level 5:colcon.colcon_core.verb:set package 'interbotix_xsarm_moveit_interface' build argument 'cmake_force_configure' from command line to 'False'
[0.186s] Level 5:colcon.colcon_core.verb:set package 'interbotix_xsarm_moveit_interface' build argument 'ament_cmake_args' from command line to 'None'
[0.186s] Level 5:colcon.colcon_core.verb:set package 'interbotix_xsarm_moveit_interface' build argument 'catkin_cmake_args' from command line to 'None'
[0.186s] Level 5:colcon.colcon_core.verb:set package 'interbotix_xsarm_moveit_interface' build argument 'catkin_skip_building_tests' from command line to 'False'
[0.186s] DEBUG:colcon.colcon_core.verb:Building package 'interbotix_xsarm_moveit_interface' with the following arguments: {'ament_cmake_args': None, 'build_base': '/workspace/koch_control/build/interbotix_xsarm_moveit_interface', 'catkin_cmake_args': None, 'catkin_skip_building_tests': False, 'cmake_args': None, 'cmake_clean_cache': False, 'cmake_clean_first': False, 'cmake_force_configure': False, 'cmake_target': None, 'cmake_target_skip_unavailable': False, 'install_base': '/workspace/koch_control/install/interbotix_xsarm_moveit_interface', 'merge_install': False, 'path': '/workspace/koch_control/interbotix_ros_manipulators/interbotix_ros_xsarms/examples/interbotix_xsarm_moveit_interface', 'symlink_install': True, 'test_result_base': None}
[0.186s] Level 5:colcon.colcon_core.verb:set package 'interbotix_ros_xsarms_examples' build argument 'cmake_args' from command line to 'None'
[0.186s] Level 5:colcon.colcon_core.verb:set package 'interbotix_ros_xsarms_examples' build argument 'cmake_target' from command line to 'None'
[0.186s] Level 5:colcon.colcon_core.verb:set package 'interbotix_ros_xsarms_examples' build argument 'cmake_target_skip_unavailable' from command line to 'False'
[0.186s] Level 5:colcon.colcon_core.verb:set package 'interbotix_ros_xsarms_examples' build argument 'cmake_clean_cache' from command line to 'False'
[0.186s] Level 5:colcon.colcon_core.verb:set package 'interbotix_ros_xsarms_examples' build argument 'cmake_clean_first' from command line to 'False'
[0.186s] Level 5:colcon.colcon_core.verb:set package 'interbotix_ros_xsarms_examples' build argument 'cmake_force_configure' from command line to 'False'
[0.186s] Level 5:colcon.colcon_core.verb:set package 'interbotix_ros_xsarms_examples' build argument 'ament_cmake_args' from command line to 'None'
[0.186s] Level 5:colcon.colcon_core.verb:set package 'interbotix_ros_xsarms_examples' build argument 'catkin_cmake_args' from command line to 'None'
[0.186s] Level 5:colcon.colcon_core.verb:set package 'interbotix_ros_xsarms_examples' build argument 'catkin_skip_building_tests' from command line to 'False'
[0.186s] DEBUG:colcon.colcon_core.verb:Building package 'interbotix_ros_xsarms_examples' with the following arguments: {'ament_cmake_args': None, 'build_base': '/workspace/koch_control/build/interbotix_ros_xsarms_examples', 'catkin_cmake_args': None, 'catkin_skip_building_tests': False, 'cmake_args': None, 'cmake_clean_cache': False, 'cmake_clean_first': False, 'cmake_force_configure': False, 'cmake_target': None, 'cmake_target_skip_unavailable': False, 'install_base': '/workspace/koch_control/install/interbotix_ros_xsarms_examples', 'merge_install': False, 'path': '/workspace/koch_control/interbotix_ros_manipulators/interbotix_ros_xsarms/examples/interbotix_ros_xsarms_examples', 'symlink_install': True, 'test_result_base': None}
[0.186s] INFO:colcon.colcon_core.executor:Executing jobs using 'parallel' executor
[0.187s] DEBUG:colcon.colcon_parallel_executor.executor.parallel:run_until_complete
[0.187s] INFO:colcon.colcon_ros.task.ament_cmake.build:Building ROS package in '/workspace/koch_control/interbotix_ros_core/interbotix_ros_xseries/interbotix_xs_msgs' with build type 'ament_cmake'
[0.187s] INFO:colcon.colcon_cmake.task.cmake.build:Building CMake package in '/workspace/koch_control/interbotix_ros_core/interbotix_ros_xseries/interbotix_xs_msgs'
[0.188s] INFO:colcon.colcon_core.plugin_system:Skipping extension 'colcon_core.shell.bat': Not used on non-Windows systems
[0.188s] INFO:colcon.colcon_core.shell:Skip shell extension 'powershell' for command environment: Not usable outside of PowerShell
[0.188s] DEBUG:colcon.colcon_core.shell:Skip shell extension 'dsv' for command environment
[0.189s] INFO:colcon.colcon_ros.task.ament_cmake.build:Building ROS package in '/workspace/koch_control/interbotix_ros_core/interbotix_ros_xseries/dynamixel_workbench_toolbox' with build type 'ament_cmake'
[0.189s] INFO:colcon.colcon_cmake.task.cmake.build:Building CMake package in '/workspace/koch_control/interbotix_ros_core/interbotix_ros_xseries/dynamixel_workbench_toolbox'
[0.190s] INFO:colcon.colcon_core.shell:Skip shell extension 'powershell' for command environment: Not usable outside of PowerShell
[0.190s] DEBUG:colcon.colcon_core.shell:Skip shell extension 'dsv' for command environment
[0.191s] INFO:colcon.colcon_ros.task.ament_python.build:Building ROS package in '/workspace/koch_control/interbotix_ros_toolboxes/interbotix_common_toolbox/interbotix_common_modules' with build type 'ament_python'
[0.191s] Level 1:colcon.colcon_core.shell:create_environment_hook('interbotix_common_modules', 'ament_prefix_path')
[0.191s] INFO:colcon.colcon_core.shell:Creating environment hook '/workspace/koch_control/install/interbotix_common_modules/share/interbotix_common_modules/hook/ament_prefix_path.ps1'
[0.191s] INFO:colcon.colcon_core.shell:Creating environment descriptor '/workspace/koch_control/install/interbotix_common_modules/share/interbotix_common_modules/hook/ament_prefix_path.dsv'
[0.191s] INFO:colcon.colcon_core.shell:Creating environment hook '/workspace/koch_control/install/interbotix_common_modules/share/interbotix_common_modules/hook/ament_prefix_path.sh'
[0.191s] INFO:colcon.colcon_core.shell:Skip shell extension 'powershell' for command environment: Not usable outside of PowerShell
[0.191s] DEBUG:colcon.colcon_core.shell:Skip shell extension 'dsv' for command environment
[0.192s] INFO:colcon.colcon_ros.task.ament_cmake.build:Building ROS package in '/workspace/koch_control/interbotix_ros_toolboxes/interbotix_common_toolbox/interbotix_common_sim' with build type 'ament_cmake'
[0.192s] INFO:colcon.colcon_cmake.task.cmake.build:Building CMake package in '/workspace/koch_control/interbotix_ros_toolboxes/interbotix_common_toolbox/interbotix_common_sim'
[0.192s] INFO:colcon.colcon_core.shell:Skip shell extension 'powershell' for command environment: Not usable outside of PowerShell
[0.193s] DEBUG:colcon.colcon_core.shell:Skip shell extension 'dsv' for command environment
[0.195s] INFO:colcon.colcon_ros.task.ament_cmake.build:Building ROS package in '/workspace/koch_control/interbotix_ros_toolboxes/interbotix_common_toolbox/interbotix_tf_tools' with build type 'ament_cmake'
[0.195s] INFO:colcon.colcon_cmake.task.cmake.build:Building CMake package in '/workspace/koch_control/interbotix_ros_toolboxes/interbotix_common_toolbox/interbotix_tf_tools'
[0.195s] INFO:colcon.colcon_core.shell:Skip shell extension 'powershell' for command environment: Not usable outside of PowerShell
[0.195s] DEBUG:colcon.colcon_core.shell:Skip shell extension 'dsv' for command environment
[0.198s] DEBUG:colcon.colcon_core.event_handler.log_command:Invoking command in '/workspace/koch_control/build/interbotix_xs_msgs': CMAKE_PREFIX_PATH=/opt/ros/humble /usr/bin/cmake --build /workspace/koch_control/build/interbotix_xs_msgs -- -j32 -l32
[0.199s] DEBUG:colcon.colcon_core.event_handler.log_command:Invoking command in '/workspace/koch_control/build/dynamixel_workbench_toolbox': CMAKE_PREFIX_PATH=/opt/ros/humble /usr/bin/cmake --build /workspace/koch_control/build/dynamixel_workbench_toolbox -- -j32 -l32
[0.303s] INFO:colcon.colcon_core.task.python.build:Building Python package in '/workspace/koch_control/interbotix_ros_toolboxes/interbotix_common_toolbox/interbotix_common_modules'
[0.303s] INFO:colcon.colcon_core.shell:Skip shell extension 'powershell' for command environment: Not usable outside of PowerShell
[0.303s] DEBUG:colcon.colcon_core.shell:Skip shell extension 'dsv' for command environment
[0.306s] DEBUG:colcon.colcon_core.event_handler.log_command:Invoking command in '/workspace/koch_control/build/interbotix_common_sim': CMAKE_PREFIX_PATH=/opt/ros/humble /usr/bin/cmake --build /workspace/koch_control/build/interbotix_common_sim -- -j32 -l32
[0.308s] DEBUG:colcon.colcon_core.event_handler.log_command:Invoking command in '/workspace/koch_control/build/interbotix_tf_tools': CMAKE_PREFIX_PATH=/opt/ros/humble /usr/bin/cmake --build /workspace/koch_control/build/interbotix_tf_tools -- -j32 -l32
[0.308s] DEBUG:colcon.colcon_core.event_handler.log_command:Invoked command in '/workspace/koch_control/build/dynamixel_workbench_toolbox' returned '0': CMAKE_PREFIX_PATH=/opt/ros/humble /usr/bin/cmake --build /workspace/koch_control/build/dynamixel_workbench_toolbox -- -j32 -l32
[0.312s] DEBUG:colcon.colcon_core.event_handler.log_command:Invoking command in '/workspace/koch_control/build/dynamixel_workbench_toolbox': CMAKE_PREFIX_PATH=/opt/ros/humble /usr/bin/cmake --install /workspace/koch_control/build/dynamixel_workbench_toolbox
[0.320s] DEBUG:colcon.colcon_core.event_handler.log_command:Invoked command in '/workspace/koch_control/build/interbotix_common_sim' returned '0': CMAKE_PREFIX_PATH=/opt/ros/humble /usr/bin/cmake --build /workspace/koch_control/build/interbotix_common_sim -- -j32 -l32
[0.321s] DEBUG:colcon.colcon_core.event_handler.log_command:Invoking command in '/workspace/koch_control/build/interbotix_common_sim': CMAKE_PREFIX_PATH=/opt/ros/humble /usr/bin/cmake --install /workspace/koch_control/build/interbotix_common_sim
[0.322s] Level 1:colcon.colcon_core.environment:create_environment_scripts_only(dynamixel_workbench_toolbox)
[0.322s] DEBUG:colcon.colcon_core.event_handler.log_command:Invoked command in '/workspace/koch_control/build/dynamixel_workbench_toolbox' returned '0': CMAKE_PREFIX_PATH=/opt/ros/humble /usr/bin/cmake --install /workspace/koch_control/build/dynamixel_workbench_toolbox
[0.323s] Level 1:colcon.colcon_core.environment:checking '/workspace/koch_control/install/dynamixel_workbench_toolbox' for CMake module files
[0.323s] Level 1:colcon.colcon_core.environment:checking '/workspace/koch_control/install/dynamixel_workbench_toolbox' for CMake config files
[0.323s] Level 1:colcon.colcon_core.shell:create_environment_hook('dynamixel_workbench_toolbox', 'cmake_prefix_path')
[0.323s] INFO:colcon.colcon_core.shell:Creating environment hook '/workspace/koch_control/install/dynamixel_workbench_toolbox/share/dynamixel_workbench_toolbox/hook/cmake_prefix_path.ps1'
[0.323s] INFO:colcon.colcon_core.shell:Creating environment descriptor '/workspace/koch_control/install/dynamixel_workbench_toolbox/share/dynamixel_workbench_toolbox/hook/cmake_prefix_path.dsv'
[0.324s] INFO:colcon.colcon_core.shell:Creating environment hook '/workspace/koch_control/install/dynamixel_workbench_toolbox/share/dynamixel_workbench_toolbox/hook/cmake_prefix_path.sh'
[0.324s] Level 1:colcon.colcon_core.environment:checking '/workspace/koch_control/install/dynamixel_workbench_toolbox/lib'
[0.324s] Level 1:colcon.colcon_core.shell:create_environment_hook('dynamixel_workbench_toolbox', 'ld_library_path_lib')
[0.324s] INFO:colcon.colcon_core.shell:Creating environment hook '/workspace/koch_control/install/dynamixel_workbench_toolbox/share/dynamixel_workbench_toolbox/hook/ld_library_path_lib.ps1'
[0.325s] INFO:colcon.colcon_core.shell:Creating environment descriptor '/workspace/koch_control/install/dynamixel_workbench_toolbox/share/dynamixel_workbench_toolbox/hook/ld_library_path_lib.dsv'
[0.325s] INFO:colcon.colcon_core.shell:Creating environment hook '/workspace/koch_control/install/dynamixel_workbench_toolbox/share/dynamixel_workbench_toolbox/hook/ld_library_path_lib.sh'
[0.325s] Level 1:colcon.colcon_core.environment:checking '/workspace/koch_control/install/dynamixel_workbench_toolbox/bin'
[0.325s] Level 1:colcon.colcon_core.environment:checking '/workspace/koch_control/install/dynamixel_workbench_toolbox/lib/pkgconfig/dynamixel_workbench_toolbox.pc'
[0.325s] Level 1:colcon.colcon_core.environment:checking '/workspace/koch_control/install/dynamixel_workbench_toolbox/lib/python3.10/site-packages'
[0.325s] Level 1:colcon.colcon_core.environment:checking '/workspace/koch_control/install/dynamixel_workbench_toolbox/bin'
[0.326s] INFO:colcon.colcon_core.shell:Creating package script '/workspace/koch_control/install/dynamixel_workbench_toolbox/share/dynamixel_workbench_toolbox/package.ps1'
[0.326s] INFO:colcon.colcon_core.shell:Creating package descriptor '/workspace/koch_control/install/dynamixel_workbench_toolbox/share/dynamixel_workbench_toolbox/package.dsv'
[0.327s] INFO:colcon.colcon_core.shell:Creating package script '/workspace/koch_control/install/dynamixel_workbench_toolbox/share/dynamixel_workbench_toolbox/package.sh'
[0.327s] INFO:colcon.colcon_core.shell:Creating package script '/workspace/koch_control/install/dynamixel_workbench_toolbox/share/dynamixel_workbench_toolbox/package.bash'
[0.327s] INFO:colcon.colcon_core.shell:Creating package script '/workspace/koch_control/install/dynamixel_workbench_toolbox/share/dynamixel_workbench_toolbox/package.zsh'
[0.327s] Level 1:colcon.colcon_core.environment:create_file_with_runtime_dependencies(/workspace/koch_control/install/dynamixel_workbench_toolbox/share/colcon-core/packages/dynamixel_workbench_toolbox)
[0.328s] Level 1:colcon.colcon_core.environment:create_environment_scripts_only(dynamixel_workbench_toolbox)
[0.328s] Level 1:colcon.colcon_core.environment:checking '/workspace/koch_control/install/dynamixel_workbench_toolbox' for CMake module files
[0.328s] Level 1:colcon.colcon_core.environment:checking '/workspace/koch_control/install/dynamixel_workbench_toolbox' for CMake config files
[0.328s] Level 1:colcon.colcon_core.shell:create_environment_hook('dynamixel_workbench_toolbox', 'cmake_prefix_path')
[0.328s] INFO:colcon.colcon_core.shell:Creating environment hook '/workspace/koch_control/install/dynamixel_workbench_toolbox/share/dynamixel_workbench_toolbox/hook/cmake_prefix_path.ps1'
[0.328s] INFO:colcon.colcon_core.shell:Creating environment descriptor '/workspace/koch_control/install/dynamixel_workbench_toolbox/share/dynamixel_workbench_toolbox/hook/cmake_prefix_path.dsv'
[0.328s] INFO:colcon.colcon_core.shell:Creating environment hook '/workspace/koch_control/install/dynamixel_workbench_toolbox/share/dynamixel_workbench_toolbox/hook/cmake_prefix_path.sh'
[0.328s] Level 1:colcon.colcon_core.environment:checking '/workspace/koch_control/install/dynamixel_workbench_toolbox/lib'
[0.329s] Level 1:colcon.colcon_core.shell:create_environment_hook('dynamixel_workbench_toolbox', 'ld_library_path_lib')
[0.329s] INFO:colcon.colcon_core.shell:Creating environment hook '/workspace/koch_control/install/dynamixel_workbench_toolbox/share/dynamixel_workbench_toolbox/hook/ld_library_path_lib.ps1'
[0.329s] INFO:colcon.colcon_core.shell:Creating environment descriptor '/workspace/koch_control/install/dynamixel_workbench_toolbox/share/dynamixel_workbench_toolbox/hook/ld_library_path_lib.dsv'
[0.329s] INFO:colcon.colcon_core.shell:Creating environment hook '/workspace/koch_control/install/dynamixel_workbench_toolbox/share/dynamixel_workbench_toolbox/hook/ld_library_path_lib.sh'
[0.329s] Level 1:colcon.colcon_core.environment:checking '/workspace/koch_control/install/dynamixel_workbench_toolbox/bin'
[0.329s] Level 1:colcon.colcon_core.environment:checking '/workspace/koch_control/install/dynamixel_workbench_toolbox/lib/pkgconfig/dynamixel_workbench_toolbox.pc'
[0.329s] Level 1:colcon.colcon_core.environment:checking '/workspace/koch_control/install/dynamixel_workbench_toolbox/lib/python3.10/site-packages'
[0.329s] Level 1:colcon.colcon_core.environment:checking '/workspace/koch_control/install/dynamixel_workbench_toolbox/bin'
[0.330s] INFO:colcon.colcon_core.shell:Creating package script '/workspace/koch_control/install/dynamixel_workbench_toolbox/share/dynamixel_workbench_toolbox/package.ps1'
[0.330s] INFO:colcon.colcon_core.shell:Creating package descriptor '/workspace/koch_control/install/dynamixel_workbench_toolbox/share/dynamixel_workbench_toolbox/package.dsv'
[0.330s] INFO:colcon.colcon_core.shell:Creating package script '/workspace/koch_control/install/dynamixel_workbench_toolbox/share/dynamixel_workbench_toolbox/package.sh'
[0.330s] INFO:colcon.colcon_core.shell:Creating package script '/workspace/koch_control/install/dynamixel_workbench_toolbox/share/dynamixel_workbench_toolbox/package.bash'
[0.330s] INFO:colcon.colcon_core.shell:Creating package script '/workspace/koch_control/install/dynamixel_workbench_toolbox/share/dynamixel_workbench_toolbox/package.zsh'
[0.331s] Level 1:colcon.colcon_core.environment:create_file_with_runtime_dependencies(/workspace/koch_control/install/dynamixel_workbench_toolbox/share/colcon-core/packages/dynamixel_workbench_toolbox)
[0.331s] INFO:colcon.colcon_ros.task.ament_cmake.build:Building ROS package in '/workspace/koch_control/interbotix_ros_core/interbotix_ros_xseries/interbotix_xs_driver' with build type 'ament_cmake'
[0.331s] INFO:colcon.colcon_cmake.task.cmake.build:Building CMake package in '/workspace/koch_control/interbotix_ros_core/interbotix_ros_xseries/interbotix_xs_driver'
[0.331s] INFO:colcon.colcon_core.shell:Skip shell extension 'powershell' for command environment: Not usable outside of PowerShell
[0.331s] DEBUG:colcon.colcon_core.shell:Skip shell extension 'dsv' for command environment
[0.333s] Level 1:colcon.colcon_core.environment:create_environment_scripts_only(interbotix_common_sim)
[0.333s] Level 1:colcon.colcon_core.environment:checking '/workspace/koch_control/install/interbotix_common_sim' for CMake module files
[0.333s] DEBUG:colcon.colcon_core.event_handler.log_command:Invoked command in '/workspace/koch_control/build/interbotix_common_sim' returned '0': CMAKE_PREFIX_PATH=/opt/ros/humble /usr/bin/cmake --install /workspace/koch_control/build/interbotix_common_sim
[0.333s] Level 1:colcon.colcon_core.environment:checking '/workspace/koch_control/install/interbotix_common_sim' for CMake config files
[0.334s] Level 1:colcon.colcon_core.shell:create_environment_hook('interbotix_common_sim', 'cmake_prefix_path')
[0.334s] INFO:colcon.colcon_core.shell:Creating environment hook '/workspace/koch_control/install/interbotix_common_sim/share/interbotix_common_sim/hook/cmake_prefix_path.ps1'
[0.334s] INFO:colcon.colcon_core.shell:Creating environment descriptor '/workspace/koch_control/install/interbotix_common_sim/share/interbotix_common_sim/hook/cmake_prefix_path.dsv'
[0.334s] INFO:colcon.colcon_core.shell:Creating environment hook '/workspace/koch_control/install/interbotix_common_sim/share/interbotix_common_sim/hook/cmake_prefix_path.sh'
[0.335s] Level 1:colcon.colcon_core.environment:checking '/workspace/koch_control/install/interbotix_common_sim/bin'
[0.335s] Level 1:colcon.colcon_core.environment:checking '/workspace/koch_control/install/interbotix_common_sim/lib/pkgconfig/interbotix_common_sim.pc'
[0.335s] Level 1:colcon.colcon_core.environment:checking '/workspace/koch_control/install/interbotix_common_sim/lib/python3.10/site-packages'
[0.335s] Level 1:colcon.colcon_core.environment:checking '/workspace/koch_control/install/interbotix_common_sim/bin'
[0.335s] INFO:colcon.colcon_core.shell:Creating package script '/workspace/koch_control/install/interbotix_common_sim/share/interbotix_common_sim/package.ps1'
[0.335s] INFO:colcon.colcon_core.shell:Creating package descriptor '/workspace/koch_control/install/interbotix_common_sim/share/interbotix_common_sim/package.dsv'
[0.335s] INFO:colcon.colcon_core.shell:Creating package script '/workspace/koch_control/install/interbotix_common_sim/share/interbotix_common_sim/package.sh'
[0.336s] INFO:colcon.colcon_core.shell:Creating package script '/workspace/koch_control/install/interbotix_common_sim/share/interbotix_common_sim/package.bash'
[0.336s] INFO:colcon.colcon_core.shell:Creating package script '/workspace/koch_control/install/interbotix_common_sim/share/interbotix_common_sim/package.zsh'
[0.336s] Level 1:colcon.colcon_core.environment:create_file_with_runtime_dependencies(/workspace/koch_control/install/interbotix_common_sim/share/colcon-core/packages/interbotix_common_sim)
[0.336s] Level 1:colcon.colcon_core.environment:create_environment_scripts_only(interbotix_common_sim)
[0.336s] Level 1:colcon.colcon_core.environment:checking '/workspace/koch_control/install/interbotix_common_sim' for CMake module files
[0.336s] Level 1:colcon.colcon_core.environment:checking '/workspace/koch_control/install/interbotix_common_sim' for CMake config files
[0.336s] Level 1:colcon.colcon_core.shell:create_environment_hook('interbotix_common_sim', 'cmake_prefix_path')
[0.336s] INFO:colcon.colcon_core.shell:Creating environment hook '/workspace/koch_control/install/interbotix_common_sim/share/interbotix_common_sim/hook/cmake_prefix_path.ps1'
[0.337s] INFO:colcon.colcon_core.shell:Creating environment descriptor '/workspace/koch_control/install/interbotix_common_sim/share/interbotix_common_sim/hook/cmake_prefix_path.dsv'
[0.337s] INFO:colcon.colcon_core.shell:Creating environment hook '/workspace/koch_control/install/interbotix_common_sim/share/interbotix_common_sim/hook/cmake_prefix_path.sh'
[0.337s] Level 1:colcon.colcon_core.environment:checking '/workspace/koch_control/install/interbotix_common_sim/bin'
[0.337s] Level 1:colcon.colcon_core.environment:checking '/workspace/koch_control/install/interbotix_common_sim/lib/pkgconfig/interbotix_common_sim.pc'
[0.337s] Level 1:colcon.colcon_core.environment:checking '/workspace/koch_control/install/interbotix_common_sim/lib/python3.10/site-packages'
[0.337s] Level 1:colcon.colcon_core.environment:checking '/workspace/koch_control/install/interbotix_common_sim/bin'
[0.337s] INFO:colcon.colcon_core.shell:Creating package script '/workspace/koch_control/install/interbotix_common_sim/share/interbotix_common_sim/package.ps1'
[0.338s] INFO:colcon.colcon_core.shell:Creating package descriptor '/workspace/koch_control/install/interbotix_common_sim/share/interbotix_common_sim/package.dsv'
[0.338s] INFO:colcon.colcon_core.shell:Creating package script '/workspace/koch_control/install/interbotix_common_sim/share/interbotix_common_sim/package.sh'
[0.338s] INFO:colcon.colcon_core.shell:Creating package script '/workspace/koch_control/install/interbotix_common_sim/share/interbotix_common_sim/package.bash'
[0.338s] INFO:colcon.colcon_core.shell:Creating package script '/workspace/koch_control/install/interbotix_common_sim/share/interbotix_common_sim/package.zsh'
[0.338s] Level 1:colcon.colcon_core.environment:create_file_with_runtime_dependencies(/workspace/koch_control/install/interbotix_common_sim/share/colcon-core/packages/interbotix_common_sim)
[0.340s] DEBUG:colcon.colcon_core.event_handler.log_command:Invoking command in '/workspace/koch_control/build/interbotix_xs_driver': AMENT_PREFIX_PATH=/workspace/koch_control/install/dynamixel_workbench_toolbox:${AMENT_PREFIX_PATH} CMAKE_PREFIX_PATH=/workspace/koch_control/install/dynamixel_workbench_toolbox:/opt/ros/humble LD_LIBRARY_PATH=/workspace/koch_control/install/dynamixel_workbench_toolbox/lib:${LD_LIBRARY_PATH} /usr/bin/cmake --build /workspace/koch_control/build/interbotix_xs_driver -- -j32 -l32
[0.340s] DEBUG:colcon.colcon_core.event_handler.log_command:Invoked command in '/workspace/koch_control/build/interbotix_xs_msgs' returned '0': CMAKE_PREFIX_PATH=/opt/ros/humble /usr/bin/cmake --build /workspace/koch_control/build/interbotix_xs_msgs -- -j32 -l32
[0.341s] DEBUG:colcon.colcon_core.event_handler.log_command:Invoking command in '/workspace/koch_control/build/interbotix_xs_msgs': CMAKE_PREFIX_PATH=/opt/ros/humble /usr/bin/cmake --install /workspace/koch_control/build/interbotix_xs_msgs
[0.341s] DEBUG:colcon.colcon_core.event_handler.log_command:Invoked command in '/workspace/koch_control/build/interbotix_tf_tools' returned '0': CMAKE_PREFIX_PATH=/opt/ros/humble /usr/bin/cmake --build /workspace/koch_control/build/interbotix_tf_tools -- -j32 -l32
[0.341s] DEBUG:colcon.colcon_core.event_handler.log_command:Invoking command in '/workspace/koch_control/build/interbotix_tf_tools': CMAKE_PREFIX_PATH=/opt/ros/humble /usr/bin/cmake --install /workspace/koch_control/build/interbotix_tf_tools
[0.351s] Level 1:colcon.colcon_core.environment:create_environment_scripts_only(interbotix_tf_tools)
[0.351s] Level 1:colcon.colcon_core.environment:checking '/workspace/koch_control/install/interbotix_tf_tools' for CMake module files
[0.352s] DEBUG:colcon.colcon_core.event_handler.log_command:Invoked command in '/workspace/koch_control/build/interbotix_tf_tools' returned '0': CMAKE_PREFIX_PATH=/opt/ros/humble /usr/bin/cmake --install /workspace/koch_control/build/interbotix_tf_tools
[0.353s] Level 1:colcon.colcon_core.environment:checking '/workspace/koch_control/install/interbotix_tf_tools' for CMake config files
[0.354s] Level 1:colcon.colcon_core.shell:create_environment_hook('interbotix_tf_tools', 'cmake_prefix_path')
[0.354s] INFO:colcon.colcon_core.shell:Creating environment hook '/workspace/koch_control/install/interbotix_tf_tools/share/interbotix_tf_tools/hook/cmake_prefix_path.ps1'
[0.355s] INFO:colcon.colcon_core.shell:Creating environment descriptor '/workspace/koch_control/install/interbotix_tf_tools/share/interbotix_tf_tools/hook/cmake_prefix_path.dsv'
[0.356s] INFO:colcon.colcon_core.shell:Creating environment hook '/workspace/koch_control/install/interbotix_tf_tools/share/interbotix_tf_tools/hook/cmake_prefix_path.sh'
[0.357s] Level 1:colcon.colcon_core.environment:checking '/workspace/koch_control/install/interbotix_tf_tools/lib'
[0.357s] Level 1:colcon.colcon_core.shell:create_environment_hook('interbotix_tf_tools', 'ld_library_path_lib')
[0.357s] INFO:colcon.colcon_core.shell:Creating environment hook '/workspace/koch_control/install/interbotix_tf_tools/share/interbotix_tf_tools/hook/ld_library_path_lib.ps1'
[0.357s] INFO:colcon.colcon_core.shell:Creating environment descriptor '/workspace/koch_control/install/interbotix_tf_tools/share/interbotix_tf_tools/hook/ld_library_path_lib.dsv'
[0.358s] INFO:colcon.colcon_core.shell:Creating environment hook '/workspace/koch_control/install/interbotix_tf_tools/share/interbotix_tf_tools/hook/ld_library_path_lib.sh'
[0.358s] Level 1:colcon.colcon_core.environment:checking '/workspace/koch_control/install/interbotix_tf_tools/bin'
[0.358s] Level 1:colcon.colcon_core.environment:checking '/workspace/koch_control/install/interbotix_tf_tools/lib/pkgconfig/interbotix_tf_tools.pc'
[0.358s] Level 1:colcon.colcon_core.environment:checking '/workspace/koch_control/install/interbotix_tf_tools/lib/python3.10/site-packages'
[0.358s] Level 1:colcon.colcon_core.environment:checking '/workspace/koch_control/install/interbotix_tf_tools/bin'
[0.358s] INFO:colcon.colcon_core.shell:Creating package script '/workspace/koch_control/install/interbotix_tf_tools/share/interbotix_tf_tools/package.ps1'
[0.359s] INFO:colcon.colcon_core.shell:Creating package descriptor '/workspace/koch_control/install/interbotix_tf_tools/share/interbotix_tf_tools/package.dsv'
[0.359s] INFO:colcon.colcon_core.shell:Creating package script '/workspace/koch_control/install/interbotix_tf_tools/share/interbotix_tf_tools/package.sh'
[0.359s] INFO:colcon.colcon_core.shell:Creating package script '/workspace/koch_control/install/interbotix_tf_tools/share/interbotix_tf_tools/package.bash'
[0.359s] INFO:colcon.colcon_core.shell:Creating package script '/workspace/koch_control/install/interbotix_tf_tools/share/interbotix_tf_tools/package.zsh'
[0.359s] Level 1:colcon.colcon_core.environment:create_file_with_runtime_dependencies(/workspace/koch_control/install/interbotix_tf_tools/share/colcon-core/packages/interbotix_tf_tools)
[0.359s] Level 1:colcon.colcon_core.environment:create_environment_scripts_only(interbotix_tf_tools)
[0.359s] Level 1:colcon.colcon_core.environment:checking '/workspace/koch_control/install/interbotix_tf_tools' for CMake module files
[0.360s] Level 1:colcon.colcon_core.environment:checking '/workspace/koch_control/install/interbotix_tf_tools' for CMake config files
[0.360s] Level 1:colcon.colcon_core.shell:create_environment_hook('interbotix_tf_tools', 'cmake_prefix_path')
[0.360s] INFO:colcon.colcon_core.shell:Creating environment hook '/workspace/koch_control/install/interbotix_tf_tools/share/interbotix_tf_tools/hook/cmake_prefix_path.ps1'
[0.360s] INFO:colcon.colcon_core.shell:Creating environment descriptor '/workspace/koch_control/install/interbotix_tf_tools/share/interbotix_tf_tools/hook/cmake_prefix_path.dsv'
[0.360s] INFO:colcon.colcon_core.shell:Creating environment hook '/workspace/koch_control/install/interbotix_tf_tools/share/interbotix_tf_tools/hook/cmake_prefix_path.sh'
[0.360s] Level 1:colcon.colcon_core.environment:checking '/workspace/koch_control/install/interbotix_tf_tools/lib'
[0.360s] Level 1:colcon.colcon_core.shell:create_environment_hook('interbotix_tf_tools', 'ld_library_path_lib')
[0.360s] INFO:colcon.colcon_core.shell:Creating environment hook '/workspace/koch_control/install/interbotix_tf_tools/share/interbotix_tf_tools/hook/ld_library_path_lib.ps1'
[0.360s] INFO:colcon.colcon_core.shell:Creating environment descriptor '/workspace/koch_control/install/interbotix_tf_tools/share/interbotix_tf_tools/hook/ld_library_path_lib.dsv'
[0.361s] INFO:colcon.colcon_core.shell:Creating environment hook '/workspace/koch_control/install/interbotix_tf_tools/share/interbotix_tf_tools/hook/ld_library_path_lib.sh'
[0.361s] Level 1:colcon.colcon_core.environment:checking '/workspace/koch_control/install/interbotix_tf_tools/bin'
[0.361s] Level 1:colcon.colcon_core.environment:checking '/workspace/koch_control/install/interbotix_tf_tools/lib/pkgconfig/interbotix_tf_tools.pc'
[0.361s] Level 1:colcon.colcon_core.environment:checking '/workspace/koch_control/install/interbotix_tf_tools/lib/python3.10/site-packages'
[0.361s] Level 1:colcon.colcon_core.environment:checking '/workspace/koch_control/install/interbotix_tf_tools/bin'
[0.361s] INFO:colcon.colcon_core.shell:Creating package script '/workspace/koch_control/install/interbotix_tf_tools/share/interbotix_tf_tools/package.ps1'
[0.361s] INFO:colcon.colcon_core.shell:Creating package descriptor '/workspace/koch_control/install/interbotix_tf_tools/share/interbotix_tf_tools/package.dsv'
[0.362s] INFO:colcon.colcon_core.shell:Creating package script '/workspace/koch_control/install/interbotix_tf_tools/share/interbotix_tf_tools/package.sh'
[0.362s] INFO:colcon.colcon_core.shell:Creating package script '/workspace/koch_control/install/interbotix_tf_tools/share/interbotix_tf_tools/package.bash'
[0.362s] INFO:colcon.colcon_core.shell:Creating package script '/workspace/koch_control/install/interbotix_tf_tools/share/interbotix_tf_tools/package.zsh'
[0.362s] Level 1:colcon.colcon_core.environment:create_file_with_runtime_dependencies(/workspace/koch_control/install/interbotix_tf_tools/share/colcon-core/packages/interbotix_tf_tools)
[0.367s] DEBUG:colcon.colcon_core.event_handler.log_command:Invoked command in '/workspace/koch_control/build/interbotix_xs_driver' returned '0': AMENT_PREFIX_PATH=/workspace/koch_control/install/dynamixel_workbench_toolbox:${AMENT_PREFIX_PATH} CMAKE_PREFIX_PATH=/workspace/koch_control/install/dynamixel_workbench_toolbox:/opt/ros/humble LD_LIBRARY_PATH=/workspace/koch_control/install/dynamixel_workbench_toolbox/lib:${LD_LIBRARY_PATH} /usr/bin/cmake --build /workspace/koch_control/build/interbotix_xs_driver -- -j32 -l32
[0.367s] DEBUG:colcon.colcon_core.event_handler.log_command:Invoking command in '/workspace/koch_control/build/interbotix_xs_driver': AMENT_PREFIX_PATH=/workspace/koch_control/install/dynamixel_workbench_toolbox:${AMENT_PREFIX_PATH} CMAKE_PREFIX_PATH=/workspace/koch_control/install/dynamixel_workbench_toolbox:/opt/ros/humble LD_LIBRARY_PATH=/workspace/koch_control/install/dynamixel_workbench_toolbox/lib:${LD_LIBRARY_PATH} /usr/bin/cmake --install /workspace/koch_control/build/interbotix_xs_driver
[0.376s] Level 1:colcon.colcon_core.environment:create_environment_scripts_only(interbotix_xs_driver)
[0.377s] Level 1:colcon.colcon_core.environment:checking '/workspace/koch_control/install/interbotix_xs_driver' for CMake module files
[0.377s] DEBUG:colcon.colcon_core.event_handler.log_command:Invoked command in '/workspace/koch_control/build/interbotix_xs_driver' returned '0': AMENT_PREFIX_PATH=/workspace/koch_control/install/dynamixel_workbench_toolbox:${AMENT_PREFIX_PATH} CMAKE_PREFIX_PATH=/workspace/koch_control/install/dynamixel_workbench_toolbox:/opt/ros/humble LD_LIBRARY_PATH=/workspace/koch_control/install/dynamixel_workbench_toolbox/lib:${LD_LIBRARY_PATH} /usr/bin/cmake --install /workspace/koch_control/build/interbotix_xs_driver
[0.377s] Level 1:colcon.colcon_core.environment:checking '/workspace/koch_control/install/interbotix_xs_driver' for CMake config files
[0.377s] Level 1:colcon.colcon_core.shell:create_environment_hook('interbotix_xs_driver', 'cmake_prefix_path')
[0.377s] INFO:colcon.colcon_core.shell:Creating environment hook '/workspace/koch_control/install/interbotix_xs_driver/share/interbotix_xs_driver/hook/cmake_prefix_path.ps1'
[0.378s] INFO:colcon.colcon_core.shell:Creating environment descriptor '/workspace/koch_control/install/interbotix_xs_driver/share/interbotix_xs_driver/hook/cmake_prefix_path.dsv'
[0.378s] INFO:colcon.colcon_core.shell:Creating environment hook '/workspace/koch_control/install/interbotix_xs_driver/share/interbotix_xs_driver/hook/cmake_prefix_path.sh'
[0.378s] Level 1:colcon.colcon_core.environment:checking '/workspace/koch_control/install/interbotix_xs_driver/lib'
[0.378s] Level 1:colcon.colcon_core.shell:create_environment_hook('interbotix_xs_driver', 'ld_library_path_lib')
[0.378s] INFO:colcon.colcon_core.shell:Creating environment hook '/workspace/koch_control/install/interbotix_xs_driver/share/interbotix_xs_driver/hook/ld_library_path_lib.ps1'
[0.378s] INFO:colcon.colcon_core.shell:Creating environment descriptor '/workspace/koch_control/install/interbotix_xs_driver/share/interbotix_xs_driver/hook/ld_library_path_lib.dsv'
[0.378s] INFO:colcon.colcon_core.shell:Creating environment hook '/workspace/koch_control/install/interbotix_xs_driver/share/interbotix_xs_driver/hook/ld_library_path_lib.sh'
[0.379s] Level 1:colcon.colcon_core.environment:checking '/workspace/koch_control/install/interbotix_xs_driver/bin'
[0.379s] Level 1:colcon.colcon_core.environment:checking '/workspace/koch_control/install/interbotix_xs_driver/lib/pkgconfig/interbotix_xs_driver.pc'
[0.379s] Level 1:colcon.colcon_core.environment:checking '/workspace/koch_control/install/interbotix_xs_driver/lib/python3.10/site-packages'
[0.379s] Level 1:colcon.colcon_core.environment:checking '/workspace/koch_control/install/interbotix_xs_driver/bin'
[0.379s] INFO:colcon.colcon_core.shell:Creating package script '/workspace/koch_control/install/interbotix_xs_driver/share/interbotix_xs_driver/package.ps1'
[0.380s] INFO:colcon.colcon_core.shell:Creating package descriptor '/workspace/koch_control/install/interbotix_xs_driver/share/interbotix_xs_driver/package.dsv'
[0.380s] INFO:colcon.colcon_core.shell:Creating package script '/workspace/koch_control/install/interbotix_xs_driver/share/interbotix_xs_driver/package.sh'
[0.380s] INFO:colcon.colcon_core.shell:Creating package script '/workspace/koch_control/install/interbotix_xs_driver/share/interbotix_xs_driver/package.bash'
[0.380s] INFO:colcon.colcon_core.shell:Creating package script '/workspace/koch_control/install/interbotix_xs_driver/share/interbotix_xs_driver/package.zsh'
[0.380s] Level 1:colcon.colcon_core.environment:create_file_with_runtime_dependencies(/workspace/koch_control/install/interbotix_xs_driver/share/colcon-core/packages/interbotix_xs_driver)
[0.381s] Level 1:colcon.colcon_core.environment:create_environment_scripts_only(interbotix_xs_driver)
[0.381s] Level 1:colcon.colcon_core.environment:checking '/workspace/koch_control/install/interbotix_xs_driver' for CMake module files
[0.381s] Level 1:colcon.colcon_core.environment:checking '/workspace/koch_control/install/interbotix_xs_driver' for CMake config files
[0.381s] Level 1:colcon.colcon_core.shell:create_environment_hook('interbotix_xs_driver', 'cmake_prefix_path')
[0.381s] INFO:colcon.colcon_core.shell:Creating environment hook '/workspace/koch_control/install/interbotix_xs_driver/share/interbotix_xs_driver/hook/cmake_prefix_path.ps1'
[0.381s] INFO:colcon.colcon_core.shell:Creating environment descriptor '/workspace/koch_control/install/interbotix_xs_driver/share/interbotix_xs_driver/hook/cmake_prefix_path.dsv'
[0.381s] INFO:colcon.colcon_core.shell:Creating environment hook '/workspace/koch_control/install/interbotix_xs_driver/share/interbotix_xs_driver/hook/cmake_prefix_path.sh'
[0.382s] Level 1:colcon.colcon_core.environment:checking '/workspace/koch_control/install/interbotix_xs_driver/lib'
[0.382s] Level 1:colcon.colcon_core.shell:create_environment_hook('interbotix_xs_driver', 'ld_library_path_lib')
[0.382s] INFO:colcon.colcon_core.shell:Creating environment hook '/workspace/koch_control/install/interbotix_xs_driver/share/interbotix_xs_driver/hook/ld_library_path_lib.ps1'
[0.382s] INFO:colcon.colcon_core.shell:Creating environment descriptor '/workspace/koch_control/install/interbotix_xs_driver/share/interbotix_xs_driver/hook/ld_library_path_lib.dsv'
[0.382s] INFO:colcon.colcon_core.shell:Creating environment hook '/workspace/koch_control/install/interbotix_xs_driver/share/interbotix_xs_driver/hook/ld_library_path_lib.sh'
[0.382s] Level 1:colcon.colcon_core.environment:checking '/workspace/koch_control/install/interbotix_xs_driver/bin'
[0.382s] Level 1:colcon.colcon_core.environment:checking '/workspace/koch_control/install/interbotix_xs_driver/lib/pkgconfig/interbotix_xs_driver.pc'
[0.382s] Level 1:colcon.colcon_core.environment:checking '/workspace/koch_control/install/interbotix_xs_driver/lib/python3.10/site-packages'
[0.382s] Level 1:colcon.colcon_core.environment:checking '/workspace/koch_control/install/interbotix_xs_driver/bin'
[0.382s] INFO:colcon.colcon_core.shell:Creating package script '/workspace/koch_control/install/interbotix_xs_driver/share/interbotix_xs_driver/package.ps1'
[0.383s] INFO:colcon.colcon_core.shell:Creating package descriptor '/workspace/koch_control/install/interbotix_xs_driver/share/interbotix_xs_driver/package.dsv'
[0.383s] INFO:colcon.colcon_core.shell:Creating package script '/workspace/koch_control/install/interbotix_xs_driver/share/interbotix_xs_driver/package.sh'
[0.383s] INFO:colcon.colcon_core.shell:Creating package script '/workspace/koch_control/install/interbotix_xs_driver/share/interbotix_xs_driver/package.bash'
[0.383s] INFO:colcon.colcon_core.shell:Creating package script '/workspace/koch_control/install/interbotix_xs_driver/share/interbotix_xs_driver/package.zsh'
[0.383s] Level 1:colcon.colcon_core.environment:create_file_with_runtime_dependencies(/workspace/koch_control/install/interbotix_xs_driver/share/colcon-core/packages/interbotix_xs_driver)
[0.384s] Level 1:colcon.colcon_core.environment:create_environment_scripts_only(interbotix_xs_msgs)
[0.384s] Level 1:colcon.colcon_core.environment:checking '/workspace/koch_control/install/interbotix_xs_msgs' for CMake module files
[0.384s] DEBUG:colcon.colcon_core.event_handler.log_command:Invoked command in '/workspace/koch_control/build/interbotix_xs_msgs' returned '0': CMAKE_PREFIX_PATH=/opt/ros/humble /usr/bin/cmake --install /workspace/koch_control/build/interbotix_xs_msgs
[0.385s] Level 1:colcon.colcon_core.environment:checking '/workspace/koch_control/install/interbotix_xs_msgs' for CMake config files
[0.385s] Level 1:colcon.colcon_core.shell:create_environment_hook('interbotix_xs_msgs', 'cmake_prefix_path')
[0.385s] INFO:colcon.colcon_core.shell:Creating environment hook '/workspace/koch_control/install/interbotix_xs_msgs/share/interbotix_xs_msgs/hook/cmake_prefix_path.ps1'
[0.385s] INFO:colcon.colcon_core.shell:Creating environment descriptor '/workspace/koch_control/install/interbotix_xs_msgs/share/interbotix_xs_msgs/hook/cmake_prefix_path.dsv'
[0.385s] INFO:colcon.colcon_core.shell:Creating environment hook '/workspace/koch_control/install/interbotix_xs_msgs/share/interbotix_xs_msgs/hook/cmake_prefix_path.sh'
[0.386s] Level 1:colcon.colcon_core.environment:checking '/workspace/koch_control/install/interbotix_xs_msgs/lib'
[0.386s] Level 1:colcon.colcon_core.shell:create_environment_hook('interbotix_xs_msgs', 'ld_library_path_lib')
[0.386s] INFO:colcon.colcon_core.shell:Creating environment hook '/workspace/koch_control/install/interbotix_xs_msgs/share/interbotix_xs_msgs/hook/ld_library_path_lib.ps1'
[0.386s] INFO:colcon.colcon_core.shell:Creating environment descriptor '/workspace/koch_control/install/interbotix_xs_msgs/share/interbotix_xs_msgs/hook/ld_library_path_lib.dsv'
[0.386s] INFO:colcon.colcon_core.shell:Creating environment hook '/workspace/koch_control/install/interbotix_xs_msgs/share/interbotix_xs_msgs/hook/ld_library_path_lib.sh'
[0.386s] Level 1:colcon.colcon_core.environment:checking '/workspace/koch_control/install/interbotix_xs_msgs/bin'
[0.386s] Level 1:colcon.colcon_core.environment:checking '/workspace/koch_control/install/interbotix_xs_msgs/lib/pkgconfig/interbotix_xs_msgs.pc'
[0.386s] Level 1:colcon.colcon_core.environment:checking '/workspace/koch_control/install/interbotix_xs_msgs/lib/python3.10/site-packages'
[0.386s] Level 1:colcon.colcon_core.environment:checking '/workspace/koch_control/install/interbotix_xs_msgs/bin'
[0.387s] INFO:colcon.colcon_core.shell:Creating package script '/workspace/koch_control/install/interbotix_xs_msgs/share/interbotix_xs_msgs/package.ps1'
[0.387s] INFO:colcon.colcon_core.shell:Creating package descriptor '/workspace/koch_control/install/interbotix_xs_msgs/share/interbotix_xs_msgs/package.dsv'
[0.387s] INFO:colcon.colcon_core.shell:Creating package script '/workspace/koch_control/install/interbotix_xs_msgs/share/interbotix_xs_msgs/package.sh'
[0.387s] INFO:colcon.colcon_core.shell:Creating package script '/workspace/koch_control/install/interbotix_xs_msgs/share/interbotix_xs_msgs/package.bash'
[0.387s] INFO:colcon.colcon_core.shell:Creating package script '/workspace/koch_control/install/interbotix_xs_msgs/share/interbotix_xs_msgs/package.zsh'
[0.387s] Level 1:colcon.colcon_core.environment:create_file_with_runtime_dependencies(/workspace/koch_control/install/interbotix_xs_msgs/share/colcon-core/packages/interbotix_xs_msgs)
[0.388s] Level 1:colcon.colcon_core.environment:create_environment_scripts_only(interbotix_xs_msgs)
[0.388s] Level 1:colcon.colcon_core.environment:checking '/workspace/koch_control/install/interbotix_xs_msgs' for CMake module files
[0.388s] Level 1:colcon.colcon_core.environment:checking '/workspace/koch_control/install/interbotix_xs_msgs' for CMake config files
[0.388s] Level 1:colcon.colcon_core.shell:create_environment_hook('interbotix_xs_msgs', 'cmake_prefix_path')
[0.388s] INFO:colcon.colcon_core.shell:Creating environment hook '/workspace/koch_control/install/interbotix_xs_msgs/share/interbotix_xs_msgs/hook/cmake_prefix_path.ps1'
[0.388s] INFO:colcon.colcon_core.shell:Creating environment descriptor '/workspace/koch_control/install/interbotix_xs_msgs/share/interbotix_xs_msgs/hook/cmake_prefix_path.dsv'
[0.388s] INFO:colcon.colcon_core.shell:Creating environment hook '/workspace/koch_control/install/interbotix_xs_msgs/share/interbotix_xs_msgs/hook/cmake_prefix_path.sh'
[0.389s] Level 1:colcon.colcon_core.environment:checking '/workspace/koch_control/install/interbotix_xs_msgs/lib'
[0.389s] Level 1:colcon.colcon_core.shell:create_environment_hook('interbotix_xs_msgs', 'ld_library_path_lib')
[0.389s] INFO:colcon.colcon_core.shell:Creating environment hook '/workspace/koch_control/install/interbotix_xs_msgs/share/interbotix_xs_msgs/hook/ld_library_path_lib.ps1'
[0.389s] INFO:colcon.colcon_core.shell:Creating environment descriptor '/workspace/koch_control/install/interbotix_xs_msgs/share/interbotix_xs_msgs/hook/ld_library_path_lib.dsv'
[0.389s] INFO:colcon.colcon_core.shell:Creating environment hook '/workspace/koch_control/install/interbotix_xs_msgs/share/interbotix_xs_msgs/hook/ld_library_path_lib.sh'
[0.389s] Level 1:colcon.colcon_core.environment:checking '/workspace/koch_control/install/interbotix_xs_msgs/bin'
[0.389s] Level 1:colcon.colcon_core.environment:checking '/workspace/koch_control/install/interbotix_xs_msgs/lib/pkgconfig/interbotix_xs_msgs.pc'
[0.389s] Level 1:colcon.colcon_core.environment:checking '/workspace/koch_control/install/interbotix_xs_msgs/lib/python3.10/site-packages'
[0.389s] Level 1:colcon.colcon_core.environment:checking '/workspace/koch_control/install/interbotix_xs_msgs/bin'
[0.390s] INFO:colcon.colcon_core.shell:Creating package script '/workspace/koch_control/install/interbotix_xs_msgs/share/interbotix_xs_msgs/package.ps1'
[0.390s] INFO:colcon.colcon_core.shell:Creating package descriptor '/workspace/koch_control/install/interbotix_xs_msgs/share/interbotix_xs_msgs/package.dsv'
[0.390s] INFO:colcon.colcon_core.shell:Creating package script '/workspace/koch_control/install/interbotix_xs_msgs/share/interbotix_xs_msgs/package.sh'
[0.390s] INFO:colcon.colcon_core.shell:Creating package script '/workspace/koch_control/install/interbotix_xs_msgs/share/interbotix_xs_msgs/package.bash'
[0.390s] INFO:colcon.colcon_core.shell:Creating package script '/workspace/koch_control/install/interbotix_xs_msgs/share/interbotix_xs_msgs/package.zsh'
[0.390s] Level 1:colcon.colcon_core.environment:create_file_with_runtime_dependencies(/workspace/koch_control/install/interbotix_xs_msgs/share/colcon-core/packages/interbotix_xs_msgs)
[0.391s] INFO:colcon.colcon_ros.task.ament_cmake.build:Building ROS package in '/workspace/koch_control/interbotix_ros_core/interbotix_ros_xseries/interbotix_xs_sdk' with build type 'ament_cmake'
[0.391s] INFO:colcon.colcon_cmake.task.cmake.build:Building CMake package in '/workspace/koch_control/interbotix_ros_core/interbotix_ros_xseries/interbotix_xs_sdk'
[0.391s] INFO:colcon.colcon_core.shell:Skip shell extension 'powershell' for command environment: Not usable outside of PowerShell
[0.391s] DEBUG:colcon.colcon_core.shell:Skip shell extension 'dsv' for command environment
[0.392s] INFO:colcon.colcon_ros.task.ament_cmake.build:Building ROS package in '/workspace/koch_control/interbotix_ros_toolboxes/interbotix_xs_toolbox/interbotix_xs_ros_control' with build type 'ament_cmake'
[0.392s] INFO:colcon.colcon_cmake.task.cmake.build:Building CMake package in '/workspace/koch_control/interbotix_ros_toolboxes/interbotix_xs_toolbox/interbotix_xs_ros_control'
[0.392s] INFO:colcon.colcon_core.shell:Skip shell extension 'powershell' for command environment: Not usable outside of PowerShell
[0.392s] DEBUG:colcon.colcon_core.shell:Skip shell extension 'dsv' for command environment
[0.393s] INFO:colcon.colcon_ros.task.ament_cmake.build:Building ROS package in '/workspace/koch_control/interbotix_ros_toolboxes/interbotix_common_toolbox/interbotix_gravity_compensation' with build type 'ament_cmake'
[0.393s] INFO:colcon.colcon_cmake.task.cmake.build:Building CMake package in '/workspace/koch_control/interbotix_ros_toolboxes/interbotix_common_toolbox/interbotix_gravity_compensation'
[0.393s] INFO:colcon.colcon_core.shell:Skip shell extension 'powershell' for command environment: Not usable outside of PowerShell
[0.393s] DEBUG:colcon.colcon_core.shell:Skip shell extension 'dsv' for command environment
[0.396s] DEBUG:colcon.colcon_core.event_handler.log_command:Invoking command in '/workspace/koch_control/build/interbotix_xs_sdk': AMENT_PREFIX_PATH=/workspace/koch_control/install/interbotix_xs_driver:/workspace/koch_control/install/interbotix_xs_msgs:/workspace/koch_control/install/dynamixel_workbench_toolbox:${AMENT_PREFIX_PATH} CMAKE_PREFIX_PATH=/workspace/koch_control/install/interbotix_xs_driver:/workspace/koch_control/install/interbotix_xs_msgs:/workspace/koch_control/install/dynamixel_workbench_toolbox:/opt/ros/humble LD_LIBRARY_PATH=/workspace/koch_control/install/interbotix_xs_driver/lib:/workspace/koch_control/install/interbotix_xs_msgs/lib:/workspace/koch_control/install/dynamixel_workbench_toolbox/lib:${LD_LIBRARY_PATH} PYTHONPATH=/workspace/koch_control/install/interbotix_xs_msgs/local/lib/python3.10/dist-packages:${PYTHONPATH} /usr/bin/cmake --build /workspace/koch_control/build/interbotix_xs_sdk -- -j32 -l32
[0.397s] DEBUG:colcon.colcon_core.event_handler.log_command:Invoking command in '/workspace/koch_control/build/interbotix_xs_ros_control': AMENT_PREFIX_PATH=/workspace/koch_control/install/interbotix_xs_msgs:${AMENT_PREFIX_PATH} CMAKE_PREFIX_PATH=/workspace/koch_control/install/interbotix_xs_msgs:/opt/ros/humble LD_LIBRARY_PATH=/workspace/koch_control/install/interbotix_xs_msgs/lib:${LD_LIBRARY_PATH} PYTHONPATH=/workspace/koch_control/install/interbotix_xs_msgs/local/lib/python3.10/dist-packages:${PYTHONPATH} /usr/bin/cmake --build /workspace/koch_control/build/interbotix_xs_ros_control -- -j32 -l32
[0.398s] DEBUG:colcon.colcon_core.event_handler.log_command:Invoking command in '/workspace/koch_control/build/interbotix_gravity_compensation': AMENT_PREFIX_PATH=/workspace/koch_control/install/interbotix_xs_msgs:${AMENT_PREFIX_PATH} CMAKE_PREFIX_PATH=/workspace/koch_control/install/interbotix_xs_msgs:/opt/ros/humble LD_LIBRARY_PATH=/workspace/koch_control/install/interbotix_xs_msgs/lib:${LD_LIBRARY_PATH} PYTHONPATH=/workspace/koch_control/install/interbotix_xs_msgs/local/lib/python3.10/dist-packages:${PYTHONPATH} /usr/bin/cmake --build /workspace/koch_control/build/interbotix_gravity_compensation -- -j32 -l32
[0.427s] DEBUG:colcon.colcon_core.event_handler.log_command:Invoked command in '/workspace/koch_control/build/interbotix_gravity_compensation' returned '0': AMENT_PREFIX_PATH=/workspace/koch_control/install/interbotix_xs_msgs:${AMENT_PREFIX_PATH} CMAKE_PREFIX_PATH=/workspace/koch_control/install/interbotix_xs_msgs:/opt/ros/humble LD_LIBRARY_PATH=/workspace/koch_control/install/interbotix_xs_msgs/lib:${LD_LIBRARY_PATH} PYTHONPATH=/workspace/koch_control/install/interbotix_xs_msgs/local/lib/python3.10/dist-packages:${PYTHONPATH} /usr/bin/cmake --build /workspace/koch_control/build/interbotix_gravity_compensation -- -j32 -l32
[0.428s] DEBUG:colcon.colcon_core.event_handler.log_command:Invoking command in '/workspace/koch_control/build/interbotix_gravity_compensation': AMENT_PREFIX_PATH=/workspace/koch_control/install/interbotix_xs_msgs:${AMENT_PREFIX_PATH} CMAKE_PREFIX_PATH=/workspace/koch_control/install/interbotix_xs_msgs:/opt/ros/humble LD_LIBRARY_PATH=/workspace/koch_control/install/interbotix_xs_msgs/lib:${LD_LIBRARY_PATH} PYTHONPATH=/workspace/koch_control/install/interbotix_xs_msgs/local/lib/python3.10/dist-packages:${PYTHONPATH} /usr/bin/cmake --install /workspace/koch_control/build/interbotix_gravity_compensation
[0.428s] DEBUG:colcon.colcon_core.event_handler.log_command:Invoked command in '/workspace/koch_control/build/interbotix_xs_sdk' returned '0': AMENT_PREFIX_PATH=/workspace/koch_control/install/interbotix_xs_driver:/workspace/koch_control/install/interbotix_xs_msgs:/workspace/koch_control/install/dynamixel_workbench_toolbox:${AMENT_PREFIX_PATH} CMAKE_PREFIX_PATH=/workspace/koch_control/install/interbotix_xs_driver:/workspace/koch_control/install/interbotix_xs_msgs:/workspace/koch_control/install/dynamixel_workbench_toolbox:/opt/ros/humble LD_LIBRARY_PATH=/workspace/koch_control/install/interbotix_xs_driver/lib:/workspace/koch_control/install/interbotix_xs_msgs/lib:/workspace/koch_control/install/dynamixel_workbench_toolbox/lib:${LD_LIBRARY_PATH} PYTHONPATH=/workspace/koch_control/install/interbotix_xs_msgs/local/lib/python3.10/dist-packages:${PYTHONPATH} /usr/bin/cmake --build /workspace/koch_control/build/interbotix_xs_sdk -- -j32 -l32
[0.429s] DEBUG:colcon.colcon_core.event_handler.log_command:Invoking command in '/workspace/koch_control/build/interbotix_xs_sdk': AMENT_PREFIX_PATH=/workspace/koch_control/install/interbotix_xs_driver:/workspace/koch_control/install/interbotix_xs_msgs:/workspace/koch_control/install/dynamixel_workbench_toolbox:${AMENT_PREFIX_PATH} CMAKE_PREFIX_PATH=/workspace/koch_control/install/interbotix_xs_driver:/workspace/koch_control/install/interbotix_xs_msgs:/workspace/koch_control/install/dynamixel_workbench_toolbox:/opt/ros/humble LD_LIBRARY_PATH=/workspace/koch_control/install/interbotix_xs_driver/lib:/workspace/koch_control/install/interbotix_xs_msgs/lib:/workspace/koch_control/install/dynamixel_workbench_toolbox/lib:${LD_LIBRARY_PATH} PYTHONPATH=/workspace/koch_control/install/interbotix_xs_msgs/local/lib/python3.10/dist-packages:${PYTHONPATH} /usr/bin/cmake --install /workspace/koch_control/build/interbotix_xs_sdk
[0.436s] Level 1:colcon.colcon_core.environment:create_environment_scripts_only(interbotix_gravity_compensation)
[0.437s] Level 1:colcon.colcon_core.environment:checking '/workspace/koch_control/install/interbotix_gravity_compensation' for CMake module files
[0.437s] DEBUG:colcon.colcon_core.event_handler.log_command:Invoked command in '/workspace/koch_control/build/interbotix_gravity_compensation' returned '0': AMENT_PREFIX_PATH=/workspace/koch_control/install/interbotix_xs_msgs:${AMENT_PREFIX_PATH} CMAKE_PREFIX_PATH=/workspace/koch_control/install/interbotix_xs_msgs:/opt/ros/humble LD_LIBRARY_PATH=/workspace/koch_control/install/interbotix_xs_msgs/lib:${LD_LIBRARY_PATH} PYTHONPATH=/workspace/koch_control/install/interbotix_xs_msgs/local/lib/python3.10/dist-packages:${PYTHONPATH} /usr/bin/cmake --install /workspace/koch_control/build/interbotix_gravity_compensation
[0.437s] Level 1:colcon.colcon_core.environment:checking '/workspace/koch_control/install/interbotix_gravity_compensation' for CMake config files
[0.437s] Level 1:colcon.colcon_core.shell:create_environment_hook('interbotix_gravity_compensation', 'cmake_prefix_path')
[0.438s] INFO:colcon.colcon_core.shell:Creating environment hook '/workspace/koch_control/install/interbotix_gravity_compensation/share/interbotix_gravity_compensation/hook/cmake_prefix_path.ps1'
[0.438s] INFO:colcon.colcon_core.shell:Creating environment descriptor '/workspace/koch_control/install/interbotix_gravity_compensation/share/interbotix_gravity_compensation/hook/cmake_prefix_path.dsv'
[0.438s] INFO:colcon.colcon_core.shell:Creating environment hook '/workspace/koch_control/install/interbotix_gravity_compensation/share/interbotix_gravity_compensation/hook/cmake_prefix_path.sh'
[0.438s] Level 1:colcon.colcon_core.environment:checking '/workspace/koch_control/install/interbotix_gravity_compensation/lib'
[0.438s] Level 1:colcon.colcon_core.environment:checking '/workspace/koch_control/install/interbotix_gravity_compensation/bin'
[0.438s] Level 1:colcon.colcon_core.environment:checking '/workspace/koch_control/install/interbotix_gravity_compensation/lib/pkgconfig/interbotix_gravity_compensation.pc'
[0.439s] Level 1:colcon.colcon_core.environment:checking '/workspace/koch_control/install/interbotix_gravity_compensation/lib/python3.10/site-packages'
[0.439s] Level 1:colcon.colcon_core.environment:checking '/workspace/koch_control/install/interbotix_gravity_compensation/bin'
[0.439s] INFO:colcon.colcon_core.shell:Creating package script '/workspace/koch_control/install/interbotix_gravity_compensation/share/interbotix_gravity_compensation/package.ps1'
[0.439s] INFO:colcon.colcon_core.shell:Creating package descriptor '/workspace/koch_control/install/interbotix_gravity_compensation/share/interbotix_gravity_compensation/package.dsv'
[0.439s] INFO:colcon.colcon_core.shell:Creating package script '/workspace/koch_control/install/interbotix_gravity_compensation/share/interbotix_gravity_compensation/package.sh'
[0.439s] INFO:colcon.colcon_core.shell:Creating package script '/workspace/koch_control/install/interbotix_gravity_compensation/share/interbotix_gravity_compensation/package.bash'
[0.439s] INFO:colcon.colcon_core.shell:Creating package script '/workspace/koch_control/install/interbotix_gravity_compensation/share/interbotix_gravity_compensation/package.zsh'
[0.440s] Level 1:colcon.colcon_core.environment:create_file_with_runtime_dependencies(/workspace/koch_control/install/interbotix_gravity_compensation/share/colcon-core/packages/interbotix_gravity_compensation)
[0.440s] Level 1:colcon.colcon_core.environment:create_environment_scripts_only(interbotix_gravity_compensation)
[0.440s] Level 1:colcon.colcon_core.environment:checking '/workspace/koch_control/install/interbotix_gravity_compensation' for CMake module files
[0.440s] Level 1:colcon.colcon_core.environment:checking '/workspace/koch_control/install/interbotix_gravity_compensation' for CMake config files
[0.440s] Level 1:colcon.colcon_core.shell:create_environment_hook('interbotix_gravity_compensation', 'cmake_prefix_path')
[0.440s] INFO:colcon.colcon_core.shell:Creating environment hook '/workspace/koch_control/install/interbotix_gravity_compensation/share/interbotix_gravity_compensation/hook/cmake_prefix_path.ps1'
[0.440s] INFO:colcon.colcon_core.shell:Creating environment descriptor '/workspace/koch_control/install/interbotix_gravity_compensation/share/interbotix_gravity_compensation/hook/cmake_prefix_path.dsv'
[0.441s] INFO:colcon.colcon_core.shell:Creating environment hook '/workspace/koch_control/install/interbotix_gravity_compensation/share/interbotix_gravity_compensation/hook/cmake_prefix_path.sh'
[0.441s] Level 1:colcon.colcon_core.environment:checking '/workspace/koch_control/install/interbotix_gravity_compensation/lib'
[0.441s] Level 1:colcon.colcon_core.environment:checking '/workspace/koch_control/install/interbotix_gravity_compensation/bin'
[0.441s] Level 1:colcon.colcon_core.environment:checking '/workspace/koch_control/install/interbotix_gravity_compensation/lib/pkgconfig/interbotix_gravity_compensation.pc'
[0.441s] Level 1:colcon.colcon_core.environment:checking '/workspace/koch_control/install/interbotix_gravity_compensation/lib/python3.10/site-packages'
[0.441s] Level 1:colcon.colcon_core.environment:checking '/workspace/koch_control/install/interbotix_gravity_compensation/bin'
[0.441s] INFO:colcon.colcon_core.shell:Creating package script '/workspace/koch_control/install/interbotix_gravity_compensation/share/interbotix_gravity_compensation/package.ps1'
[0.441s] INFO:colcon.colcon_core.shell:Creating package descriptor '/workspace/koch_control/install/interbotix_gravity_compensation/share/interbotix_gravity_compensation/package.dsv'
[0.442s] INFO:colcon.colcon_core.shell:Creating package script '/workspace/koch_control/install/interbotix_gravity_compensation/share/interbotix_gravity_compensation/package.sh'
[0.442s] INFO:colcon.colcon_core.shell:Creating package script '/workspace/koch_control/install/interbotix_gravity_compensation/share/interbotix_gravity_compensation/package.bash'
[0.442s] INFO:colcon.colcon_core.shell:Creating package script '/workspace/koch_control/install/interbotix_gravity_compensation/share/interbotix_gravity_compensation/package.zsh'
[0.442s] Level 1:colcon.colcon_core.environment:create_file_with_runtime_dependencies(/workspace/koch_control/install/interbotix_gravity_compensation/share/colcon-core/packages/interbotix_gravity_compensation)
[0.443s] DEBUG:colcon.colcon_core.event_handler.log_command:Invoked command in '/workspace/koch_control/build/interbotix_xs_ros_control' returned '0': AMENT_PREFIX_PATH=/workspace/koch_control/install/interbotix_xs_msgs:${AMENT_PREFIX_PATH} CMAKE_PREFIX_PATH=/workspace/koch_control/install/interbotix_xs_msgs:/opt/ros/humble LD_LIBRARY_PATH=/workspace/koch_control/install/interbotix_xs_msgs/lib:${LD_LIBRARY_PATH} PYTHONPATH=/workspace/koch_control/install/interbotix_xs_msgs/local/lib/python3.10/dist-packages:${PYTHONPATH} /usr/bin/cmake --build /workspace/koch_control/build/interbotix_xs_ros_control -- -j32 -l32
[0.443s] DEBUG:colcon.colcon_core.event_handler.log_command:Invoking command in '/workspace/koch_control/build/interbotix_xs_ros_control': AMENT_PREFIX_PATH=/workspace/koch_control/install/interbotix_xs_msgs:${AMENT_PREFIX_PATH} CMAKE_PREFIX_PATH=/workspace/koch_control/install/interbotix_xs_msgs:/opt/ros/humble LD_LIBRARY_PATH=/workspace/koch_control/install/interbotix_xs_msgs/lib:${LD_LIBRARY_PATH} PYTHONPATH=/workspace/koch_control/install/interbotix_xs_msgs/local/lib/python3.10/dist-packages:${PYTHONPATH} /usr/bin/cmake --install /workspace/koch_control/build/interbotix_xs_ros_control
[0.444s] Level 1:colcon.colcon_core.environment:create_environment_scripts_only(interbotix_xs_sdk)
[0.444s] Level 1:colcon.colcon_core.environment:checking '/workspace/koch_control/install/interbotix_xs_sdk' for CMake module files
[0.444s] DEBUG:colcon.colcon_core.event_handler.log_command:Invoked command in '/workspace/koch_control/build/interbotix_xs_sdk' returned '0': AMENT_PREFIX_PATH=/workspace/koch_control/install/interbotix_xs_driver:/workspace/koch_control/install/interbotix_xs_msgs:/workspace/koch_control/install/dynamixel_workbench_toolbox:${AMENT_PREFIX_PATH} CMAKE_PREFIX_PATH=/workspace/koch_control/install/interbotix_xs_driver:/workspace/koch_control/install/interbotix_xs_msgs:/workspace/koch_control/install/dynamixel_workbench_toolbox:/opt/ros/humble LD_LIBRARY_PATH=/workspace/koch_control/install/interbotix_xs_driver/lib:/workspace/koch_control/install/interbotix_xs_msgs/lib:/workspace/koch_control/install/dynamixel_workbench_toolbox/lib:${LD_LIBRARY_PATH} PYTHONPATH=/workspace/koch_control/install/interbotix_xs_msgs/local/lib/python3.10/dist-packages:${PYTHONPATH} /usr/bin/cmake --install /workspace/koch_control/build/interbotix_xs_sdk
[0.444s] Level 1:colcon.colcon_core.environment:checking '/workspace/koch_control/install/interbotix_xs_sdk' for CMake config files
[0.444s] Level 1:colcon.colcon_core.shell:create_environment_hook('interbotix_xs_sdk', 'cmake_prefix_path')
[0.444s] INFO:colcon.colcon_core.shell:Creating environment hook '/workspace/koch_control/install/interbotix_xs_sdk/share/interbotix_xs_sdk/hook/cmake_prefix_path.ps1'
[0.445s] INFO:colcon.colcon_core.shell:Creating environment descriptor '/workspace/koch_control/install/interbotix_xs_sdk/share/interbotix_xs_sdk/hook/cmake_prefix_path.dsv'
[0.445s] INFO:colcon.colcon_core.shell:Creating environment hook '/workspace/koch_control/install/interbotix_xs_sdk/share/interbotix_xs_sdk/hook/cmake_prefix_path.sh'
[0.445s] Level 1:colcon.colcon_core.environment:checking '/workspace/koch_control/install/interbotix_xs_sdk/lib'
[0.445s] Level 1:colcon.colcon_core.environment:checking '/workspace/koch_control/install/interbotix_xs_sdk/bin'
[0.445s] Level 1:colcon.colcon_core.environment:checking '/workspace/koch_control/install/interbotix_xs_sdk/lib/pkgconfig/interbotix_xs_sdk.pc'
[0.445s] Level 1:colcon.colcon_core.environment:checking '/workspace/koch_control/install/interbotix_xs_sdk/lib/python3.10/site-packages'
[0.445s] Level 1:colcon.colcon_core.environment:checking '/workspace/koch_control/install/interbotix_xs_sdk/bin'
[0.445s] INFO:colcon.colcon_core.shell:Creating package script '/workspace/koch_control/install/interbotix_xs_sdk/share/interbotix_xs_sdk/package.ps1'
[0.445s] INFO:colcon.colcon_core.shell:Creating package descriptor '/workspace/koch_control/install/interbotix_xs_sdk/share/interbotix_xs_sdk/package.dsv'
[0.446s] INFO:colcon.colcon_core.shell:Creating package script '/workspace/koch_control/install/interbotix_xs_sdk/share/interbotix_xs_sdk/package.sh'
[0.446s] INFO:colcon.colcon_core.shell:Creating package script '/workspace/koch_control/install/interbotix_xs_sdk/share/interbotix_xs_sdk/package.bash'
[0.446s] INFO:colcon.colcon_core.shell:Creating package script '/workspace/koch_control/install/interbotix_xs_sdk/share/interbotix_xs_sdk/package.zsh'
[0.446s] Level 1:colcon.colcon_core.environment:create_file_with_runtime_dependencies(/workspace/koch_control/install/interbotix_xs_sdk/share/colcon-core/packages/interbotix_xs_sdk)
[0.446s] Level 1:colcon.colcon_core.environment:create_environment_scripts_only(interbotix_xs_sdk)
[0.446s] Level 1:colcon.colcon_core.environment:checking '/workspace/koch_control/install/interbotix_xs_sdk' for CMake module files
[0.447s] Level 1:colcon.colcon_core.environment:checking '/workspace/koch_control/install/interbotix_xs_sdk' for CMake config files
[0.447s] Level 1:colcon.colcon_core.shell:create_environment_hook('interbotix_xs_sdk', 'cmake_prefix_path')
[0.448s] INFO:colcon.colcon_core.shell:Creating environment hook '/workspace/koch_control/install/interbotix_xs_sdk/share/interbotix_xs_sdk/hook/cmake_prefix_path.ps1'
[0.448s] INFO:colcon.colcon_core.shell:Creating environment descriptor '/workspace/koch_control/install/interbotix_xs_sdk/share/interbotix_xs_sdk/hook/cmake_prefix_path.dsv'
[0.448s] INFO:colcon.colcon_core.shell:Creating environment hook '/workspace/koch_control/install/interbotix_xs_sdk/share/interbotix_xs_sdk/hook/cmake_prefix_path.sh'
[0.448s] Level 1:colcon.colcon_core.environment:checking '/workspace/koch_control/install/interbotix_xs_sdk/lib'
[0.448s] Level 1:colcon.colcon_core.environment:checking '/workspace/koch_control/install/interbotix_xs_sdk/bin'
[0.448s] Level 1:colcon.colcon_core.environment:checking '/workspace/koch_control/install/interbotix_xs_sdk/lib/pkgconfig/interbotix_xs_sdk.pc'
[0.448s] Level 1:colcon.colcon_core.environment:checking '/workspace/koch_control/install/interbotix_xs_sdk/lib/python3.10/site-packages'
[0.449s] Level 1:colcon.colcon_core.environment:checking '/workspace/koch_control/install/interbotix_xs_sdk/bin'
[0.449s] INFO:colcon.colcon_core.shell:Creating package script '/workspace/koch_control/install/interbotix_xs_sdk/share/interbotix_xs_sdk/package.ps1'
[0.449s] INFO:colcon.colcon_core.shell:Creating package descriptor '/workspace/koch_control/install/interbotix_xs_sdk/share/interbotix_xs_sdk/package.dsv'
[0.449s] INFO:colcon.colcon_core.shell:Creating package script '/workspace/koch_control/install/interbotix_xs_sdk/share/interbotix_xs_sdk/package.sh'
[0.449s] INFO:colcon.colcon_core.shell:Creating package script '/workspace/koch_control/install/interbotix_xs_sdk/share/interbotix_xs_sdk/package.bash'
[0.449s] INFO:colcon.colcon_core.shell:Creating package script '/workspace/koch_control/install/interbotix_xs_sdk/share/interbotix_xs_sdk/package.zsh'
[0.450s] Level 1:colcon.colcon_core.environment:create_file_with_runtime_dependencies(/workspace/koch_control/install/interbotix_xs_sdk/share/colcon-core/packages/interbotix_xs_sdk)
[0.450s] INFO:colcon.colcon_ros.task.ament_cmake.build:Building ROS package in '/workspace/koch_control/interbotix_ros_core/interbotix_ros_xseries/interbotix_ros_xseries' with build type 'ament_cmake'
[0.450s] INFO:colcon.colcon_cmake.task.cmake.build:Building CMake package in '/workspace/koch_control/interbotix_ros_core/interbotix_ros_xseries/interbotix_ros_xseries'
[0.450s] INFO:colcon.colcon_core.shell:Skip shell extension 'powershell' for command environment: Not usable outside of PowerShell
[0.450s] DEBUG:colcon.colcon_core.shell:Skip shell extension 'dsv' for command environment
[0.454s] Level 1:colcon.colcon_core.environment:create_environment_scripts_only(interbotix_xs_ros_control)
[0.454s] Level 1:colcon.colcon_core.environment:checking '/workspace/koch_control/install/interbotix_xs_ros_control' for CMake module files
[0.454s] DEBUG:colcon.colcon_core.event_handler.log_command:Invoked command in '/workspace/koch_control/build/interbotix_xs_ros_control' returned '0': AMENT_PREFIX_PATH=/workspace/koch_control/install/interbotix_xs_msgs:${AMENT_PREFIX_PATH} CMAKE_PREFIX_PATH=/workspace/koch_control/install/interbotix_xs_msgs:/opt/ros/humble LD_LIBRARY_PATH=/workspace/koch_control/install/interbotix_xs_msgs/lib:${LD_LIBRARY_PATH} PYTHONPATH=/workspace/koch_control/install/interbotix_xs_msgs/local/lib/python3.10/dist-packages:${PYTHONPATH} /usr/bin/cmake --install /workspace/koch_control/build/interbotix_xs_ros_control
[0.455s] Level 1:colcon.colcon_core.environment:checking '/workspace/koch_control/install/interbotix_xs_ros_control' for CMake config files
[0.455s] Level 1:colcon.colcon_core.shell:create_environment_hook('interbotix_xs_ros_control', 'cmake_prefix_path')
[0.455s] INFO:colcon.colcon_core.shell:Creating environment hook '/workspace/koch_control/install/interbotix_xs_ros_control/share/interbotix_xs_ros_control/hook/cmake_prefix_path.ps1'
[0.455s] INFO:colcon.colcon_core.shell:Creating environment descriptor '/workspace/koch_control/install/interbotix_xs_ros_control/share/interbotix_xs_ros_control/hook/cmake_prefix_path.dsv'
[0.455s] INFO:colcon.colcon_core.shell:Creating environment hook '/workspace/koch_control/install/interbotix_xs_ros_control/share/interbotix_xs_ros_control/hook/cmake_prefix_path.sh'
[0.456s] Level 1:colcon.colcon_core.environment:checking '/workspace/koch_control/install/interbotix_xs_ros_control/lib'
[0.456s] Level 1:colcon.colcon_core.shell:create_environment_hook('interbotix_xs_ros_control', 'ld_library_path_lib')
[0.456s] INFO:colcon.colcon_core.shell:Creating environment hook '/workspace/koch_control/install/interbotix_xs_ros_control/share/interbotix_xs_ros_control/hook/ld_library_path_lib.ps1'
[0.456s] INFO:colcon.colcon_core.shell:Creating environment descriptor '/workspace/koch_control/install/interbotix_xs_ros_control/share/interbotix_xs_ros_control/hook/ld_library_path_lib.dsv'
[0.456s] INFO:colcon.colcon_core.shell:Creating environment hook '/workspace/koch_control/install/interbotix_xs_ros_control/share/interbotix_xs_ros_control/hook/ld_library_path_lib.sh'
[0.456s] Level 1:colcon.colcon_core.environment:checking '/workspace/koch_control/install/interbotix_xs_ros_control/bin'
[0.456s] Level 1:colcon.colcon_core.environment:checking '/workspace/koch_control/install/interbotix_xs_ros_control/lib/pkgconfig/interbotix_xs_ros_control.pc'
[0.456s] Level 1:colcon.colcon_core.environment:checking '/workspace/koch_control/install/interbotix_xs_ros_control/lib/python3.10/site-packages'
[0.456s] Level 1:colcon.colcon_core.environment:checking '/workspace/koch_control/install/interbotix_xs_ros_control/bin'
[0.457s] INFO:colcon.colcon_core.shell:Creating package script '/workspace/koch_control/install/interbotix_xs_ros_control/share/interbotix_xs_ros_control/package.ps1'
[0.457s] INFO:colcon.colcon_core.shell:Creating package descriptor '/workspace/koch_control/install/interbotix_xs_ros_control/share/interbotix_xs_ros_control/package.dsv'
[0.457s] INFO:colcon.colcon_core.shell:Creating package script '/workspace/koch_control/install/interbotix_xs_ros_control/share/interbotix_xs_ros_control/package.sh'
[0.457s] INFO:colcon.colcon_core.shell:Creating package script '/workspace/koch_control/install/interbotix_xs_ros_control/share/interbotix_xs_ros_control/package.bash'
[0.457s] INFO:colcon.colcon_core.shell:Creating package script '/workspace/koch_control/install/interbotix_xs_ros_control/share/interbotix_xs_ros_control/package.zsh'
[0.457s] Level 1:colcon.colcon_core.environment:create_file_with_runtime_dependencies(/workspace/koch_control/install/interbotix_xs_ros_control/share/colcon-core/packages/interbotix_xs_ros_control)
[0.458s] Level 1:colcon.colcon_core.environment:create_environment_scripts_only(interbotix_xs_ros_control)
[0.458s] Level 1:colcon.colcon_core.environment:checking '/workspace/koch_control/install/interbotix_xs_ros_control' for CMake module files
[0.458s] Level 1:colcon.colcon_core.environment:checking '/workspace/koch_control/install/interbotix_xs_ros_control' for CMake config files
[0.458s] Level 1:colcon.colcon_core.shell:create_environment_hook('interbotix_xs_ros_control', 'cmake_prefix_path')
[0.458s] INFO:colcon.colcon_core.shell:Creating environment hook '/workspace/koch_control/install/interbotix_xs_ros_control/share/interbotix_xs_ros_control/hook/cmake_prefix_path.ps1'
[0.458s] INFO:colcon.colcon_core.shell:Creating environment descriptor '/workspace/koch_control/install/interbotix_xs_ros_control/share/interbotix_xs_ros_control/hook/cmake_prefix_path.dsv'
[0.458s] INFO:colcon.colcon_core.shell:Creating environment hook '/workspace/koch_control/install/interbotix_xs_ros_control/share/interbotix_xs_ros_control/hook/cmake_prefix_path.sh'
[0.459s] Level 1:colcon.colcon_core.environment:checking '/workspace/koch_control/install/interbotix_xs_ros_control/lib'
[0.459s] Level 1:colcon.colcon_core.shell:create_environment_hook('interbotix_xs_ros_control', 'ld_library_path_lib')
[0.459s] INFO:colcon.colcon_core.shell:Creating environment hook '/workspace/koch_control/install/interbotix_xs_ros_control/share/interbotix_xs_ros_control/hook/ld_library_path_lib.ps1'
[0.459s] INFO:colcon.colcon_core.shell:Creating environment descriptor '/workspace/koch_control/install/interbotix_xs_ros_control/share/interbotix_xs_ros_control/hook/ld_library_path_lib.dsv'
[0.459s] INFO:colcon.colcon_core.shell:Creating environment hook '/workspace/koch_control/install/interbotix_xs_ros_control/share/interbotix_xs_ros_control/hook/ld_library_path_lib.sh'
[0.459s] Level 1:colcon.colcon_core.environment:checking '/workspace/koch_control/install/interbotix_xs_ros_control/bin'
[0.459s] Level 1:colcon.colcon_core.environment:checking '/workspace/koch_control/install/interbotix_xs_ros_control/lib/pkgconfig/interbotix_xs_ros_control.pc'
[0.459s] Level 1:colcon.colcon_core.environment:checking '/workspace/koch_control/install/interbotix_xs_ros_control/lib/python3.10/site-packages'
[0.460s] Level 1:colcon.colcon_core.environment:checking '/workspace/koch_control/install/interbotix_xs_ros_control/bin'
[0.460s] INFO:colcon.colcon_core.shell:Creating package script '/workspace/koch_control/install/interbotix_xs_ros_control/share/interbotix_xs_ros_control/package.ps1'
[0.460s] INFO:colcon.colcon_core.shell:Creating package descriptor '/workspace/koch_control/install/interbotix_xs_ros_control/share/interbotix_xs_ros_control/package.dsv'
[0.460s] INFO:colcon.colcon_core.shell:Creating package script '/workspace/koch_control/install/interbotix_xs_ros_control/share/interbotix_xs_ros_control/package.sh'
[0.460s] INFO:colcon.colcon_core.shell:Creating package script '/workspace/koch_control/install/interbotix_xs_ros_control/share/interbotix_xs_ros_control/package.bash'
[0.461s] INFO:colcon.colcon_core.shell:Creating package script '/workspace/koch_control/install/interbotix_xs_ros_control/share/interbotix_xs_ros_control/package.zsh'
[0.461s] Level 1:colcon.colcon_core.environment:create_file_with_runtime_dependencies(/workspace/koch_control/install/interbotix_xs_ros_control/share/colcon-core/packages/interbotix_xs_ros_control)
[0.462s] DEBUG:colcon.colcon_core.event_handler.log_command:Invoking command in '/workspace/koch_control/build/interbotix_common_modules': PYTHONPATH=/workspace/koch_control/build/interbotix_common_modules/prefix_override:/usr/lib/python3/dist-packages/colcon_core/task/python/colcon_distutils_commands:/workspace/koch_control/install/interbotix_common_modules/lib/python3.10/site-packages:${PYTHONPATH} /usr/bin/python3 -W ignore:setup.py install is deprecated -W ignore:easy_install command is deprecated setup.py develop --editable --build-directory /workspace/koch_control/build/interbotix_common_modules/build --no-deps symlink_data
[0.463s] DEBUG:colcon.colcon_core.event_handler.log_command:Invoking command in '/workspace/koch_control/build/interbotix_ros_xseries': AMENT_PREFIX_PATH=/workspace/koch_control/install/interbotix_xs_sdk:/workspace/koch_control/install/interbotix_xs_driver:/workspace/koch_control/install/interbotix_xs_msgs:/workspace/koch_control/install/dynamixel_workbench_toolbox:${AMENT_PREFIX_PATH} CMAKE_PREFIX_PATH=/workspace/koch_control/install/interbotix_xs_sdk:/workspace/koch_control/install/interbotix_xs_driver:/workspace/koch_control/install/interbotix_xs_msgs:/workspace/koch_control/install/dynamixel_workbench_toolbox:/opt/ros/humble LD_LIBRARY_PATH=/workspace/koch_control/install/interbotix_xs_driver/lib:/workspace/koch_control/install/interbotix_xs_msgs/lib:/workspace/koch_control/install/dynamixel_workbench_toolbox/lib:${LD_LIBRARY_PATH} PYTHONPATH=/workspace/koch_control/install/interbotix_xs_msgs/local/lib/python3.10/dist-packages:${PYTHONPATH} /usr/bin/cmake --build /workspace/koch_control/build/interbotix_ros_xseries -- -j32 -l32
[0.480s] DEBUG:colcon.colcon_core.event_handler.log_command:Invoked command in '/workspace/koch_control/build/interbotix_ros_xseries' returned '0': AMENT_PREFIX_PATH=/workspace/koch_control/install/interbotix_xs_sdk:/workspace/koch_control/install/interbotix_xs_driver:/workspace/koch_control/install/interbotix_xs_msgs:/workspace/koch_control/install/dynamixel_workbench_toolbox:${AMENT_PREFIX_PATH} CMAKE_PREFIX_PATH=/workspace/koch_control/install/interbotix_xs_sdk:/workspace/koch_control/install/interbotix_xs_driver:/workspace/koch_control/install/interbotix_xs_msgs:/workspace/koch_control/install/dynamixel_workbench_toolbox:/opt/ros/humble LD_LIBRARY_PATH=/workspace/koch_control/install/interbotix_xs_driver/lib:/workspace/koch_control/install/interbotix_xs_msgs/lib:/workspace/koch_control/install/dynamixel_workbench_toolbox/lib:${LD_LIBRARY_PATH} PYTHONPATH=/workspace/koch_control/install/interbotix_xs_msgs/local/lib/python3.10/dist-packages:${PYTHONPATH} /usr/bin/cmake --build /workspace/koch_control/build/interbotix_ros_xseries -- -j32 -l32
[0.480s] DEBUG:colcon.colcon_core.event_handler.log_command:Invoking command in '/workspace/koch_control/build/interbotix_ros_xseries': AMENT_PREFIX_PATH=/workspace/koch_control/install/interbotix_xs_sdk:/workspace/koch_control/install/interbotix_xs_driver:/workspace/koch_control/install/interbotix_xs_msgs:/workspace/koch_control/install/dynamixel_workbench_toolbox:${AMENT_PREFIX_PATH} CMAKE_PREFIX_PATH=/workspace/koch_control/install/interbotix_xs_sdk:/workspace/koch_control/install/interbotix_xs_driver:/workspace/koch_control/install/interbotix_xs_msgs:/workspace/koch_control/install/dynamixel_workbench_toolbox:/opt/ros/humble LD_LIBRARY_PATH=/workspace/koch_control/install/interbotix_xs_driver/lib:/workspace/koch_control/install/interbotix_xs_msgs/lib:/workspace/koch_control/install/dynamixel_workbench_toolbox/lib:${LD_LIBRARY_PATH} PYTHONPATH=/workspace/koch_control/install/interbotix_xs_msgs/local/lib/python3.10/dist-packages:${PYTHONPATH} /usr/bin/cmake --install /workspace/koch_control/build/interbotix_ros_xseries
[0.488s] Level 1:colcon.colcon_core.environment:create_environment_scripts_only(interbotix_ros_xseries)
[0.488s] Level 1:colcon.colcon_core.environment:checking '/workspace/koch_control/install/interbotix_ros_xseries' for CMake module files
[0.489s] DEBUG:colcon.colcon_core.event_handler.log_command:Invoked command in '/workspace/koch_control/build/interbotix_ros_xseries' returned '0': AMENT_PREFIX_PATH=/workspace/koch_control/install/interbotix_xs_sdk:/workspace/koch_control/install/interbotix_xs_driver:/workspace/koch_control/install/interbotix_xs_msgs:/workspace/koch_control/install/dynamixel_workbench_toolbox:${AMENT_PREFIX_PATH} CMAKE_PREFIX_PATH=/workspace/koch_control/install/interbotix_xs_sdk:/workspace/koch_control/install/interbotix_xs_driver:/workspace/koch_control/install/interbotix_xs_msgs:/workspace/koch_control/install/dynamixel_workbench_toolbox:/opt/ros/humble LD_LIBRARY_PATH=/workspace/koch_control/install/interbotix_xs_driver/lib:/workspace/koch_control/install/interbotix_xs_msgs/lib:/workspace/koch_control/install/dynamixel_workbench_toolbox/lib:${LD_LIBRARY_PATH} PYTHONPATH=/workspace/koch_control/install/interbotix_xs_msgs/local/lib/python3.10/dist-packages:${PYTHONPATH} /usr/bin/cmake --install /workspace/koch_control/build/interbotix_ros_xseries
[0.489s] Level 1:colcon.colcon_core.environment:checking '/workspace/koch_control/install/interbotix_ros_xseries' for CMake config files
[0.489s] Level 1:colcon.colcon_core.shell:create_environment_hook('interbotix_ros_xseries', 'cmake_prefix_path')
[0.489s] INFO:colcon.colcon_core.shell:Creating environment hook '/workspace/koch_control/install/interbotix_ros_xseries/share/interbotix_ros_xseries/hook/cmake_prefix_path.ps1'
[0.489s] INFO:colcon.colcon_core.shell:Creating environment descriptor '/workspace/koch_control/install/interbotix_ros_xseries/share/interbotix_ros_xseries/hook/cmake_prefix_path.dsv'
[0.489s] INFO:colcon.colcon_core.shell:Creating environment hook '/workspace/koch_control/install/interbotix_ros_xseries/share/interbotix_ros_xseries/hook/cmake_prefix_path.sh'
[0.490s] Level 1:colcon.colcon_core.environment:checking '/workspace/koch_control/install/interbotix_ros_xseries/bin'
[0.490s] Level 1:colcon.colcon_core.environment:checking '/workspace/koch_control/install/interbotix_ros_xseries/lib/pkgconfig/interbotix_ros_xseries.pc'
[0.490s] Level 1:colcon.colcon_core.environment:checking '/workspace/koch_control/install/interbotix_ros_xseries/lib/python3.10/site-packages'
[0.490s] Level 1:colcon.colcon_core.environment:checking '/workspace/koch_control/install/interbotix_ros_xseries/bin'
[0.490s] INFO:colcon.colcon_core.shell:Creating package script '/workspace/koch_control/install/interbotix_ros_xseries/share/interbotix_ros_xseries/package.ps1'
[0.490s] INFO:colcon.colcon_core.shell:Creating package descriptor '/workspace/koch_control/install/interbotix_ros_xseries/share/interbotix_ros_xseries/package.dsv'
[0.490s] INFO:colcon.colcon_core.shell:Creating package script '/workspace/koch_control/install/interbotix_ros_xseries/share/interbotix_ros_xseries/package.sh'
[0.490s] INFO:colcon.colcon_core.shell:Creating package script '/workspace/koch_control/install/interbotix_ros_xseries/share/interbotix_ros_xseries/package.bash'
[0.491s] INFO:colcon.colcon_core.shell:Creating package script '/workspace/koch_control/install/interbotix_ros_xseries/share/interbotix_ros_xseries/package.zsh'
[0.491s] Level 1:colcon.colcon_core.environment:create_file_with_runtime_dependencies(/workspace/koch_control/install/interbotix_ros_xseries/share/colcon-core/packages/interbotix_ros_xseries)
[0.491s] Level 1:colcon.colcon_core.environment:create_environment_scripts_only(interbotix_ros_xseries)
[0.491s] Level 1:colcon.colcon_core.environment:checking '/workspace/koch_control/install/interbotix_ros_xseries' for CMake module files
[0.491s] Level 1:colcon.colcon_core.environment:checking '/workspace/koch_control/install/interbotix_ros_xseries' for CMake config files
[0.491s] Level 1:colcon.colcon_core.shell:create_environment_hook('interbotix_ros_xseries', 'cmake_prefix_path')
[0.491s] INFO:colcon.colcon_core.shell:Creating environment hook '/workspace/koch_control/install/interbotix_ros_xseries/share/interbotix_ros_xseries/hook/cmake_prefix_path.ps1'
[0.491s] INFO:colcon.colcon_core.shell:Creating environment descriptor '/workspace/koch_control/install/interbotix_ros_xseries/share/interbotix_ros_xseries/hook/cmake_prefix_path.dsv'
[0.492s] INFO:colcon.colcon_core.shell:Creating environment hook '/workspace/koch_control/install/interbotix_ros_xseries/share/interbotix_ros_xseries/hook/cmake_prefix_path.sh'
[0.492s] Level 1:colcon.colcon_core.environment:checking '/workspace/koch_control/install/interbotix_ros_xseries/bin'
[0.492s] Level 1:colcon.colcon_core.environment:checking '/workspace/koch_control/install/interbotix_ros_xseries/lib/pkgconfig/interbotix_ros_xseries.pc'
[0.492s] Level 1:colcon.colcon_core.environment:checking '/workspace/koch_control/install/interbotix_ros_xseries/lib/python3.10/site-packages'
[0.492s] Level 1:colcon.colcon_core.environment:checking '/workspace/koch_control/install/interbotix_ros_xseries/bin'
[0.492s] INFO:colcon.colcon_core.shell:Creating package script '/workspace/koch_control/install/interbotix_ros_xseries/share/interbotix_ros_xseries/package.ps1'
[0.493s] INFO:colcon.colcon_core.shell:Creating package descriptor '/workspace/koch_control/install/interbotix_ros_xseries/share/interbotix_ros_xseries/package.dsv'
[0.493s] INFO:colcon.colcon_core.shell:Creating package script '/workspace/koch_control/install/interbotix_ros_xseries/share/interbotix_ros_xseries/package.sh'
[0.493s] INFO:colcon.colcon_core.shell:Creating package script '/workspace/koch_control/install/interbotix_ros_xseries/share/interbotix_ros_xseries/package.bash'
[0.493s] INFO:colcon.colcon_core.shell:Creating package script '/workspace/koch_control/install/interbotix_ros_xseries/share/interbotix_ros_xseries/package.zsh'
[0.493s] Level 1:colcon.colcon_core.environment:create_file_with_runtime_dependencies(/workspace/koch_control/install/interbotix_ros_xseries/share/colcon-core/packages/interbotix_ros_xseries)
[0.619s] Level 1:colcon.colcon_core.shell:create_environment_hook('interbotix_common_modules', 'pythonpath_develop')
[0.620s] INFO:colcon.colcon_core.shell:Creating environment hook '/workspace/koch_control/build/interbotix_common_modules/share/interbotix_common_modules/hook/pythonpath_develop.ps1'
[0.620s] DEBUG:colcon.colcon_core.event_handler.log_command:Invoked command in '/workspace/koch_control/build/interbotix_common_modules' returned '0': PYTHONPATH=/workspace/koch_control/build/interbotix_common_modules/prefix_override:/usr/lib/python3/dist-packages/colcon_core/task/python/colcon_distutils_commands:/workspace/koch_control/install/interbotix_common_modules/lib/python3.10/site-packages:${PYTHONPATH} /usr/bin/python3 -W ignore:setup.py install is deprecated -W ignore:easy_install command is deprecated setup.py develop --editable --build-directory /workspace/koch_control/build/interbotix_common_modules/build --no-deps symlink_data
[0.620s] INFO:colcon.colcon_core.shell:Creating environment descriptor '/workspace/koch_control/build/interbotix_common_modules/share/interbotix_common_modules/hook/pythonpath_develop.dsv'
[0.620s] INFO:colcon.colcon_core.shell:Creating environment hook '/workspace/koch_control/build/interbotix_common_modules/share/interbotix_common_modules/hook/pythonpath_develop.sh'
[0.621s] Level 1:colcon.colcon_core.environment:checking '/workspace/koch_control/install/interbotix_common_modules' for CMake module files
[0.621s] Level 1:colcon.colcon_core.environment:checking '/workspace/koch_control/install/interbotix_common_modules' for CMake config files
[0.621s] Level 1:colcon.colcon_core.environment:checking '/workspace/koch_control/install/interbotix_common_modules/lib'
[0.621s] Level 1:colcon.colcon_core.environment:checking '/workspace/koch_control/install/interbotix_common_modules/bin'
[0.621s] Level 1:colcon.colcon_core.environment:checking '/workspace/koch_control/install/interbotix_common_modules/lib/pkgconfig/interbotix_common_modules.pc'
[0.621s] Level 1:colcon.colcon_core.environment:checking '/workspace/koch_control/install/interbotix_common_modules/lib/python3.10/site-packages'
[0.621s] Level 1:colcon.colcon_core.shell:create_environment_hook('interbotix_common_modules', 'pythonpath')
[0.621s] INFO:colcon.colcon_core.shell:Creating environment hook '/workspace/koch_control/install/interbotix_common_modules/share/interbotix_common_modules/hook/pythonpath.ps1'
[0.621s] INFO:colcon.colcon_core.shell:Creating environment descriptor '/workspace/koch_control/install/interbotix_common_modules/share/interbotix_common_modules/hook/pythonpath.dsv'
[0.621s] INFO:colcon.colcon_core.shell:Creating environment hook '/workspace/koch_control/install/interbotix_common_modules/share/interbotix_common_modules/hook/pythonpath.sh'
[0.622s] Level 1:colcon.colcon_core.environment:checking '/workspace/koch_control/install/interbotix_common_modules/bin'
[0.622s] Level 1:colcon.colcon_core.environment:create_environment_scripts_only(interbotix_common_modules)
[0.622s] INFO:colcon.colcon_core.shell:Creating package script '/workspace/koch_control/install/interbotix_common_modules/share/interbotix_common_modules/package.ps1'
[0.622s] INFO:colcon.colcon_core.shell:Creating package descriptor '/workspace/koch_control/install/interbotix_common_modules/share/interbotix_common_modules/package.dsv'
[0.622s] INFO:colcon.colcon_core.shell:Creating package script '/workspace/koch_control/install/interbotix_common_modules/share/interbotix_common_modules/package.sh'
[0.622s] INFO:colcon.colcon_core.shell:Creating package script '/workspace/koch_control/install/interbotix_common_modules/share/interbotix_common_modules/package.bash'
[0.623s] INFO:colcon.colcon_core.shell:Creating package script '/workspace/koch_control/install/interbotix_common_modules/share/interbotix_common_modules/package.zsh'
[0.623s] Level 1:colcon.colcon_core.environment:create_file_with_runtime_dependencies(/workspace/koch_control/install/interbotix_common_modules/share/colcon-core/packages/interbotix_common_modules)
[0.623s] INFO:colcon.colcon_ros.task.ament_python.build:Building ROS package in '/workspace/koch_control/interbotix_ros_toolboxes/interbotix_xs_toolbox/interbotix_xs_modules' with build type 'ament_python'
[0.623s] Level 1:colcon.colcon_core.shell:create_environment_hook('interbotix_xs_modules', 'ament_prefix_path')
[0.623s] INFO:colcon.colcon_core.shell:Creating environment hook '/workspace/koch_control/install/interbotix_xs_modules/share/interbotix_xs_modules/hook/ament_prefix_path.ps1'
[0.623s] INFO:colcon.colcon_core.shell:Creating environment descriptor '/workspace/koch_control/install/interbotix_xs_modules/share/interbotix_xs_modules/hook/ament_prefix_path.dsv'
[0.623s] INFO:colcon.colcon_core.shell:Creating environment hook '/workspace/koch_control/install/interbotix_xs_modules/share/interbotix_xs_modules/hook/ament_prefix_path.sh'
[0.624s] INFO:colcon.colcon_core.shell:Skip shell extension 'powershell' for command environment: Not usable outside of PowerShell
[0.624s] DEBUG:colcon.colcon_core.shell:Skip shell extension 'dsv' for command environment
[0.625s] INFO:colcon.colcon_ros.task.ament_cmake.build:Building ROS package in '/workspace/koch_control/interbotix_ros_toolboxes/interbotix_common_toolbox/interbotix_common_toolbox' with build type 'ament_cmake'
[0.625s] INFO:colcon.colcon_cmake.task.cmake.build:Building CMake package in '/workspace/koch_control/interbotix_ros_toolboxes/interbotix_common_toolbox/interbotix_common_toolbox'
[0.625s] INFO:colcon.colcon_core.shell:Skip shell extension 'powershell' for command environment: Not usable outside of PowerShell
[0.625s] DEBUG:colcon.colcon_core.shell:Skip shell extension 'dsv' for command environment
[0.630s] DEBUG:colcon.colcon_core.event_handler.log_command:Invoking command in '/workspace/koch_control/build/interbotix_common_toolbox': AMENT_PREFIX_PATH=/workspace/koch_control/install/interbotix_gravity_compensation:/workspace/koch_control/install/interbotix_xs_msgs:/workspace/koch_control/install/interbotix_common_sim:/workspace/koch_control/install/interbotix_common_modules:${AMENT_PREFIX_PATH} CMAKE_PREFIX_PATH=/workspace/koch_control/install/interbotix_gravity_compensation:/workspace/koch_control/install/interbotix_xs_msgs:/workspace/koch_control/install/interbotix_common_sim:/opt/ros/humble LD_LIBRARY_PATH=/workspace/koch_control/install/interbotix_xs_msgs/lib:${LD_LIBRARY_PATH} PYTHONPATH=/workspace/koch_control/install/interbotix_xs_msgs/local/lib/python3.10/dist-packages:/workspace/koch_control/build/interbotix_common_modules:/workspace/koch_control/install/interbotix_common_modules/lib/python3.10/site-packages:${PYTHONPATH} /usr/bin/cmake --build /workspace/koch_control/build/interbotix_common_toolbox -- -j32 -l32
[0.724s] INFO:colcon.colcon_core.task.python.build:Building Python package in '/workspace/koch_control/interbotix_ros_toolboxes/interbotix_xs_toolbox/interbotix_xs_modules'
[0.725s] INFO:colcon.colcon_core.shell:Skip shell extension 'powershell' for command environment: Not usable outside of PowerShell
[0.725s] DEBUG:colcon.colcon_core.shell:Skip shell extension 'dsv' for command environment
[0.727s] DEBUG:colcon.colcon_core.event_handler.log_command:Invoked command in '/workspace/koch_control/build/interbotix_common_toolbox' returned '0': AMENT_PREFIX_PATH=/workspace/koch_control/install/interbotix_gravity_compensation:/workspace/koch_control/install/interbotix_xs_msgs:/workspace/koch_control/install/interbotix_common_sim:/workspace/koch_control/install/interbotix_common_modules:${AMENT_PREFIX_PATH} CMAKE_PREFIX_PATH=/workspace/koch_control/install/interbotix_gravity_compensation:/workspace/koch_control/install/interbotix_xs_msgs:/workspace/koch_control/install/interbotix_common_sim:/opt/ros/humble LD_LIBRARY_PATH=/workspace/koch_control/install/interbotix_xs_msgs/lib:${LD_LIBRARY_PATH} PYTHONPATH=/workspace/koch_control/install/interbotix_xs_msgs/local/lib/python3.10/dist-packages:/workspace/koch_control/build/interbotix_common_modules:/workspace/koch_control/install/interbotix_common_modules/lib/python3.10/site-packages:${PYTHONPATH} /usr/bin/cmake --build /workspace/koch_control/build/interbotix_common_toolbox -- -j32 -l32
[0.728s] DEBUG:colcon.colcon_core.event_handler.log_command:Invoking command in '/workspace/koch_control/build/interbotix_common_toolbox': AMENT_PREFIX_PATH=/workspace/koch_control/install/interbotix_gravity_compensation:/workspace/koch_control/install/interbotix_xs_msgs:/workspace/koch_control/install/interbotix_common_sim:/workspace/koch_control/install/interbotix_common_modules:${AMENT_PREFIX_PATH} CMAKE_PREFIX_PATH=/workspace/koch_control/install/interbotix_gravity_compensation:/workspace/koch_control/install/interbotix_xs_msgs:/workspace/koch_control/install/interbotix_common_sim:/opt/ros/humble LD_LIBRARY_PATH=/workspace/koch_control/install/interbotix_xs_msgs/lib:${LD_LIBRARY_PATH} PYTHONPATH=/workspace/koch_control/install/interbotix_xs_msgs/local/lib/python3.10/dist-packages:/workspace/koch_control/build/interbotix_common_modules:/workspace/koch_control/install/interbotix_common_modules/lib/python3.10/site-packages:${PYTHONPATH} /usr/bin/cmake --install /workspace/koch_control/build/interbotix_common_toolbox
[0.737s] Level 1:colcon.colcon_core.environment:create_environment_scripts_only(interbotix_common_toolbox)
[0.737s] DEBUG:colcon.colcon_core.event_handler.log_command:Invoked command in '/workspace/koch_control/build/interbotix_common_toolbox' returned '0': AMENT_PREFIX_PATH=/workspace/koch_control/install/interbotix_gravity_compensation:/workspace/koch_control/install/interbotix_xs_msgs:/workspace/koch_control/install/interbotix_common_sim:/workspace/koch_control/install/interbotix_common_modules:${AMENT_PREFIX_PATH} CMAKE_PREFIX_PATH=/workspace/koch_control/install/interbotix_gravity_compensation:/workspace/koch_control/install/interbotix_xs_msgs:/workspace/koch_control/install/interbotix_common_sim:/opt/ros/humble LD_LIBRARY_PATH=/workspace/koch_control/install/interbotix_xs_msgs/lib:${LD_LIBRARY_PATH} PYTHONPATH=/workspace/koch_control/install/interbotix_xs_msgs/local/lib/python3.10/dist-packages:/workspace/koch_control/build/interbotix_common_modules:/workspace/koch_control/install/interbotix_common_modules/lib/python3.10/site-packages:${PYTHONPATH} /usr/bin/cmake --install /workspace/koch_control/build/interbotix_common_toolbox
[0.737s] Level 1:colcon.colcon_core.environment:checking '/workspace/koch_control/install/interbotix_common_toolbox' for CMake module files
[0.738s] Level 1:colcon.colcon_core.environment:checking '/workspace/koch_control/install/interbotix_common_toolbox' for CMake config files
[0.738s] Level 1:colcon.colcon_core.shell:create_environment_hook('interbotix_common_toolbox', 'cmake_prefix_path')
[0.738s] INFO:colcon.colcon_core.shell:Creating environment hook '/workspace/koch_control/install/interbotix_common_toolbox/share/interbotix_common_toolbox/hook/cmake_prefix_path.ps1'
[0.738s] INFO:colcon.colcon_core.shell:Creating environment descriptor '/workspace/koch_control/install/interbotix_common_toolbox/share/interbotix_common_toolbox/hook/cmake_prefix_path.dsv'
[0.738s] INFO:colcon.colcon_core.shell:Creating environment hook '/workspace/koch_control/install/interbotix_common_toolbox/share/interbotix_common_toolbox/hook/cmake_prefix_path.sh'
[0.738s] Level 1:colcon.colcon_core.environment:checking '/workspace/koch_control/install/interbotix_common_toolbox/bin'
[0.738s] Level 1:colcon.colcon_core.environment:checking '/workspace/koch_control/install/interbotix_common_toolbox/lib/pkgconfig/interbotix_common_toolbox.pc'
[0.738s] Level 1:colcon.colcon_core.environment:checking '/workspace/koch_control/install/interbotix_common_toolbox/lib/python3.10/site-packages'
[0.739s] Level 1:colcon.colcon_core.environment:checking '/workspace/koch_control/install/interbotix_common_toolbox/bin'
[0.739s] INFO:colcon.colcon_core.shell:Creating package script '/workspace/koch_control/install/interbotix_common_toolbox/share/interbotix_common_toolbox/package.ps1'
[0.739s] INFO:colcon.colcon_core.shell:Creating package descriptor '/workspace/koch_control/install/interbotix_common_toolbox/share/interbotix_common_toolbox/package.dsv'
[0.739s] INFO:colcon.colcon_core.shell:Creating package script '/workspace/koch_control/install/interbotix_common_toolbox/share/interbotix_common_toolbox/package.sh'
[0.739s] INFO:colcon.colcon_core.shell:Creating package script '/workspace/koch_control/install/interbotix_common_toolbox/share/interbotix_common_toolbox/package.bash'
[0.739s] INFO:colcon.colcon_core.shell:Creating package script '/workspace/koch_control/install/interbotix_common_toolbox/share/interbotix_common_toolbox/package.zsh'
[0.739s] Level 1:colcon.colcon_core.environment:create_file_with_runtime_dependencies(/workspace/koch_control/install/interbotix_common_toolbox/share/colcon-core/packages/interbotix_common_toolbox)
[0.740s] Level 1:colcon.colcon_core.environment:create_environment_scripts_only(interbotix_common_toolbox)
[0.740s] Level 1:colcon.colcon_core.environment:checking '/workspace/koch_control/install/interbotix_common_toolbox' for CMake module files
[0.740s] Level 1:colcon.colcon_core.environment:checking '/workspace/koch_control/install/interbotix_common_toolbox' for CMake config files
[0.740s] Level 1:colcon.colcon_core.shell:create_environment_hook('interbotix_common_toolbox', 'cmake_prefix_path')
[0.740s] INFO:colcon.colcon_core.shell:Creating environment hook '/workspace/koch_control/install/interbotix_common_toolbox/share/interbotix_common_toolbox/hook/cmake_prefix_path.ps1'
[0.740s] INFO:colcon.colcon_core.shell:Creating environment descriptor '/workspace/koch_control/install/interbotix_common_toolbox/share/interbotix_common_toolbox/hook/cmake_prefix_path.dsv'
[0.740s] INFO:colcon.colcon_core.shell:Creating environment hook '/workspace/koch_control/install/interbotix_common_toolbox/share/interbotix_common_toolbox/hook/cmake_prefix_path.sh'
[0.740s] Level 1:colcon.colcon_core.environment:checking '/workspace/koch_control/install/interbotix_common_toolbox/bin'
[0.741s] Level 1:colcon.colcon_core.environment:checking '/workspace/koch_control/install/interbotix_common_toolbox/lib/pkgconfig/interbotix_common_toolbox.pc'
[0.741s] Level 1:colcon.colcon_core.environment:checking '/workspace/koch_control/install/interbotix_common_toolbox/lib/python3.10/site-packages'
[0.741s] Level 1:colcon.colcon_core.environment:checking '/workspace/koch_control/install/interbotix_common_toolbox/bin'
[0.741s] INFO:colcon.colcon_core.shell:Creating package script '/workspace/koch_control/install/interbotix_common_toolbox/share/interbotix_common_toolbox/package.ps1'
[0.741s] INFO:colcon.colcon_core.shell:Creating package descriptor '/workspace/koch_control/install/interbotix_common_toolbox/share/interbotix_common_toolbox/package.dsv'
[0.741s] INFO:colcon.colcon_core.shell:Creating package script '/workspace/koch_control/install/interbotix_common_toolbox/share/interbotix_common_toolbox/package.sh'
[0.741s] INFO:colcon.colcon_core.shell:Creating package script '/workspace/koch_control/install/interbotix_common_toolbox/share/interbotix_common_toolbox/package.bash'
[0.741s] INFO:colcon.colcon_core.shell:Creating package script '/workspace/koch_control/install/interbotix_common_toolbox/share/interbotix_common_toolbox/package.zsh'
[0.742s] Level 1:colcon.colcon_core.environment:create_file_with_runtime_dependencies(/workspace/koch_control/install/interbotix_common_toolbox/share/colcon-core/packages/interbotix_common_toolbox)
[0.860s] DEBUG:colcon.colcon_core.event_handler.log_command:Invoking command in '/workspace/koch_control/build/interbotix_xs_modules': AMENT_PREFIX_PATH=/workspace/koch_control/install/interbotix_xs_sdk:/workspace/koch_control/install/interbotix_xs_driver:/workspace/koch_control/install/interbotix_xs_msgs:/workspace/koch_control/install/interbotix_common_modules:/workspace/koch_control/install/dynamixel_workbench_toolbox:${AMENT_PREFIX_PATH} CMAKE_PREFIX_PATH=/workspace/koch_control/install/interbotix_xs_sdk:/workspace/koch_control/install/interbotix_xs_driver:/workspace/koch_control/install/interbotix_xs_msgs:/workspace/koch_control/install/dynamixel_workbench_toolbox LD_LIBRARY_PATH=/workspace/koch_control/install/interbotix_xs_driver/lib:/workspace/koch_control/install/interbotix_xs_msgs/lib:/workspace/koch_control/install/dynamixel_workbench_toolbox/lib:${LD_LIBRARY_PATH} PYTHONPATH=/workspace/koch_control/build/interbotix_xs_modules/prefix_override:/usr/lib/python3/dist-packages/colcon_core/task/python/colcon_distutils_commands:/workspace/koch_control/install/interbotix_xs_modules/lib/python3.10/site-packages:/workspace/koch_control/install/interbotix_xs_msgs/local/lib/python3.10/dist-packages:/workspace/koch_control/build/interbotix_common_modules:/workspace/koch_control/install/interbotix_common_modules/lib/python3.10/site-packages:${PYTHONPATH} /usr/bin/python3 -W ignore:setup.py install is deprecated -W ignore:easy_install command is deprecated setup.py develop --editable --build-directory /workspace/koch_control/build/interbotix_xs_modules/build --no-deps symlink_data
[1.021s] Level 1:colcon.colcon_core.shell:create_environment_hook('interbotix_xs_modules', 'pythonpath_develop')
[1.021s] INFO:colcon.colcon_core.shell:Creating environment hook '/workspace/koch_control/build/interbotix_xs_modules/share/interbotix_xs_modules/hook/pythonpath_develop.ps1'
[1.021s] DEBUG:colcon.colcon_core.event_handler.log_command:Invoked command in '/workspace/koch_control/build/interbotix_xs_modules' returned '0': AMENT_PREFIX_PATH=/workspace/koch_control/install/interbotix_xs_sdk:/workspace/koch_control/install/interbotix_xs_driver:/workspace/koch_control/install/interbotix_xs_msgs:/workspace/koch_control/install/interbotix_common_modules:/workspace/koch_control/install/dynamixel_workbench_toolbox:${AMENT_PREFIX_PATH} CMAKE_PREFIX_PATH=/workspace/koch_control/install/interbotix_xs_sdk:/workspace/koch_control/install/interbotix_xs_driver:/workspace/koch_control/install/interbotix_xs_msgs:/workspace/koch_control/install/dynamixel_workbench_toolbox LD_LIBRARY_PATH=/workspace/koch_control/install/interbotix_xs_driver/lib:/workspace/koch_control/install/interbotix_xs_msgs/lib:/workspace/koch_control/install/dynamixel_workbench_toolbox/lib:${LD_LIBRARY_PATH} PYTHONPATH=/workspace/koch_control/build/interbotix_xs_modules/prefix_override:/usr/lib/python3/dist-packages/colcon_core/task/python/colcon_distutils_commands:/workspace/koch_control/install/interbotix_xs_modules/lib/python3.10/site-packages:/workspace/koch_control/install/interbotix_xs_msgs/local/lib/python3.10/dist-packages:/workspace/koch_control/build/interbotix_common_modules:/workspace/koch_control/install/interbotix_common_modules/lib/python3.10/site-packages:${PYTHONPATH} /usr/bin/python3 -W ignore:setup.py install is deprecated -W ignore:easy_install command is deprecated setup.py develop --editable --build-directory /workspace/koch_control/build/interbotix_xs_modules/build --no-deps symlink_data
[1.022s] INFO:colcon.colcon_core.shell:Creating environment descriptor '/workspace/koch_control/build/interbotix_xs_modules/share/interbotix_xs_modules/hook/pythonpath_develop.dsv'
[1.022s] INFO:colcon.colcon_core.shell:Creating environment hook '/workspace/koch_control/build/interbotix_xs_modules/share/interbotix_xs_modules/hook/pythonpath_develop.sh'
[1.022s] Level 1:colcon.colcon_core.environment:checking '/workspace/koch_control/install/interbotix_xs_modules' for CMake module files
[1.022s] Level 1:colcon.colcon_core.environment:checking '/workspace/koch_control/install/interbotix_xs_modules' for CMake config files
[1.022s] Level 1:colcon.colcon_core.environment:checking '/workspace/koch_control/install/interbotix_xs_modules/lib'
[1.022s] Level 1:colcon.colcon_core.environment:checking '/workspace/koch_control/install/interbotix_xs_modules/bin'
[1.022s] Level 1:colcon.colcon_core.environment:checking '/workspace/koch_control/install/interbotix_xs_modules/lib/pkgconfig/interbotix_xs_modules.pc'
[1.023s] Level 1:colcon.colcon_core.environment:checking '/workspace/koch_control/install/interbotix_xs_modules/lib/python3.10/site-packages'
[1.023s] Level 1:colcon.colcon_core.shell:create_environment_hook('interbotix_xs_modules', 'pythonpath')
[1.023s] INFO:colcon.colcon_core.shell:Creating environment hook '/workspace/koch_control/install/interbotix_xs_modules/share/interbotix_xs_modules/hook/pythonpath.ps1'
[1.023s] INFO:colcon.colcon_core.shell:Creating environment descriptor '/workspace/koch_control/install/interbotix_xs_modules/share/interbotix_xs_modules/hook/pythonpath.dsv'
[1.023s] INFO:colcon.colcon_core.shell:Creating environment hook '/workspace/koch_control/install/interbotix_xs_modules/share/interbotix_xs_modules/hook/pythonpath.sh'
[1.023s] Level 1:colcon.colcon_core.environment:checking '/workspace/koch_control/install/interbotix_xs_modules/bin'
[1.023s] Level 1:colcon.colcon_core.environment:create_environment_scripts_only(interbotix_xs_modules)
[1.023s] INFO:colcon.colcon_core.shell:Creating package script '/workspace/koch_control/install/interbotix_xs_modules/share/interbotix_xs_modules/package.ps1'
[1.023s] INFO:colcon.colcon_core.shell:Creating package descriptor '/workspace/koch_control/install/interbotix_xs_modules/share/interbotix_xs_modules/package.dsv'
[1.024s] INFO:colcon.colcon_core.shell:Creating package script '/workspace/koch_control/install/interbotix_xs_modules/share/interbotix_xs_modules/package.sh'
[1.024s] INFO:colcon.colcon_core.shell:Creating package script '/workspace/koch_control/install/interbotix_xs_modules/share/interbotix_xs_modules/package.bash'
[1.024s] INFO:colcon.colcon_core.shell:Creating package script '/workspace/koch_control/install/interbotix_xs_modules/share/interbotix_xs_modules/package.zsh'
[1.024s] Level 1:colcon.colcon_core.environment:create_file_with_runtime_dependencies(/workspace/koch_control/install/interbotix_xs_modules/share/colcon-core/packages/interbotix_xs_modules)
[1.024s] INFO:colcon.colcon_ros.task.ament_cmake.build:Building ROS package in '/workspace/koch_control/interbotix_ros_manipulators/interbotix_ros_xsarms/interbotix_xsarm_sim' with build type 'ament_cmake'
[1.024s] INFO:colcon.colcon_cmake.task.cmake.build:Building CMake package in '/workspace/koch_control/interbotix_ros_manipulators/interbotix_ros_xsarms/interbotix_xsarm_sim'
[1.024s] INFO:colcon.colcon_core.shell:Skip shell extension 'powershell' for command environment: Not usable outside of PowerShell
[1.024s] DEBUG:colcon.colcon_core.shell:Skip shell extension 'dsv' for command environment
[1.026s] INFO:colcon.colcon_ros.task.ament_cmake.build:Building ROS package in '/workspace/koch_control/interbotix_ros_manipulators/interbotix_ros_xsarms/interbotix_xsarm_ros_control' with build type 'ament_cmake'
[1.026s] INFO:colcon.colcon_cmake.task.cmake.build:Building CMake package in '/workspace/koch_control/interbotix_ros_manipulators/interbotix_ros_xsarms/interbotix_xsarm_ros_control'
[1.026s] INFO:colcon.colcon_core.shell:Skip shell extension 'powershell' for command environment: Not usable outside of PowerShell
[1.026s] DEBUG:colcon.colcon_core.shell:Skip shell extension 'dsv' for command environment
[1.027s] INFO:colcon.colcon_ros.task.ament_cmake.build:Building ROS package in '/workspace/koch_control/interbotix_ros_manipulators/interbotix_ros_xsarms/examples/interbotix_xsarm_joy' with build type 'ament_cmake'
[1.027s] INFO:colcon.colcon_cmake.task.cmake.build:Building CMake package in '/workspace/koch_control/interbotix_ros_manipulators/interbotix_ros_xsarms/examples/interbotix_xsarm_joy'
[1.028s] INFO:colcon.colcon_core.shell:Skip shell extension 'powershell' for command environment: Not usable outside of PowerShell
[1.028s] DEBUG:colcon.colcon_core.shell:Skip shell extension 'dsv' for command environment
[1.029s] INFO:colcon.colcon_ros.task.ament_cmake.build:Building ROS package in '/workspace/koch_control/interbotix_ros_manipulators/interbotix_ros_xsarms/examples/interbotix_xsarm_dual' with build type 'ament_cmake'
[1.029s] INFO:colcon.colcon_cmake.task.cmake.build:Building CMake package in '/workspace/koch_control/interbotix_ros_manipulators/interbotix_ros_xsarms/examples/interbotix_xsarm_dual'
[1.029s] INFO:colcon.colcon_core.shell:Skip shell extension 'powershell' for command environment: Not usable outside of PowerShell
[1.029s] DEBUG:colcon.colcon_core.shell:Skip shell extension 'dsv' for command environment
[1.030s] INFO:colcon.colcon_ros.task.ament_cmake.build:Building ROS package in '/workspace/koch_control/interbotix_ros_manipulators/interbotix_ros_xsarms/examples/interbotix_xsarm_gravity_compensation' with build type 'ament_cmake'
[1.030s] INFO:colcon.colcon_cmake.task.cmake.build:Building CMake package in '/workspace/koch_control/interbotix_ros_manipulators/interbotix_ros_xsarms/examples/interbotix_xsarm_gravity_compensation'
[1.030s] INFO:colcon.colcon_core.shell:Skip shell extension 'powershell' for command environment: Not usable outside of PowerShell
[1.031s] DEBUG:colcon.colcon_core.shell:Skip shell extension 'dsv' for command environment
[1.032s] INFO:colcon.colcon_ros.task.ament_cmake.build:Building ROS package in '/workspace/koch_control/interbotix_ros_manipulators/interbotix_ros_xsarms/examples/interbotix_xsarm_puppet' with build type 'ament_cmake'
[1.032s] INFO:colcon.colcon_cmake.task.cmake.build:Building CMake package in '/workspace/koch_control/interbotix_ros_manipulators/interbotix_ros_xsarms/examples/interbotix_xsarm_puppet'
[1.032s] INFO:colcon.colcon_core.shell:Skip shell extension 'powershell' for command environment: Not usable outside of PowerShell
[1.032s] DEBUG:colcon.colcon_core.shell:Skip shell extension 'dsv' for command environment
[1.036s] DEBUG:colcon.colcon_core.event_handler.log_command:Invoking command in '/workspace/koch_control/build/interbotix_xsarm_sim': AMENT_PREFIX_PATH=/workspace/koch_control/install/interbotix_xsarm_descriptions:/workspace/koch_control/install/interbotix_xs_modules:/workspace/koch_control/install/interbotix_xs_sdk:/workspace/koch_control/install/interbotix_xs_ros_control:/workspace/koch_control/install/interbotix_xs_driver:/workspace/koch_control/install/interbotix_xs_msgs:/workspace/koch_control/install/interbotix_common_sim:/workspace/koch_control/install/interbotix_common_modules:/workspace/koch_control/install/dynamixel_workbench_toolbox:${AMENT_PREFIX_PATH} CMAKE_PREFIX_PATH=/workspace/koch_control/install/interbotix_xsarm_descriptions:/workspace/koch_control/install/interbotix_xs_sdk:/workspace/koch_control/install/interbotix_xs_ros_control:/workspace/koch_control/install/interbotix_xs_driver:/workspace/koch_control/install/interbotix_xs_msgs:/workspace/koch_control/install/interbotix_common_sim:/workspace/koch_control/install/dynamixel_workbench_toolbox:/opt/ros/humble LD_LIBRARY_PATH=/workspace/koch_control/install/interbotix_xs_ros_control/lib:/workspace/koch_control/install/interbotix_xs_driver/lib:/workspace/koch_control/install/interbotix_xs_msgs/lib:/workspace/koch_control/install/dynamixel_workbench_toolbox/lib:${LD_LIBRARY_PATH} PYTHONPATH=/workspace/koch_control/build/interbotix_xs_modules:/workspace/koch_control/install/interbotix_xs_modules/lib/python3.10/site-packages:/workspace/koch_control/install/interbotix_xs_msgs/local/lib/python3.10/dist-packages:/workspace/koch_control/build/interbotix_common_modules:/workspace/koch_control/install/interbotix_common_modules/lib/python3.10/site-packages:${PYTHONPATH} /usr/bin/cmake --build /workspace/koch_control/build/interbotix_xsarm_sim -- -j32 -l32
[1.036s] DEBUG:colcon.colcon_core.event_handler.log_command:Invoking command in '/workspace/koch_control/build/interbotix_xsarm_ros_control': AMENT_PREFIX_PATH=/workspace/koch_control/install/interbotix_xsarm_descriptions:/workspace/koch_control/install/interbotix_xs_modules:/workspace/koch_control/install/interbotix_xs_sdk:/workspace/koch_control/install/interbotix_xs_ros_control:/workspace/koch_control/install/interbotix_xs_driver:/workspace/koch_control/install/interbotix_xs_msgs:/workspace/koch_control/install/interbotix_common_modules:/workspace/koch_control/install/dynamixel_workbench_toolbox:${AMENT_PREFIX_PATH} CMAKE_PREFIX_PATH=/workspace/koch_control/install/interbotix_xsarm_descriptions:/workspace/koch_control/install/interbotix_xs_sdk:/workspace/koch_control/install/interbotix_xs_ros_control:/workspace/koch_control/install/interbotix_xs_driver:/workspace/koch_control/install/interbotix_xs_msgs:/workspace/koch_control/install/dynamixel_workbench_toolbox:/opt/ros/humble LD_LIBRARY_PATH=/workspace/koch_control/install/interbotix_xs_ros_control/lib:/workspace/koch_control/install/interbotix_xs_driver/lib:/workspace/koch_control/install/interbotix_xs_msgs/lib:/workspace/koch_control/install/dynamixel_workbench_toolbox/lib:${LD_LIBRARY_PATH} PYTHONPATH=/workspace/koch_control/build/interbotix_xs_modules:/workspace/koch_control/install/interbotix_xs_modules/lib/python3.10/site-packages:/workspace/koch_control/install/interbotix_xs_msgs/local/lib/python3.10/dist-packages:/workspace/koch_control/build/interbotix_common_modules:/workspace/koch_control/install/interbotix_common_modules/lib/python3.10/site-packages:${PYTHONPATH} /usr/bin/cmake /workspace/koch_control/interbotix_ros_manipulators/interbotix_ros_xsarms/interbotix_xsarm_ros_control -DAMENT_CMAKE_SYMLINK_INSTALL=1 -DCMAKE_INSTALL_PREFIX=/workspace/koch_control/install/interbotix_xsarm_ros_control
[1.037s] DEBUG:colcon.colcon_core.event_handler.log_command:Invoking command in '/workspace/koch_control/build/interbotix_xsarm_joy': AMENT_PREFIX_PATH=/workspace/koch_control/install/interbotix_xsarm_descriptions:/workspace/koch_control/install/interbotix_xs_modules:/workspace/koch_control/install/interbotix_xs_sdk:/workspace/koch_control/install/interbotix_xs_driver:/workspace/koch_control/install/interbotix_xs_msgs:/workspace/koch_control/install/interbotix_common_modules:/workspace/koch_control/install/dynamixel_workbench_toolbox:${AMENT_PREFIX_PATH} CMAKE_PREFIX_PATH=/workspace/koch_control/install/interbotix_xsarm_descriptions:/workspace/koch_control/install/interbotix_xs_sdk:/workspace/koch_control/install/interbotix_xs_driver:/workspace/koch_control/install/interbotix_xs_msgs:/workspace/koch_control/install/dynamixel_workbench_toolbox:/opt/ros/humble LD_LIBRARY_PATH=/workspace/koch_control/install/interbotix_xs_driver/lib:/workspace/koch_control/install/interbotix_xs_msgs/lib:/workspace/koch_control/install/dynamixel_workbench_toolbox/lib:${LD_LIBRARY_PATH} PYTHONPATH=/workspace/koch_control/build/interbotix_xs_modules:/workspace/koch_control/install/interbotix_xs_modules/lib/python3.10/site-packages:/workspace/koch_control/install/interbotix_xs_msgs/local/lib/python3.10/dist-packages:/workspace/koch_control/build/interbotix_common_modules:/workspace/koch_control/install/interbotix_common_modules/lib/python3.10/site-packages:${PYTHONPATH} /usr/bin/cmake /workspace/koch_control/interbotix_ros_manipulators/interbotix_ros_xsarms/examples/interbotix_xsarm_joy -DAMENT_CMAKE_SYMLINK_INSTALL=1 -DCMAKE_INSTALL_PREFIX=/workspace/koch_control/install/interbotix_xsarm_joy
[1.039s] DEBUG:colcon.colcon_core.event_handler.log_command:Invoking command in '/workspace/koch_control/build/interbotix_xsarm_dual': AMENT_PREFIX_PATH=/workspace/koch_control/install/interbotix_xsarm_descriptions:/workspace/koch_control/install/interbotix_xs_modules:/workspace/koch_control/install/interbotix_xs_sdk:/workspace/koch_control/install/interbotix_xs_driver:/workspace/koch_control/install/interbotix_xs_msgs:/workspace/koch_control/install/interbotix_common_modules:/workspace/koch_control/install/dynamixel_workbench_toolbox:${AMENT_PREFIX_PATH} CMAKE_PREFIX_PATH=/workspace/koch_control/install/interbotix_xsarm_descriptions:/workspace/koch_control/install/interbotix_xs_sdk:/workspace/koch_control/install/interbotix_xs_driver:/workspace/koch_control/install/interbotix_xs_msgs:/workspace/koch_control/install/dynamixel_workbench_toolbox:/opt/ros/humble LD_LIBRARY_PATH=/workspace/koch_control/install/interbotix_xs_driver/lib:/workspace/koch_control/install/interbotix_xs_msgs/lib:/workspace/koch_control/install/dynamixel_workbench_toolbox/lib:${LD_LIBRARY_PATH} PYTHONPATH=/workspace/koch_control/build/interbotix_xs_modules:/workspace/koch_control/install/interbotix_xs_modules/lib/python3.10/site-packages:/workspace/koch_control/install/interbotix_xs_msgs/local/lib/python3.10/dist-packages:/workspace/koch_control/build/interbotix_common_modules:/workspace/koch_control/install/interbotix_common_modules/lib/python3.10/site-packages:${PYTHONPATH} /usr/bin/cmake /workspace/koch_control/interbotix_ros_manipulators/interbotix_ros_xsarms/examples/interbotix_xsarm_dual -DAMENT_CMAKE_SYMLINK_INSTALL=1 -DCMAKE_INSTALL_PREFIX=/workspace/koch_control/install/interbotix_xsarm_dual
[1.040s] DEBUG:colcon.colcon_core.event_handler.log_command:Invoking command in '/workspace/koch_control/build/interbotix_xsarm_gravity_compensation': AMENT_PREFIX_PATH=/workspace/koch_control/install/interbotix_xsarm_descriptions:/workspace/koch_control/install/interbotix_xs_modules:/workspace/koch_control/install/interbotix_xs_sdk:/workspace/koch_control/install/interbotix_xs_driver:/workspace/koch_control/install/interbotix_gravity_compensation:/workspace/koch_control/install/interbotix_xs_msgs:/workspace/koch_control/install/interbotix_common_modules:/workspace/koch_control/install/dynamixel_workbench_toolbox:${AMENT_PREFIX_PATH} CMAKE_PREFIX_PATH=/workspace/koch_control/install/interbotix_xsarm_descriptions:/workspace/koch_control/install/interbotix_xs_sdk:/workspace/koch_control/install/interbotix_xs_driver:/workspace/koch_control/install/interbotix_gravity_compensation:/workspace/koch_control/install/interbotix_xs_msgs:/workspace/koch_control/install/dynamixel_workbench_toolbox:/opt/ros/humble LD_LIBRARY_PATH=/workspace/koch_control/install/interbotix_xs_driver/lib:/workspace/koch_control/install/interbotix_xs_msgs/lib:/workspace/koch_control/install/dynamixel_workbench_toolbox/lib:${LD_LIBRARY_PATH} PYTHONPATH=/workspace/koch_control/build/interbotix_xs_modules:/workspace/koch_control/install/interbotix_xs_modules/lib/python3.10/site-packages:/workspace/koch_control/install/interbotix_xs_msgs/local/lib/python3.10/dist-packages:/workspace/koch_control/build/interbotix_common_modules:/workspace/koch_control/install/interbotix_common_modules/lib/python3.10/site-packages:${PYTHONPATH} /usr/bin/cmake /workspace/koch_control/interbotix_ros_manipulators/interbotix_ros_xsarms/examples/interbotix_xsarm_gravity_compensation -DAMENT_CMAKE_SYMLINK_INSTALL=1 -DCMAKE_INSTALL_PREFIX=/workspace/koch_control/install/interbotix_xsarm_gravity_compensation
[1.041s] DEBUG:colcon.colcon_core.event_handler.log_command:Invoking command in '/workspace/koch_control/build/interbotix_xsarm_puppet': AMENT_PREFIX_PATH=/workspace/koch_control/install/interbotix_xsarm_descriptions:/workspace/koch_control/install/interbotix_xs_modules:/workspace/koch_control/install/interbotix_xs_sdk:/workspace/koch_control/install/interbotix_xs_driver:/workspace/koch_control/install/interbotix_xs_msgs:/workspace/koch_control/install/interbotix_common_modules:/workspace/koch_control/install/dynamixel_workbench_toolbox:${AMENT_PREFIX_PATH} CMAKE_PREFIX_PATH=/workspace/koch_control/install/interbotix_xsarm_descriptions:/workspace/koch_control/install/interbotix_xs_sdk:/workspace/koch_control/install/interbotix_xs_driver:/workspace/koch_control/install/interbotix_xs_msgs:/workspace/koch_control/install/dynamixel_workbench_toolbox:/opt/ros/humble LD_LIBRARY_PATH=/workspace/koch_control/install/interbotix_xs_driver/lib:/workspace/koch_control/install/interbotix_xs_msgs/lib:/workspace/koch_control/install/dynamixel_workbench_toolbox/lib:${LD_LIBRARY_PATH} PYTHONPATH=/workspace/koch_control/build/interbotix_xs_modules:/workspace/koch_control/install/interbotix_xs_modules/lib/python3.10/site-packages:/workspace/koch_control/install/interbotix_xs_msgs/local/lib/python3.10/dist-packages:/workspace/koch_control/build/interbotix_common_modules:/workspace/koch_control/install/interbotix_common_modules/lib/python3.10/site-packages:${PYTHONPATH} /usr/bin/cmake /workspace/koch_control/interbotix_ros_manipulators/interbotix_ros_xsarms/examples/interbotix_xsarm_puppet -DAMENT_CMAKE_SYMLINK_INSTALL=1 -DCMAKE_INSTALL_PREFIX=/workspace/koch_control/install/interbotix_xsarm_puppet
[1.053s] DEBUG:colcon.colcon_core.event_handler.log_command:Invoked command in '/workspace/koch_control/build/interbotix_xsarm_sim' returned '0': AMENT_PREFIX_PATH=/workspace/koch_control/install/interbotix_xsarm_descriptions:/workspace/koch_control/install/interbotix_xs_modules:/workspace/koch_control/install/interbotix_xs_sdk:/workspace/koch_control/install/interbotix_xs_ros_control:/workspace/koch_control/install/interbotix_xs_driver:/workspace/koch_control/install/interbotix_xs_msgs:/workspace/koch_control/install/interbotix_common_sim:/workspace/koch_control/install/interbotix_common_modules:/workspace/koch_control/install/dynamixel_workbench_toolbox:${AMENT_PREFIX_PATH} CMAKE_PREFIX_PATH=/workspace/koch_control/install/interbotix_xsarm_descriptions:/workspace/koch_control/install/interbotix_xs_sdk:/workspace/koch_control/install/interbotix_xs_ros_control:/workspace/koch_control/install/interbotix_xs_driver:/workspace/koch_control/install/interbotix_xs_msgs:/workspace/koch_control/install/interbotix_common_sim:/workspace/koch_control/install/dynamixel_workbench_toolbox:/opt/ros/humble LD_LIBRARY_PATH=/workspace/koch_control/install/interbotix_xs_ros_control/lib:/workspace/koch_control/install/interbotix_xs_driver/lib:/workspace/koch_control/install/interbotix_xs_msgs/lib:/workspace/koch_control/install/dynamixel_workbench_toolbox/lib:${LD_LIBRARY_PATH} PYTHONPATH=/workspace/koch_control/build/interbotix_xs_modules:/workspace/koch_control/install/interbotix_xs_modules/lib/python3.10/site-packages:/workspace/koch_control/install/interbotix_xs_msgs/local/lib/python3.10/dist-packages:/workspace/koch_control/build/interbotix_common_modules:/workspace/koch_control/install/interbotix_common_modules/lib/python3.10/site-packages:${PYTHONPATH} /usr/bin/cmake --build /workspace/koch_control/build/interbotix_xsarm_sim -- -j32 -l32
[1.054s] DEBUG:colcon.colcon_core.event_handler.log_command:Invoking command in '/workspace/koch_control/build/interbotix_xsarm_sim': AMENT_PREFIX_PATH=/workspace/koch_control/install/interbotix_xsarm_descriptions:/workspace/koch_control/install/interbotix_xs_modules:/workspace/koch_control/install/interbotix_xs_sdk:/workspace/koch_control/install/interbotix_xs_ros_control:/workspace/koch_control/install/interbotix_xs_driver:/workspace/koch_control/install/interbotix_xs_msgs:/workspace/koch_control/install/interbotix_common_sim:/workspace/koch_control/install/interbotix_common_modules:/workspace/koch_control/install/dynamixel_workbench_toolbox:${AMENT_PREFIX_PATH} CMAKE_PREFIX_PATH=/workspace/koch_control/install/interbotix_xsarm_descriptions:/workspace/koch_control/install/interbotix_xs_sdk:/workspace/koch_control/install/interbotix_xs_ros_control:/workspace/koch_control/install/interbotix_xs_driver:/workspace/koch_control/install/interbotix_xs_msgs:/workspace/koch_control/install/interbotix_common_sim:/workspace/koch_control/install/dynamixel_workbench_toolbox:/opt/ros/humble LD_LIBRARY_PATH=/workspace/koch_control/install/interbotix_xs_ros_control/lib:/workspace/koch_control/install/interbotix_xs_driver/lib:/workspace/koch_control/install/interbotix_xs_msgs/lib:/workspace/koch_control/install/dynamixel_workbench_toolbox/lib:${LD_LIBRARY_PATH} PYTHONPATH=/workspace/koch_control/build/interbotix_xs_modules:/workspace/koch_control/install/interbotix_xs_modules/lib/python3.10/site-packages:/workspace/koch_control/install/interbotix_xs_msgs/local/lib/python3.10/dist-packages:/workspace/koch_control/build/interbotix_common_modules:/workspace/koch_control/install/interbotix_common_modules/lib/python3.10/site-packages:${PYTHONPATH} /usr/bin/cmake --install /workspace/koch_control/build/interbotix_xsarm_sim
[1.065s] Level 1:colcon.colcon_core.environment:create_environment_scripts_only(interbotix_xsarm_sim)
[1.065s] Level 1:colcon.colcon_core.environment:checking '/workspace/koch_control/install/interbotix_xsarm_sim' for CMake module files
[1.065s] DEBUG:colcon.colcon_core.event_handler.log_command:Invoked command in '/workspace/koch_control/build/interbotix_xsarm_sim' returned '0': AMENT_PREFIX_PATH=/workspace/koch_control/install/interbotix_xsarm_descriptions:/workspace/koch_control/install/interbotix_xs_modules:/workspace/koch_control/install/interbotix_xs_sdk:/workspace/koch_control/install/interbotix_xs_ros_control:/workspace/koch_control/install/interbotix_xs_driver:/workspace/koch_control/install/interbotix_xs_msgs:/workspace/koch_control/install/interbotix_common_sim:/workspace/koch_control/install/interbotix_common_modules:/workspace/koch_control/install/dynamixel_workbench_toolbox:${AMENT_PREFIX_PATH} CMAKE_PREFIX_PATH=/workspace/koch_control/install/interbotix_xsarm_descriptions:/workspace/koch_control/install/interbotix_xs_sdk:/workspace/koch_control/install/interbotix_xs_ros_control:/workspace/koch_control/install/interbotix_xs_driver:/workspace/koch_control/install/interbotix_xs_msgs:/workspace/koch_control/install/interbotix_common_sim:/workspace/koch_control/install/dynamixel_workbench_toolbox:/opt/ros/humble LD_LIBRARY_PATH=/workspace/koch_control/install/interbotix_xs_ros_control/lib:/workspace/koch_control/install/interbotix_xs_driver/lib:/workspace/koch_control/install/interbotix_xs_msgs/lib:/workspace/koch_control/install/dynamixel_workbench_toolbox/lib:${LD_LIBRARY_PATH} PYTHONPATH=/workspace/koch_control/build/interbotix_xs_modules:/workspace/koch_control/install/interbotix_xs_modules/lib/python3.10/site-packages:/workspace/koch_control/install/interbotix_xs_msgs/local/lib/python3.10/dist-packages:/workspace/koch_control/build/interbotix_common_modules:/workspace/koch_control/install/interbotix_common_modules/lib/python3.10/site-packages:${PYTHONPATH} /usr/bin/cmake --install /workspace/koch_control/build/interbotix_xsarm_sim
[1.066s] Level 1:colcon.colcon_core.environment:checking '/workspace/koch_control/install/interbotix_xsarm_sim' for CMake config files
[1.066s] Level 1:colcon.colcon_core.shell:create_environment_hook('interbotix_xsarm_sim', 'cmake_prefix_path')
[1.066s] INFO:colcon.colcon_core.shell:Creating environment hook '/workspace/koch_control/install/interbotix_xsarm_sim/share/interbotix_xsarm_sim/hook/cmake_prefix_path.ps1'
[1.066s] INFO:colcon.colcon_core.shell:Creating environment descriptor '/workspace/koch_control/install/interbotix_xsarm_sim/share/interbotix_xsarm_sim/hook/cmake_prefix_path.dsv'
[1.066s] INFO:colcon.colcon_core.shell:Creating environment hook '/workspace/koch_control/install/interbotix_xsarm_sim/share/interbotix_xsarm_sim/hook/cmake_prefix_path.sh'
[1.067s] Level 1:colcon.colcon_core.environment:checking '/workspace/koch_control/install/interbotix_xsarm_sim/bin'
[1.067s] Level 1:colcon.colcon_core.environment:checking '/workspace/koch_control/install/interbotix_xsarm_sim/lib/pkgconfig/interbotix_xsarm_sim.pc'
[1.067s] Level 1:colcon.colcon_core.environment:checking '/workspace/koch_control/install/interbotix_xsarm_sim/lib/python3.10/site-packages'
[1.067s] Level 1:colcon.colcon_core.environment:checking '/workspace/koch_control/install/interbotix_xsarm_sim/bin'
[1.067s] INFO:colcon.colcon_core.shell:Creating package script '/workspace/koch_control/install/interbotix_xsarm_sim/share/interbotix_xsarm_sim/package.ps1'
[1.067s] INFO:colcon.colcon_core.shell:Creating package descriptor '/workspace/koch_control/install/interbotix_xsarm_sim/share/interbotix_xsarm_sim/package.dsv'
[1.067s] INFO:colcon.colcon_core.shell:Creating package script '/workspace/koch_control/install/interbotix_xsarm_sim/share/interbotix_xsarm_sim/package.sh'
[1.068s] INFO:colcon.colcon_core.shell:Creating package script '/workspace/koch_control/install/interbotix_xsarm_sim/share/interbotix_xsarm_sim/package.bash'
[1.068s] INFO:colcon.colcon_core.shell:Creating package script '/workspace/koch_control/install/interbotix_xsarm_sim/share/interbotix_xsarm_sim/package.zsh'
[1.068s] Level 1:colcon.colcon_core.environment:create_file_with_runtime_dependencies(/workspace/koch_control/install/interbotix_xsarm_sim/share/colcon-core/packages/interbotix_xsarm_sim)
[1.068s] Level 1:colcon.colcon_core.environment:create_environment_scripts_only(interbotix_xsarm_sim)
[1.068s] Level 1:colcon.colcon_core.environment:checking '/workspace/koch_control/install/interbotix_xsarm_sim' for CMake module files
[1.068s] Level 1:colcon.colcon_core.environment:checking '/workspace/koch_control/install/interbotix_xsarm_sim' for CMake config files
[1.069s] Level 1:colcon.colcon_core.shell:create_environment_hook('interbotix_xsarm_sim', 'cmake_prefix_path')
[1.069s] INFO:colcon.colcon_core.shell:Creating environment hook '/workspace/koch_control/install/interbotix_xsarm_sim/share/interbotix_xsarm_sim/hook/cmake_prefix_path.ps1'
[1.069s] INFO:colcon.colcon_core.shell:Creating environment descriptor '/workspace/koch_control/install/interbotix_xsarm_sim/share/interbotix_xsarm_sim/hook/cmake_prefix_path.dsv'
[1.069s] INFO:colcon.colcon_core.shell:Creating environment hook '/workspace/koch_control/install/interbotix_xsarm_sim/share/interbotix_xsarm_sim/hook/cmake_prefix_path.sh'
[1.069s] Level 1:colcon.colcon_core.environment:checking '/workspace/koch_control/install/interbotix_xsarm_sim/bin'
[1.069s] Level 1:colcon.colcon_core.environment:checking '/workspace/koch_control/install/interbotix_xsarm_sim/lib/pkgconfig/interbotix_xsarm_sim.pc'
[1.069s] Level 1:colcon.colcon_core.environment:checking '/workspace/koch_control/install/interbotix_xsarm_sim/lib/python3.10/site-packages'
[1.069s] Level 1:colcon.colcon_core.environment:checking '/workspace/koch_control/install/interbotix_xsarm_sim/bin'
[1.070s] INFO:colcon.colcon_core.shell:Creating package script '/workspace/koch_control/install/interbotix_xsarm_sim/share/interbotix_xsarm_sim/package.ps1'
[1.070s] INFO:colcon.colcon_core.shell:Creating package descriptor '/workspace/koch_control/install/interbotix_xsarm_sim/share/interbotix_xsarm_sim/package.dsv'
[1.070s] INFO:colcon.colcon_core.shell:Creating package script '/workspace/koch_control/install/interbotix_xsarm_sim/share/interbotix_xsarm_sim/package.sh'
[1.070s] INFO:colcon.colcon_core.shell:Creating package script '/workspace/koch_control/install/interbotix_xsarm_sim/share/interbotix_xsarm_sim/package.bash'
[1.070s] INFO:colcon.colcon_core.shell:Creating package script '/workspace/koch_control/install/interbotix_xsarm_sim/share/interbotix_xsarm_sim/package.zsh'
[1.070s] Level 1:colcon.colcon_core.environment:create_file_with_runtime_dependencies(/workspace/koch_control/install/interbotix_xsarm_sim/share/colcon-core/packages/interbotix_xsarm_sim)
[1.343s] DEBUG:colcon.colcon_core.event_handler.log_command:Invoked command in '/workspace/koch_control/build/interbotix_xsarm_gravity_compensation' returned '0': AMENT_PREFIX_PATH=/workspace/koch_control/install/interbotix_xsarm_descriptions:/workspace/koch_control/install/interbotix_xs_modules:/workspace/koch_control/install/interbotix_xs_sdk:/workspace/koch_control/install/interbotix_xs_driver:/workspace/koch_control/install/interbotix_gravity_compensation:/workspace/koch_control/install/interbotix_xs_msgs:/workspace/koch_control/install/interbotix_common_modules:/workspace/koch_control/install/dynamixel_workbench_toolbox:${AMENT_PREFIX_PATH} CMAKE_PREFIX_PATH=/workspace/koch_control/install/interbotix_xsarm_descriptions:/workspace/koch_control/install/interbotix_xs_sdk:/workspace/koch_control/install/interbotix_xs_driver:/workspace/koch_control/install/interbotix_gravity_compensation:/workspace/koch_control/install/interbotix_xs_msgs:/workspace/koch_control/install/dynamixel_workbench_toolbox:/opt/ros/humble LD_LIBRARY_PATH=/workspace/koch_control/install/interbotix_xs_driver/lib:/workspace/koch_control/install/interbotix_xs_msgs/lib:/workspace/koch_control/install/dynamixel_workbench_toolbox/lib:${LD_LIBRARY_PATH} PYTHONPATH=/workspace/koch_control/build/interbotix_xs_modules:/workspace/koch_control/install/interbotix_xs_modules/lib/python3.10/site-packages:/workspace/koch_control/install/interbotix_xs_msgs/local/lib/python3.10/dist-packages:/workspace/koch_control/build/interbotix_common_modules:/workspace/koch_control/install/interbotix_common_modules/lib/python3.10/site-packages:${PYTHONPATH} /usr/bin/cmake /workspace/koch_control/interbotix_ros_manipulators/interbotix_ros_xsarms/examples/interbotix_xsarm_gravity_compensation -DAMENT_CMAKE_SYMLINK_INSTALL=1 -DCMAKE_INSTALL_PREFIX=/workspace/koch_control/install/interbotix_xsarm_gravity_compensation
[1.344s] DEBUG:colcon.colcon_core.event_handler.log_command:Invoking command in '/workspace/koch_control/build/interbotix_xsarm_gravity_compensation': AMENT_PREFIX_PATH=/workspace/koch_control/install/interbotix_xsarm_descriptions:/workspace/koch_control/install/interbotix_xs_modules:/workspace/koch_control/install/interbotix_xs_sdk:/workspace/koch_control/install/interbotix_xs_driver:/workspace/koch_control/install/interbotix_gravity_compensation:/workspace/koch_control/install/interbotix_xs_msgs:/workspace/koch_control/install/interbotix_common_modules:/workspace/koch_control/install/dynamixel_workbench_toolbox:${AMENT_PREFIX_PATH} CMAKE_PREFIX_PATH=/workspace/koch_control/install/interbotix_xsarm_descriptions:/workspace/koch_control/install/interbotix_xs_sdk:/workspace/koch_control/install/interbotix_xs_driver:/workspace/koch_control/install/interbotix_gravity_compensation:/workspace/koch_control/install/interbotix_xs_msgs:/workspace/koch_control/install/dynamixel_workbench_toolbox:/opt/ros/humble LD_LIBRARY_PATH=/workspace/koch_control/install/interbotix_xs_driver/lib:/workspace/koch_control/install/interbotix_xs_msgs/lib:/workspace/koch_control/install/dynamixel_workbench_toolbox/lib:${LD_LIBRARY_PATH} PYTHONPATH=/workspace/koch_control/build/interbotix_xs_modules:/workspace/koch_control/install/interbotix_xs_modules/lib/python3.10/site-packages:/workspace/koch_control/install/interbotix_xs_msgs/local/lib/python3.10/dist-packages:/workspace/koch_control/build/interbotix_common_modules:/workspace/koch_control/install/interbotix_common_modules/lib/python3.10/site-packages:${PYTHONPATH} /usr/bin/cmake --build /workspace/koch_control/build/interbotix_xsarm_gravity_compensation -- -j32 -l32
[1.345s] DEBUG:colcon.colcon_core.event_handler.log_command:Invoked command in '/workspace/koch_control/build/interbotix_xsarm_ros_control' returned '0': AMENT_PREFIX_PATH=/workspace/koch_control/install/interbotix_xsarm_descriptions:/workspace/koch_control/install/interbotix_xs_modules:/workspace/koch_control/install/interbotix_xs_sdk:/workspace/koch_control/install/interbotix_xs_ros_control:/workspace/koch_control/install/interbotix_xs_driver:/workspace/koch_control/install/interbotix_xs_msgs:/workspace/koch_control/install/interbotix_common_modules:/workspace/koch_control/install/dynamixel_workbench_toolbox:${AMENT_PREFIX_PATH} CMAKE_PREFIX_PATH=/workspace/koch_control/install/interbotix_xsarm_descriptions:/workspace/koch_control/install/interbotix_xs_sdk:/workspace/koch_control/install/interbotix_xs_ros_control:/workspace/koch_control/install/interbotix_xs_driver:/workspace/koch_control/install/interbotix_xs_msgs:/workspace/koch_control/install/dynamixel_workbench_toolbox:/opt/ros/humble LD_LIBRARY_PATH=/workspace/koch_control/install/interbotix_xs_ros_control/lib:/workspace/koch_control/install/interbotix_xs_driver/lib:/workspace/koch_control/install/interbotix_xs_msgs/lib:/workspace/koch_control/install/dynamixel_workbench_toolbox/lib:${LD_LIBRARY_PATH} PYTHONPATH=/workspace/koch_control/build/interbotix_xs_modules:/workspace/koch_control/install/interbotix_xs_modules/lib/python3.10/site-packages:/workspace/koch_control/install/interbotix_xs_msgs/local/lib/python3.10/dist-packages:/workspace/koch_control/build/interbotix_common_modules:/workspace/koch_control/install/interbotix_common_modules/lib/python3.10/site-packages:${PYTHONPATH} /usr/bin/cmake /workspace/koch_control/interbotix_ros_manipulators/interbotix_ros_xsarms/interbotix_xsarm_ros_control -DAMENT_CMAKE_SYMLINK_INSTALL=1 -DCMAKE_INSTALL_PREFIX=/workspace/koch_control/install/interbotix_xsarm_ros_control
[1.346s] DEBUG:colcon.colcon_core.event_handler.log_command:Invoking command in '/workspace/koch_control/build/interbotix_xsarm_ros_control': AMENT_PREFIX_PATH=/workspace/koch_control/install/interbotix_xsarm_descriptions:/workspace/koch_control/install/interbotix_xs_modules:/workspace/koch_control/install/interbotix_xs_sdk:/workspace/koch_control/install/interbotix_xs_ros_control:/workspace/koch_control/install/interbotix_xs_driver:/workspace/koch_control/install/interbotix_xs_msgs:/workspace/koch_control/install/interbotix_common_modules:/workspace/koch_control/install/dynamixel_workbench_toolbox:${AMENT_PREFIX_PATH} CMAKE_PREFIX_PATH=/workspace/koch_control/install/interbotix_xsarm_descriptions:/workspace/koch_control/install/interbotix_xs_sdk:/workspace/koch_control/install/interbotix_xs_ros_control:/workspace/koch_control/install/interbotix_xs_driver:/workspace/koch_control/install/interbotix_xs_msgs:/workspace/koch_control/install/dynamixel_workbench_toolbox:/opt/ros/humble LD_LIBRARY_PATH=/workspace/koch_control/install/interbotix_xs_ros_control/lib:/workspace/koch_control/install/interbotix_xs_driver/lib:/workspace/koch_control/install/interbotix_xs_msgs/lib:/workspace/koch_control/install/dynamixel_workbench_toolbox/lib:${LD_LIBRARY_PATH} PYTHONPATH=/workspace/koch_control/build/interbotix_xs_modules:/workspace/koch_control/install/interbotix_xs_modules/lib/python3.10/site-packages:/workspace/koch_control/install/interbotix_xs_msgs/local/lib/python3.10/dist-packages:/workspace/koch_control/build/interbotix_common_modules:/workspace/koch_control/install/interbotix_common_modules/lib/python3.10/site-packages:${PYTHONPATH} /usr/bin/cmake --build /workspace/koch_control/build/interbotix_xsarm_ros_control -- -j32 -l32
[1.346s] DEBUG:colcon.colcon_core.event_handler.log_command:Invoked command in '/workspace/koch_control/build/interbotix_xsarm_dual' returned '0': AMENT_PREFIX_PATH=/workspace/koch_control/install/interbotix_xsarm_descriptions:/workspace/koch_control/install/interbotix_xs_modules:/workspace/koch_control/install/interbotix_xs_sdk:/workspace/koch_control/install/interbotix_xs_driver:/workspace/koch_control/install/interbotix_xs_msgs:/workspace/koch_control/install/interbotix_common_modules:/workspace/koch_control/install/dynamixel_workbench_toolbox:${AMENT_PREFIX_PATH} CMAKE_PREFIX_PATH=/workspace/koch_control/install/interbotix_xsarm_descriptions:/workspace/koch_control/install/interbotix_xs_sdk:/workspace/koch_control/install/interbotix_xs_driver:/workspace/koch_control/install/interbotix_xs_msgs:/workspace/koch_control/install/dynamixel_workbench_toolbox:/opt/ros/humble LD_LIBRARY_PATH=/workspace/koch_control/install/interbotix_xs_driver/lib:/workspace/koch_control/install/interbotix_xs_msgs/lib:/workspace/koch_control/install/dynamixel_workbench_toolbox/lib:${LD_LIBRARY_PATH} PYTHONPATH=/workspace/koch_control/build/interbotix_xs_modules:/workspace/koch_control/install/interbotix_xs_modules/lib/python3.10/site-packages:/workspace/koch_control/install/interbotix_xs_msgs/local/lib/python3.10/dist-packages:/workspace/koch_control/build/interbotix_common_modules:/workspace/koch_control/install/interbotix_common_modules/lib/python3.10/site-packages:${PYTHONPATH} /usr/bin/cmake /workspace/koch_control/interbotix_ros_manipulators/interbotix_ros_xsarms/examples/interbotix_xsarm_dual -DAMENT_CMAKE_SYMLINK_INSTALL=1 -DCMAKE_INSTALL_PREFIX=/workspace/koch_control/install/interbotix_xsarm_dual
[1.347s] DEBUG:colcon.colcon_core.event_handler.log_command:Invoking command in '/workspace/koch_control/build/interbotix_xsarm_dual': AMENT_PREFIX_PATH=/workspace/koch_control/install/interbotix_xsarm_descriptions:/workspace/koch_control/install/interbotix_xs_modules:/workspace/koch_control/install/interbotix_xs_sdk:/workspace/koch_control/install/interbotix_xs_driver:/workspace/koch_control/install/interbotix_xs_msgs:/workspace/koch_control/install/interbotix_common_modules:/workspace/koch_control/install/dynamixel_workbench_toolbox:${AMENT_PREFIX_PATH} CMAKE_PREFIX_PATH=/workspace/koch_control/install/interbotix_xsarm_descriptions:/workspace/koch_control/install/interbotix_xs_sdk:/workspace/koch_control/install/interbotix_xs_driver:/workspace/koch_control/install/interbotix_xs_msgs:/workspace/koch_control/install/dynamixel_workbench_toolbox:/opt/ros/humble LD_LIBRARY_PATH=/workspace/koch_control/install/interbotix_xs_driver/lib:/workspace/koch_control/install/interbotix_xs_msgs/lib:/workspace/koch_control/install/dynamixel_workbench_toolbox/lib:${LD_LIBRARY_PATH} PYTHONPATH=/workspace/koch_control/build/interbotix_xs_modules:/workspace/koch_control/install/interbotix_xs_modules/lib/python3.10/site-packages:/workspace/koch_control/install/interbotix_xs_msgs/local/lib/python3.10/dist-packages:/workspace/koch_control/build/interbotix_common_modules:/workspace/koch_control/install/interbotix_common_modules/lib/python3.10/site-packages:${PYTHONPATH} /usr/bin/cmake --build /workspace/koch_control/build/interbotix_xsarm_dual -- -j32 -l32
[1.361s] DEBUG:colcon.colcon_core.event_handler.log_command:Invoked command in '/workspace/koch_control/build/interbotix_xsarm_gravity_compensation' returned '0': AMENT_PREFIX_PATH=/workspace/koch_control/install/interbotix_xsarm_descriptions:/workspace/koch_control/install/interbotix_xs_modules:/workspace/koch_control/install/interbotix_xs_sdk:/workspace/koch_control/install/interbotix_xs_driver:/workspace/koch_control/install/interbotix_gravity_compensation:/workspace/koch_control/install/interbotix_xs_msgs:/workspace/koch_control/install/interbotix_common_modules:/workspace/koch_control/install/dynamixel_workbench_toolbox:${AMENT_PREFIX_PATH} CMAKE_PREFIX_PATH=/workspace/koch_control/install/interbotix_xsarm_descriptions:/workspace/koch_control/install/interbotix_xs_sdk:/workspace/koch_control/install/interbotix_xs_driver:/workspace/koch_control/install/interbotix_gravity_compensation:/workspace/koch_control/install/interbotix_xs_msgs:/workspace/koch_control/install/dynamixel_workbench_toolbox:/opt/ros/humble LD_LIBRARY_PATH=/workspace/koch_control/install/interbotix_xs_driver/lib:/workspace/koch_control/install/interbotix_xs_msgs/lib:/workspace/koch_control/install/dynamixel_workbench_toolbox/lib:${LD_LIBRARY_PATH} PYTHONPATH=/workspace/koch_control/build/interbotix_xs_modules:/workspace/koch_control/install/interbotix_xs_modules/lib/python3.10/site-packages:/workspace/koch_control/install/interbotix_xs_msgs/local/lib/python3.10/dist-packages:/workspace/koch_control/build/interbotix_common_modules:/workspace/koch_control/install/interbotix_common_modules/lib/python3.10/site-packages:${PYTHONPATH} /usr/bin/cmake --build /workspace/koch_control/build/interbotix_xsarm_gravity_compensation -- -j32 -l32
[1.362s] DEBUG:colcon.colcon_core.event_handler.log_command:Invoking command in '/workspace/koch_control/build/interbotix_xsarm_gravity_compensation': AMENT_PREFIX_PATH=/workspace/koch_control/install/interbotix_xsarm_descriptions:/workspace/koch_control/install/interbotix_xs_modules:/workspace/koch_control/install/interbotix_xs_sdk:/workspace/koch_control/install/interbotix_xs_driver:/workspace/koch_control/install/interbotix_gravity_compensation:/workspace/koch_control/install/interbotix_xs_msgs:/workspace/koch_control/install/interbotix_common_modules:/workspace/koch_control/install/dynamixel_workbench_toolbox:${AMENT_PREFIX_PATH} CMAKE_PREFIX_PATH=/workspace/koch_control/install/interbotix_xsarm_descriptions:/workspace/koch_control/install/interbotix_xs_sdk:/workspace/koch_control/install/interbotix_xs_driver:/workspace/koch_control/install/interbotix_gravity_compensation:/workspace/koch_control/install/interbotix_xs_msgs:/workspace/koch_control/install/dynamixel_workbench_toolbox:/opt/ros/humble LD_LIBRARY_PATH=/workspace/koch_control/install/interbotix_xs_driver/lib:/workspace/koch_control/install/interbotix_xs_msgs/lib:/workspace/koch_control/install/dynamixel_workbench_toolbox/lib:${LD_LIBRARY_PATH} PYTHONPATH=/workspace/koch_control/build/interbotix_xs_modules:/workspace/koch_control/install/interbotix_xs_modules/lib/python3.10/site-packages:/workspace/koch_control/install/interbotix_xs_msgs/local/lib/python3.10/dist-packages:/workspace/koch_control/build/interbotix_common_modules:/workspace/koch_control/install/interbotix_common_modules/lib/python3.10/site-packages:${PYTHONPATH} /usr/bin/cmake --install /workspace/koch_control/build/interbotix_xsarm_gravity_compensation
[1.363s] DEBUG:colcon.colcon_core.event_handler.log_command:Invoked command in '/workspace/koch_control/build/interbotix_xsarm_ros_control' returned '0': AMENT_PREFIX_PATH=/workspace/koch_control/install/interbotix_xsarm_descriptions:/workspace/koch_control/install/interbotix_xs_modules:/workspace/koch_control/install/interbotix_xs_sdk:/workspace/koch_control/install/interbotix_xs_ros_control:/workspace/koch_control/install/interbotix_xs_driver:/workspace/koch_control/install/interbotix_xs_msgs:/workspace/koch_control/install/interbotix_common_modules:/workspace/koch_control/install/dynamixel_workbench_toolbox:${AMENT_PREFIX_PATH} CMAKE_PREFIX_PATH=/workspace/koch_control/install/interbotix_xsarm_descriptions:/workspace/koch_control/install/interbotix_xs_sdk:/workspace/koch_control/install/interbotix_xs_ros_control:/workspace/koch_control/install/interbotix_xs_driver:/workspace/koch_control/install/interbotix_xs_msgs:/workspace/koch_control/install/dynamixel_workbench_toolbox:/opt/ros/humble LD_LIBRARY_PATH=/workspace/koch_control/install/interbotix_xs_ros_control/lib:/workspace/koch_control/install/interbotix_xs_driver/lib:/workspace/koch_control/install/interbotix_xs_msgs/lib:/workspace/koch_control/install/dynamixel_workbench_toolbox/lib:${LD_LIBRARY_PATH} PYTHONPATH=/workspace/koch_control/build/interbotix_xs_modules:/workspace/koch_control/install/interbotix_xs_modules/lib/python3.10/site-packages:/workspace/koch_control/install/interbotix_xs_msgs/local/lib/python3.10/dist-packages:/workspace/koch_control/build/interbotix_common_modules:/workspace/koch_control/install/interbotix_common_modules/lib/python3.10/site-packages:${PYTHONPATH} /usr/bin/cmake --build /workspace/koch_control/build/interbotix_xsarm_ros_control -- -j32 -l32
[1.364s] DEBUG:colcon.colcon_core.event_handler.log_command:Invoking command in '/workspace/koch_control/build/interbotix_xsarm_ros_control': AMENT_PREFIX_PATH=/workspace/koch_control/install/interbotix_xsarm_descriptions:/workspace/koch_control/install/interbotix_xs_modules:/workspace/koch_control/install/interbotix_xs_sdk:/workspace/koch_control/install/interbotix_xs_ros_control:/workspace/koch_control/install/interbotix_xs_driver:/workspace/koch_control/install/interbotix_xs_msgs:/workspace/koch_control/install/interbotix_common_modules:/workspace/koch_control/install/dynamixel_workbench_toolbox:${AMENT_PREFIX_PATH} CMAKE_PREFIX_PATH=/workspace/koch_control/install/interbotix_xsarm_descriptions:/workspace/koch_control/install/interbotix_xs_sdk:/workspace/koch_control/install/interbotix_xs_ros_control:/workspace/koch_control/install/interbotix_xs_driver:/workspace/koch_control/install/interbotix_xs_msgs:/workspace/koch_control/install/dynamixel_workbench_toolbox:/opt/ros/humble LD_LIBRARY_PATH=/workspace/koch_control/install/interbotix_xs_ros_control/lib:/workspace/koch_control/install/interbotix_xs_driver/lib:/workspace/koch_control/install/interbotix_xs_msgs/lib:/workspace/koch_control/install/dynamixel_workbench_toolbox/lib:${LD_LIBRARY_PATH} PYTHONPATH=/workspace/koch_control/build/interbotix_xs_modules:/workspace/koch_control/install/interbotix_xs_modules/lib/python3.10/site-packages:/workspace/koch_control/install/interbotix_xs_msgs/local/lib/python3.10/dist-packages:/workspace/koch_control/build/interbotix_common_modules:/workspace/koch_control/install/interbotix_common_modules/lib/python3.10/site-packages:${PYTHONPATH} /usr/bin/cmake --install /workspace/koch_control/build/interbotix_xsarm_ros_control
[1.364s] DEBUG:colcon.colcon_core.event_handler.log_command:Invoked command in '/workspace/koch_control/build/interbotix_xsarm_dual' returned '0': AMENT_PREFIX_PATH=/workspace/koch_control/install/interbotix_xsarm_descriptions:/workspace/koch_control/install/interbotix_xs_modules:/workspace/koch_control/install/interbotix_xs_sdk:/workspace/koch_control/install/interbotix_xs_driver:/workspace/koch_control/install/interbotix_xs_msgs:/workspace/koch_control/install/interbotix_common_modules:/workspace/koch_control/install/dynamixel_workbench_toolbox:${AMENT_PREFIX_PATH} CMAKE_PREFIX_PATH=/workspace/koch_control/install/interbotix_xsarm_descriptions:/workspace/koch_control/install/interbotix_xs_sdk:/workspace/koch_control/install/interbotix_xs_driver:/workspace/koch_control/install/interbotix_xs_msgs:/workspace/koch_control/install/dynamixel_workbench_toolbox:/opt/ros/humble LD_LIBRARY_PATH=/workspace/koch_control/install/interbotix_xs_driver/lib:/workspace/koch_control/install/interbotix_xs_msgs/lib:/workspace/koch_control/install/dynamixel_workbench_toolbox/lib:${LD_LIBRARY_PATH} PYTHONPATH=/workspace/koch_control/build/interbotix_xs_modules:/workspace/koch_control/install/interbotix_xs_modules/lib/python3.10/site-packages:/workspace/koch_control/install/interbotix_xs_msgs/local/lib/python3.10/dist-packages:/workspace/koch_control/build/interbotix_common_modules:/workspace/koch_control/install/interbotix_common_modules/lib/python3.10/site-packages:${PYTHONPATH} /usr/bin/cmake --build /workspace/koch_control/build/interbotix_xsarm_dual -- -j32 -l32
[1.364s] DEBUG:colcon.colcon_core.event_handler.log_command:Invoking command in '/workspace/koch_control/build/interbotix_xsarm_dual': AMENT_PREFIX_PATH=/workspace/koch_control/install/interbotix_xsarm_descriptions:/workspace/koch_control/install/interbotix_xs_modules:/workspace/koch_control/install/interbotix_xs_sdk:/workspace/koch_control/install/interbotix_xs_driver:/workspace/koch_control/install/interbotix_xs_msgs:/workspace/koch_control/install/interbotix_common_modules:/workspace/koch_control/install/dynamixel_workbench_toolbox:${AMENT_PREFIX_PATH} CMAKE_PREFIX_PATH=/workspace/koch_control/install/interbotix_xsarm_descriptions:/workspace/koch_control/install/interbotix_xs_sdk:/workspace/koch_control/install/interbotix_xs_driver:/workspace/koch_control/install/interbotix_xs_msgs:/workspace/koch_control/install/dynamixel_workbench_toolbox:/opt/ros/humble LD_LIBRARY_PATH=/workspace/koch_control/install/interbotix_xs_driver/lib:/workspace/koch_control/install/interbotix_xs_msgs/lib:/workspace/koch_control/install/dynamixel_workbench_toolbox/lib:${LD_LIBRARY_PATH} PYTHONPATH=/workspace/koch_control/build/interbotix_xs_modules:/workspace/koch_control/install/interbotix_xs_modules/lib/python3.10/site-packages:/workspace/koch_control/install/interbotix_xs_msgs/local/lib/python3.10/dist-packages:/workspace/koch_control/build/interbotix_common_modules:/workspace/koch_control/install/interbotix_common_modules/lib/python3.10/site-packages:${PYTHONPATH} /usr/bin/cmake --install /workspace/koch_control/build/interbotix_xsarm_dual
[1.429s] Level 1:colcon.colcon_core.environment:create_environment_scripts_only(interbotix_xsarm_gravity_compensation)
[1.430s] Level 1:colcon.colcon_core.environment:checking '/workspace/koch_control/install/interbotix_xsarm_gravity_compensation' for CMake module files
[1.430s] DEBUG:colcon.colcon_core.event_handler.log_command:Invoked command in '/workspace/koch_control/build/interbotix_xsarm_gravity_compensation' returned '0': AMENT_PREFIX_PATH=/workspace/koch_control/install/interbotix_xsarm_descriptions:/workspace/koch_control/install/interbotix_xs_modules:/workspace/koch_control/install/interbotix_xs_sdk:/workspace/koch_control/install/interbotix_xs_driver:/workspace/koch_control/install/interbotix_gravity_compensation:/workspace/koch_control/install/interbotix_xs_msgs:/workspace/koch_control/install/interbotix_common_modules:/workspace/koch_control/install/dynamixel_workbench_toolbox:${AMENT_PREFIX_PATH} CMAKE_PREFIX_PATH=/workspace/koch_control/install/interbotix_xsarm_descriptions:/workspace/koch_control/install/interbotix_xs_sdk:/workspace/koch_control/install/interbotix_xs_driver:/workspace/koch_control/install/interbotix_gravity_compensation:/workspace/koch_control/install/interbotix_xs_msgs:/workspace/koch_control/install/dynamixel_workbench_toolbox:/opt/ros/humble LD_LIBRARY_PATH=/workspace/koch_control/install/interbotix_xs_driver/lib:/workspace/koch_control/install/interbotix_xs_msgs/lib:/workspace/koch_control/install/dynamixel_workbench_toolbox/lib:${LD_LIBRARY_PATH} PYTHONPATH=/workspace/koch_control/build/interbotix_xs_modules:/workspace/koch_control/install/interbotix_xs_modules/lib/python3.10/site-packages:/workspace/koch_control/install/interbotix_xs_msgs/local/lib/python3.10/dist-packages:/workspace/koch_control/build/interbotix_common_modules:/workspace/koch_control/install/interbotix_common_modules/lib/python3.10/site-packages:${PYTHONPATH} /usr/bin/cmake --install /workspace/koch_control/build/interbotix_xsarm_gravity_compensation
[1.430s] Level 1:colcon.colcon_core.environment:checking '/workspace/koch_control/install/interbotix_xsarm_gravity_compensation' for CMake config files
[1.430s] Level 1:colcon.colcon_core.shell:create_environment_hook('interbotix_xsarm_gravity_compensation', 'cmake_prefix_path')
[1.430s] INFO:colcon.colcon_core.shell:Creating environment hook '/workspace/koch_control/install/interbotix_xsarm_gravity_compensation/share/interbotix_xsarm_gravity_compensation/hook/cmake_prefix_path.ps1'
[1.431s] INFO:colcon.colcon_core.shell:Creating environment descriptor '/workspace/koch_control/install/interbotix_xsarm_gravity_compensation/share/interbotix_xsarm_gravity_compensation/hook/cmake_prefix_path.dsv'
[1.431s] INFO:colcon.colcon_core.shell:Creating environment hook '/workspace/koch_control/install/interbotix_xsarm_gravity_compensation/share/interbotix_xsarm_gravity_compensation/hook/cmake_prefix_path.sh'
[1.431s] Level 1:colcon.colcon_core.environment:checking '/workspace/koch_control/install/interbotix_xsarm_gravity_compensation/bin'
[1.431s] Level 1:colcon.colcon_core.environment:checking '/workspace/koch_control/install/interbotix_xsarm_gravity_compensation/lib/pkgconfig/interbotix_xsarm_gravity_compensation.pc'
[1.431s] Level 1:colcon.colcon_core.environment:checking '/workspace/koch_control/install/interbotix_xsarm_gravity_compensation/lib/python3.10/site-packages'
[1.431s] Level 1:colcon.colcon_core.environment:checking '/workspace/koch_control/install/interbotix_xsarm_gravity_compensation/bin'
[1.431s] INFO:colcon.colcon_core.shell:Creating package script '/workspace/koch_control/install/interbotix_xsarm_gravity_compensation/share/interbotix_xsarm_gravity_compensation/package.ps1'
[1.432s] INFO:colcon.colcon_core.shell:Creating package descriptor '/workspace/koch_control/install/interbotix_xsarm_gravity_compensation/share/interbotix_xsarm_gravity_compensation/package.dsv'
[1.432s] INFO:colcon.colcon_core.shell:Creating package script '/workspace/koch_control/install/interbotix_xsarm_gravity_compensation/share/interbotix_xsarm_gravity_compensation/package.sh'
[1.432s] INFO:colcon.colcon_core.shell:Creating package script '/workspace/koch_control/install/interbotix_xsarm_gravity_compensation/share/interbotix_xsarm_gravity_compensation/package.bash'
[1.432s] INFO:colcon.colcon_core.shell:Creating package script '/workspace/koch_control/install/interbotix_xsarm_gravity_compensation/share/interbotix_xsarm_gravity_compensation/package.zsh'
[1.432s] Level 1:colcon.colcon_core.environment:create_file_with_runtime_dependencies(/workspace/koch_control/install/interbotix_xsarm_gravity_compensation/share/colcon-core/packages/interbotix_xsarm_gravity_compensation)
[1.433s] Level 1:colcon.colcon_core.environment:create_environment_scripts_only(interbotix_xsarm_gravity_compensation)
[1.433s] Level 1:colcon.colcon_core.environment:checking '/workspace/koch_control/install/interbotix_xsarm_gravity_compensation' for CMake module files
[1.433s] Level 1:colcon.colcon_core.environment:checking '/workspace/koch_control/install/interbotix_xsarm_gravity_compensation' for CMake config files
[1.433s] Level 1:colcon.colcon_core.shell:create_environment_hook('interbotix_xsarm_gravity_compensation', 'cmake_prefix_path')
[1.433s] INFO:colcon.colcon_core.shell:Creating environment hook '/workspace/koch_control/install/interbotix_xsarm_gravity_compensation/share/interbotix_xsarm_gravity_compensation/hook/cmake_prefix_path.ps1'
[1.433s] INFO:colcon.colcon_core.shell:Creating environment descriptor '/workspace/koch_control/install/interbotix_xsarm_gravity_compensation/share/interbotix_xsarm_gravity_compensation/hook/cmake_prefix_path.dsv'
[1.433s] INFO:colcon.colcon_core.shell:Creating environment hook '/workspace/koch_control/install/interbotix_xsarm_gravity_compensation/share/interbotix_xsarm_gravity_compensation/hook/cmake_prefix_path.sh'
[1.434s] Level 1:colcon.colcon_core.environment:checking '/workspace/koch_control/install/interbotix_xsarm_gravity_compensation/bin'
[1.434s] Level 1:colcon.colcon_core.environment:checking '/workspace/koch_control/install/interbotix_xsarm_gravity_compensation/lib/pkgconfig/interbotix_xsarm_gravity_compensation.pc'
[1.434s] Level 1:colcon.colcon_core.environment:checking '/workspace/koch_control/install/interbotix_xsarm_gravity_compensation/lib/python3.10/site-packages'
[1.434s] Level 1:colcon.colcon_core.environment:checking '/workspace/koch_control/install/interbotix_xsarm_gravity_compensation/bin'
[1.434s] INFO:colcon.colcon_core.shell:Creating package script '/workspace/koch_control/install/interbotix_xsarm_gravity_compensation/share/interbotix_xsarm_gravity_compensation/package.ps1'
[1.434s] INFO:colcon.colcon_core.shell:Creating package descriptor '/workspace/koch_control/install/interbotix_xsarm_gravity_compensation/share/interbotix_xsarm_gravity_compensation/package.dsv'
[1.434s] INFO:colcon.colcon_core.shell:Creating package script '/workspace/koch_control/install/interbotix_xsarm_gravity_compensation/share/interbotix_xsarm_gravity_compensation/package.sh'
[1.434s] INFO:colcon.colcon_core.shell:Creating package script '/workspace/koch_control/install/interbotix_xsarm_gravity_compensation/share/interbotix_xsarm_gravity_compensation/package.bash'
[1.435s] INFO:colcon.colcon_core.shell:Creating package script '/workspace/koch_control/install/interbotix_xsarm_gravity_compensation/share/interbotix_xsarm_gravity_compensation/package.zsh'
[1.435s] Level 1:colcon.colcon_core.environment:create_file_with_runtime_dependencies(/workspace/koch_control/install/interbotix_xsarm_gravity_compensation/share/colcon-core/packages/interbotix_xsarm_gravity_compensation)
[1.439s] Level 1:colcon.colcon_core.environment:create_environment_scripts_only(interbotix_xsarm_dual)
[1.439s] Level 1:colcon.colcon_core.environment:checking '/workspace/koch_control/install/interbotix_xsarm_dual' for CMake module files
[1.439s] DEBUG:colcon.colcon_core.event_handler.log_command:Invoked command in '/workspace/koch_control/build/interbotix_xsarm_dual' returned '0': AMENT_PREFIX_PATH=/workspace/koch_control/install/interbotix_xsarm_descriptions:/workspace/koch_control/install/interbotix_xs_modules:/workspace/koch_control/install/interbotix_xs_sdk:/workspace/koch_control/install/interbotix_xs_driver:/workspace/koch_control/install/interbotix_xs_msgs:/workspace/koch_control/install/interbotix_common_modules:/workspace/koch_control/install/dynamixel_workbench_toolbox:${AMENT_PREFIX_PATH} CMAKE_PREFIX_PATH=/workspace/koch_control/install/interbotix_xsarm_descriptions:/workspace/koch_control/install/interbotix_xs_sdk:/workspace/koch_control/install/interbotix_xs_driver:/workspace/koch_control/install/interbotix_xs_msgs:/workspace/koch_control/install/dynamixel_workbench_toolbox:/opt/ros/humble LD_LIBRARY_PATH=/workspace/koch_control/install/interbotix_xs_driver/lib:/workspace/koch_control/install/interbotix_xs_msgs/lib:/workspace/koch_control/install/dynamixel_workbench_toolbox/lib:${LD_LIBRARY_PATH} PYTHONPATH=/workspace/koch_control/build/interbotix_xs_modules:/workspace/koch_control/install/interbotix_xs_modules/lib/python3.10/site-packages:/workspace/koch_control/install/interbotix_xs_msgs/local/lib/python3.10/dist-packages:/workspace/koch_control/build/interbotix_common_modules:/workspace/koch_control/install/interbotix_common_modules/lib/python3.10/site-packages:${PYTHONPATH} /usr/bin/cmake --install /workspace/koch_control/build/interbotix_xsarm_dual
[1.439s] Level 1:colcon.colcon_core.environment:checking '/workspace/koch_control/install/interbotix_xsarm_dual' for CMake config files
[1.439s] Level 1:colcon.colcon_core.shell:create_environment_hook('interbotix_xsarm_dual', 'cmake_prefix_path')
[1.440s] INFO:colcon.colcon_core.shell:Creating environment hook '/workspace/koch_control/install/interbotix_xsarm_dual/share/interbotix_xsarm_dual/hook/cmake_prefix_path.ps1'
[1.440s] INFO:colcon.colcon_core.shell:Creating environment descriptor '/workspace/koch_control/install/interbotix_xsarm_dual/share/interbotix_xsarm_dual/hook/cmake_prefix_path.dsv'
[1.440s] INFO:colcon.colcon_core.shell:Creating environment hook '/workspace/koch_control/install/interbotix_xsarm_dual/share/interbotix_xsarm_dual/hook/cmake_prefix_path.sh'
[1.440s] Level 1:colcon.colcon_core.environment:checking '/workspace/koch_control/install/interbotix_xsarm_dual/lib'
[1.440s] Level 1:colcon.colcon_core.environment:checking '/workspace/koch_control/install/interbotix_xsarm_dual/bin'
[1.440s] Level 1:colcon.colcon_core.environment:checking '/workspace/koch_control/install/interbotix_xsarm_dual/lib/pkgconfig/interbotix_xsarm_dual.pc'
[1.440s] Level 1:colcon.colcon_core.environment:checking '/workspace/koch_control/install/interbotix_xsarm_dual/lib/python3.10/site-packages'
[1.440s] Level 1:colcon.colcon_core.environment:checking '/workspace/koch_control/install/interbotix_xsarm_dual/bin'
[1.441s] INFO:colcon.colcon_core.shell:Creating package script '/workspace/koch_control/install/interbotix_xsarm_dual/share/interbotix_xsarm_dual/package.ps1'
[1.441s] INFO:colcon.colcon_core.shell:Creating package descriptor '/workspace/koch_control/install/interbotix_xsarm_dual/share/interbotix_xsarm_dual/package.dsv'
[1.441s] INFO:colcon.colcon_core.shell:Creating package script '/workspace/koch_control/install/interbotix_xsarm_dual/share/interbotix_xsarm_dual/package.sh'
[1.441s] INFO:colcon.colcon_core.shell:Creating package script '/workspace/koch_control/install/interbotix_xsarm_dual/share/interbotix_xsarm_dual/package.bash'
[1.441s] INFO:colcon.colcon_core.shell:Creating package script '/workspace/koch_control/install/interbotix_xsarm_dual/share/interbotix_xsarm_dual/package.zsh'
[1.441s] Level 1:colcon.colcon_core.environment:create_file_with_runtime_dependencies(/workspace/koch_control/install/interbotix_xsarm_dual/share/colcon-core/packages/interbotix_xsarm_dual)
[1.442s] Level 1:colcon.colcon_core.environment:create_environment_scripts_only(interbotix_xsarm_dual)
[1.442s] Level 1:colcon.colcon_core.environment:checking '/workspace/koch_control/install/interbotix_xsarm_dual' for CMake module files
[1.442s] Level 1:colcon.colcon_core.environment:checking '/workspace/koch_control/install/interbotix_xsarm_dual' for CMake config files
[1.442s] Level 1:colcon.colcon_core.shell:create_environment_hook('interbotix_xsarm_dual', 'cmake_prefix_path')
[1.442s] INFO:colcon.colcon_core.shell:Creating environment hook '/workspace/koch_control/install/interbotix_xsarm_dual/share/interbotix_xsarm_dual/hook/cmake_prefix_path.ps1'
[1.442s] INFO:colcon.colcon_core.shell:Creating environment descriptor '/workspace/koch_control/install/interbotix_xsarm_dual/share/interbotix_xsarm_dual/hook/cmake_prefix_path.dsv'
[1.442s] INFO:colcon.colcon_core.shell:Creating environment hook '/workspace/koch_control/install/interbotix_xsarm_dual/share/interbotix_xsarm_dual/hook/cmake_prefix_path.sh'
[1.442s] Level 1:colcon.colcon_core.environment:checking '/workspace/koch_control/install/interbotix_xsarm_dual/lib'
[1.443s] Level 1:colcon.colcon_core.environment:checking '/workspace/koch_control/install/interbotix_xsarm_dual/bin'
[1.443s] Level 1:colcon.colcon_core.environment:checking '/workspace/koch_control/install/interbotix_xsarm_dual/lib/pkgconfig/interbotix_xsarm_dual.pc'
[1.443s] Level 1:colcon.colcon_core.environment:checking '/workspace/koch_control/install/interbotix_xsarm_dual/lib/python3.10/site-packages'
[1.443s] Level 1:colcon.colcon_core.environment:checking '/workspace/koch_control/install/interbotix_xsarm_dual/bin'
[1.443s] INFO:colcon.colcon_core.shell:Creating package script '/workspace/koch_control/install/interbotix_xsarm_dual/share/interbotix_xsarm_dual/package.ps1'
[1.443s] INFO:colcon.colcon_core.shell:Creating package descriptor '/workspace/koch_control/install/interbotix_xsarm_dual/share/interbotix_xsarm_dual/package.dsv'
[1.443s] INFO:colcon.colcon_core.shell:Creating package script '/workspace/koch_control/install/interbotix_xsarm_dual/share/interbotix_xsarm_dual/package.sh'
[1.443s] INFO:colcon.colcon_core.shell:Creating package script '/workspace/koch_control/install/interbotix_xsarm_dual/share/interbotix_xsarm_dual/package.bash'
[1.444s] INFO:colcon.colcon_core.shell:Creating package script '/workspace/koch_control/install/interbotix_xsarm_dual/share/interbotix_xsarm_dual/package.zsh'
[1.444s] Level 1:colcon.colcon_core.environment:create_file_with_runtime_dependencies(/workspace/koch_control/install/interbotix_xsarm_dual/share/colcon-core/packages/interbotix_xsarm_dual)
[1.473s] Level 1:colcon.colcon_core.environment:create_environment_scripts_only(interbotix_xsarm_ros_control)
[1.474s] Level 1:colcon.colcon_core.environment:checking '/workspace/koch_control/install/interbotix_xsarm_ros_control' for CMake module files
[1.474s] DEBUG:colcon.colcon_core.event_handler.log_command:Invoked command in '/workspace/koch_control/build/interbotix_xsarm_ros_control' returned '0': AMENT_PREFIX_PATH=/workspace/koch_control/install/interbotix_xsarm_descriptions:/workspace/koch_control/install/interbotix_xs_modules:/workspace/koch_control/install/interbotix_xs_sdk:/workspace/koch_control/install/interbotix_xs_ros_control:/workspace/koch_control/install/interbotix_xs_driver:/workspace/koch_control/install/interbotix_xs_msgs:/workspace/koch_control/install/interbotix_common_modules:/workspace/koch_control/install/dynamixel_workbench_toolbox:${AMENT_PREFIX_PATH} CMAKE_PREFIX_PATH=/workspace/koch_control/install/interbotix_xsarm_descriptions:/workspace/koch_control/install/interbotix_xs_sdk:/workspace/koch_control/install/interbotix_xs_ros_control:/workspace/koch_control/install/interbotix_xs_driver:/workspace/koch_control/install/interbotix_xs_msgs:/workspace/koch_control/install/dynamixel_workbench_toolbox:/opt/ros/humble LD_LIBRARY_PATH=/workspace/koch_control/install/interbotix_xs_ros_control/lib:/workspace/koch_control/install/interbotix_xs_driver/lib:/workspace/koch_control/install/interbotix_xs_msgs/lib:/workspace/koch_control/install/dynamixel_workbench_toolbox/lib:${LD_LIBRARY_PATH} PYTHONPATH=/workspace/koch_control/build/interbotix_xs_modules:/workspace/koch_control/install/interbotix_xs_modules/lib/python3.10/site-packages:/workspace/koch_control/install/interbotix_xs_msgs/local/lib/python3.10/dist-packages:/workspace/koch_control/build/interbotix_common_modules:/workspace/koch_control/install/interbotix_common_modules/lib/python3.10/site-packages:${PYTHONPATH} /usr/bin/cmake --install /workspace/koch_control/build/interbotix_xsarm_ros_control
[1.474s] Level 1:colcon.colcon_core.environment:checking '/workspace/koch_control/install/interbotix_xsarm_ros_control' for CMake config files
[1.474s] Level 1:colcon.colcon_core.shell:create_environment_hook('interbotix_xsarm_ros_control', 'cmake_prefix_path')
[1.474s] INFO:colcon.colcon_core.shell:Creating environment hook '/workspace/koch_control/install/interbotix_xsarm_ros_control/share/interbotix_xsarm_ros_control/hook/cmake_prefix_path.ps1'
[1.475s] INFO:colcon.colcon_core.shell:Creating environment descriptor '/workspace/koch_control/install/interbotix_xsarm_ros_control/share/interbotix_xsarm_ros_control/hook/cmake_prefix_path.dsv'
[1.475s] INFO:colcon.colcon_core.shell:Creating environment hook '/workspace/koch_control/install/interbotix_xsarm_ros_control/share/interbotix_xsarm_ros_control/hook/cmake_prefix_path.sh'
[1.475s] Level 1:colcon.colcon_core.environment:checking '/workspace/koch_control/install/interbotix_xsarm_ros_control/bin'
[1.475s] Level 1:colcon.colcon_core.environment:checking '/workspace/koch_control/install/interbotix_xsarm_ros_control/lib/pkgconfig/interbotix_xsarm_ros_control.pc'
[1.475s] Level 1:colcon.colcon_core.environment:checking '/workspace/koch_control/install/interbotix_xsarm_ros_control/lib/python3.10/site-packages'
[1.475s] Level 1:colcon.colcon_core.environment:checking '/workspace/koch_control/install/interbotix_xsarm_ros_control/bin'
[1.475s] INFO:colcon.colcon_core.shell:Creating package script '/workspace/koch_control/install/interbotix_xsarm_ros_control/share/interbotix_xsarm_ros_control/package.ps1'
[1.476s] INFO:colcon.colcon_core.shell:Creating package descriptor '/workspace/koch_control/install/interbotix_xsarm_ros_control/share/interbotix_xsarm_ros_control/package.dsv'
[1.476s] INFO:colcon.colcon_core.shell:Creating package script '/workspace/koch_control/install/interbotix_xsarm_ros_control/share/interbotix_xsarm_ros_control/package.sh'
[1.476s] INFO:colcon.colcon_core.shell:Creating package script '/workspace/koch_control/install/interbotix_xsarm_ros_control/share/interbotix_xsarm_ros_control/package.bash'
[1.476s] INFO:colcon.colcon_core.shell:Creating package script '/workspace/koch_control/install/interbotix_xsarm_ros_control/share/interbotix_xsarm_ros_control/package.zsh'
[1.476s] Level 1:colcon.colcon_core.environment:create_file_with_runtime_dependencies(/workspace/koch_control/install/interbotix_xsarm_ros_control/share/colcon-core/packages/interbotix_xsarm_ros_control)
[1.477s] Level 1:colcon.colcon_core.environment:create_environment_scripts_only(interbotix_xsarm_ros_control)
[1.477s] Level 1:colcon.colcon_core.environment:checking '/workspace/koch_control/install/interbotix_xsarm_ros_control' for CMake module files
[1.477s] Level 1:colcon.colcon_core.environment:checking '/workspace/koch_control/install/interbotix_xsarm_ros_control' for CMake config files
[1.477s] Level 1:colcon.colcon_core.shell:create_environment_hook('interbotix_xsarm_ros_control', 'cmake_prefix_path')
[1.477s] INFO:colcon.colcon_core.shell:Creating environment hook '/workspace/koch_control/install/interbotix_xsarm_ros_control/share/interbotix_xsarm_ros_control/hook/cmake_prefix_path.ps1'
[1.477s] INFO:colcon.colcon_core.shell:Creating environment descriptor '/workspace/koch_control/install/interbotix_xsarm_ros_control/share/interbotix_xsarm_ros_control/hook/cmake_prefix_path.dsv'
[1.477s] INFO:colcon.colcon_core.shell:Creating environment hook '/workspace/koch_control/install/interbotix_xsarm_ros_control/share/interbotix_xsarm_ros_control/hook/cmake_prefix_path.sh'
[1.478s] Level 1:colcon.colcon_core.environment:checking '/workspace/koch_control/install/interbotix_xsarm_ros_control/bin'
[1.478s] Level 1:colcon.colcon_core.environment:checking '/workspace/koch_control/install/interbotix_xsarm_ros_control/lib/pkgconfig/interbotix_xsarm_ros_control.pc'
[1.478s] Level 1:colcon.colcon_core.environment:checking '/workspace/koch_control/install/interbotix_xsarm_ros_control/lib/python3.10/site-packages'
[1.478s] Level 1:colcon.colcon_core.environment:checking '/workspace/koch_control/install/interbotix_xsarm_ros_control/bin'
[1.478s] INFO:colcon.colcon_core.shell:Creating package script '/workspace/koch_control/install/interbotix_xsarm_ros_control/share/interbotix_xsarm_ros_control/package.ps1'
[1.478s] INFO:colcon.colcon_core.shell:Creating package descriptor '/workspace/koch_control/install/interbotix_xsarm_ros_control/share/interbotix_xsarm_ros_control/package.dsv'
[1.478s] INFO:colcon.colcon_core.shell:Creating package script '/workspace/koch_control/install/interbotix_xsarm_ros_control/share/interbotix_xsarm_ros_control/package.sh'
[1.478s] INFO:colcon.colcon_core.shell:Creating package script '/workspace/koch_control/install/interbotix_xsarm_ros_control/share/interbotix_xsarm_ros_control/package.bash'
[1.479s] INFO:colcon.colcon_core.shell:Creating package script '/workspace/koch_control/install/interbotix_xsarm_ros_control/share/interbotix_xsarm_ros_control/package.zsh'
[1.479s] Level 1:colcon.colcon_core.environment:create_file_with_runtime_dependencies(/workspace/koch_control/install/interbotix_xsarm_ros_control/share/colcon-core/packages/interbotix_xsarm_ros_control)
[1.479s] INFO:colcon.colcon_ros.task.ament_cmake.build:Building ROS package in '/workspace/koch_control/interbotix_ros_manipulators/interbotix_ros_xsarms/interbotix_ros_xsarms' with build type 'ament_cmake'
[1.479s] INFO:colcon.colcon_cmake.task.cmake.build:Building CMake package in '/workspace/koch_control/interbotix_ros_manipulators/interbotix_ros_xsarms/interbotix_ros_xsarms'
[1.479s] INFO:colcon.colcon_core.shell:Skip shell extension 'powershell' for command environment: Not usable outside of PowerShell
[1.479s] DEBUG:colcon.colcon_core.shell:Skip shell extension 'dsv' for command environment
[1.480s] ERROR:colcon.colcon_cmake.task.cmake.build:Failed to find the following files:
- /workspace/koch_control/install/interbotix_xsarm_moveit/share/interbotix_xsarm_moveit/package.sh
Check that the following packages have been built:
- interbotix_xsarm_moveit
[1.480s] Level 1:colcon.colcon_core.environment:create_environment_scripts_only(interbotix_ros_xsarms)
[1.480s] Level 1:colcon.colcon_core.environment:checking '/workspace/koch_control/install/interbotix_ros_xsarms' for CMake module files
[1.480s] Level 1:colcon.colcon_core.environment:checking '/workspace/koch_control/install/interbotix_ros_xsarms' for CMake config files
[1.480s] Level 1:colcon.colcon_core.environment:checking '/workspace/koch_control/install/interbotix_ros_xsarms/bin'
[1.481s] Level 1:colcon.colcon_core.environment:checking '/workspace/koch_control/install/interbotix_ros_xsarms/lib/pkgconfig/interbotix_ros_xsarms.pc'
[1.481s] Level 1:colcon.colcon_core.environment:checking '/workspace/koch_control/install/interbotix_ros_xsarms/lib/python3.10/site-packages'
[1.481s] Level 1:colcon.colcon_core.environment:checking '/workspace/koch_control/install/interbotix_ros_xsarms/bin'
[1.481s] INFO:colcon.colcon_core.shell:Creating package script '/workspace/koch_control/install/interbotix_ros_xsarms/share/interbotix_ros_xsarms/package.ps1'
[1.481s] INFO:colcon.colcon_core.shell:Creating package descriptor '/workspace/koch_control/install/interbotix_ros_xsarms/share/interbotix_ros_xsarms/package.dsv'
[1.481s] INFO:colcon.colcon_core.shell:Creating package script '/workspace/koch_control/install/interbotix_ros_xsarms/share/interbotix_ros_xsarms/package.sh'
[1.481s] INFO:colcon.colcon_core.shell:Creating package script '/workspace/koch_control/install/interbotix_ros_xsarms/share/interbotix_ros_xsarms/package.bash'
[1.481s] INFO:colcon.colcon_core.shell:Creating package script '/workspace/koch_control/install/interbotix_ros_xsarms/share/interbotix_ros_xsarms/package.zsh'
[1.481s] Level 1:colcon.colcon_core.environment:create_file_with_runtime_dependencies(/workspace/koch_control/install/interbotix_ros_xsarms/share/colcon-core/packages/interbotix_ros_xsarms)
[1.481s] INFO:colcon.colcon_ros.task.ament_cmake.build:Building ROS package in '/workspace/koch_control/interbotix_ros_manipulators/interbotix_ros_xsarms/examples/interbotix_xsarm_moveit_interface' with build type 'ament_cmake'
[1.481s] INFO:colcon.colcon_cmake.task.cmake.build:Building CMake package in '/workspace/koch_control/interbotix_ros_manipulators/interbotix_ros_xsarms/examples/interbotix_xsarm_moveit_interface'
[1.482s] INFO:colcon.colcon_core.shell:Skip shell extension 'powershell' for command environment: Not usable outside of PowerShell
[1.482s] DEBUG:colcon.colcon_core.shell:Skip shell extension 'dsv' for command environment
[1.483s] ERROR:colcon.colcon_cmake.task.cmake.build:Failed to find the following files:
- /workspace/koch_control/install/interbotix_moveit_interface_msgs/share/interbotix_moveit_interface_msgs/package.sh
- /workspace/koch_control/install/interbotix_moveit_interface/share/interbotix_moveit_interface/package.sh
- /workspace/koch_control/install/interbotix_xsarm_moveit/share/interbotix_xsarm_moveit/package.sh
Check that the following packages have been built:
- interbotix_moveit_interface_msgs
- interbotix_moveit_interface
- interbotix_xsarm_moveit
[1.483s] Level 1:colcon.colcon_core.environment:create_environment_scripts_only(interbotix_xsarm_moveit_interface)
[1.483s] Level 1:colcon.colcon_core.environment:checking '/workspace/koch_control/install/interbotix_xsarm_moveit_interface' for CMake module files
[1.483s] Level 1:colcon.colcon_core.environment:checking '/workspace/koch_control/install/interbotix_xsarm_moveit_interface' for CMake config files
[1.483s] Level 1:colcon.colcon_core.environment:checking '/workspace/koch_control/install/interbotix_xsarm_moveit_interface/bin'
[1.483s] Level 1:colcon.colcon_core.environment:checking '/workspace/koch_control/install/interbotix_xsarm_moveit_interface/lib/pkgconfig/interbotix_xsarm_moveit_interface.pc'
[1.483s] Level 1:colcon.colcon_core.environment:checking '/workspace/koch_control/install/interbotix_xsarm_moveit_interface/lib/python3.10/site-packages'
[1.483s] Level 1:colcon.colcon_core.environment:checking '/workspace/koch_control/install/interbotix_xsarm_moveit_interface/bin'
[1.483s] INFO:colcon.colcon_core.shell:Creating package script '/workspace/koch_control/install/interbotix_xsarm_moveit_interface/share/interbotix_xsarm_moveit_interface/package.ps1'
[1.484s] INFO:colcon.colcon_core.shell:Creating package descriptor '/workspace/koch_control/install/interbotix_xsarm_moveit_interface/share/interbotix_xsarm_moveit_interface/package.dsv'
[1.484s] INFO:colcon.colcon_core.shell:Creating package script '/workspace/koch_control/install/interbotix_xsarm_moveit_interface/share/interbotix_xsarm_moveit_interface/package.sh'
[1.484s] INFO:colcon.colcon_core.shell:Creating package script '/workspace/koch_control/install/interbotix_xsarm_moveit_interface/share/interbotix_xsarm_moveit_interface/package.bash'
[1.484s] INFO:colcon.colcon_core.shell:Creating package script '/workspace/koch_control/install/interbotix_xsarm_moveit_interface/share/interbotix_xsarm_moveit_interface/package.zsh'
[1.484s] Level 1:colcon.colcon_core.environment:create_file_with_runtime_dependencies(/workspace/koch_control/install/interbotix_xsarm_moveit_interface/share/colcon-core/packages/interbotix_xsarm_moveit_interface)
[1.595s] DEBUG:colcon.colcon_parallel_executor.executor.parallel:closing loop
[1.595s] DEBUG:colcon.colcon_parallel_executor.executor.parallel:loop closed
[1.595s] DEBUG:colcon.colcon_parallel_executor.executor.parallel:run_until_complete finished with '1'
[1.595s] DEBUG:colcon.colcon_core.event_reactor:joining thread
[1.600s] INFO:colcon.colcon_core.plugin_system:Skipping extension 'colcon_notification.desktop_notification.notify_send': Could not find 'notify-send'
[1.600s] INFO:colcon.colcon_core.plugin_system:Skipping extension 'colcon_notification.desktop_notification.terminal_notifier': Not used on non-Darwin systems
[1.600s] INFO:colcon.colcon_core.plugin_system:Skipping extension 'colcon_notification.desktop_notification.win32': Not used on non-Windows systems
[1.600s] INFO:colcon.colcon_notification.desktop_notification:Sending desktop notification using 'notify2'
[1.601s] DEBUG:colcon.colcon_notification.desktop_notification.notify2:Failed to initialize notify2: org.freedesktop.DBus.Error.Spawn.ExecFailed: /usr/bin/dbus-launch terminated abnormally without any error message
[1.601s] DEBUG:colcon.colcon_core.event_reactor:joined thread
[1.602s] INFO:colcon.colcon_core.shell:Creating prefix script '/workspace/koch_control/install/local_setup.ps1'
[1.602s] INFO:colcon.colcon_core.shell:Creating prefix util module '/workspace/koch_control/install/_local_setup_util_ps1.py'
[1.603s] INFO:colcon.colcon_core.shell:Creating prefix chain script '/workspace/koch_control/install/setup.ps1'
[1.603s] INFO:colcon.colcon_core.shell:Creating prefix script '/workspace/koch_control/install/local_setup.sh'
[1.604s] INFO:colcon.colcon_core.shell:Creating prefix util module '/workspace/koch_control/install/_local_setup_util_sh.py'
[1.604s] INFO:colcon.colcon_core.shell:Creating prefix chain script '/workspace/koch_control/install/setup.sh'
[1.604s] INFO:colcon.colcon_core.shell:Creating prefix script '/workspace/koch_control/install/local_setup.bash'
[1.604s] INFO:colcon.colcon_core.shell:Creating prefix chain script '/workspace/koch_control/install/setup.bash'
[1.605s] INFO:colcon.colcon_core.shell:Creating prefix script '/workspace/koch_control/install/local_setup.zsh'
[1.605s] INFO:colcon.colcon_core.shell:Creating prefix chain script '/workspace/koch_control/install/setup.zsh'
